{"type": "FeatureCollection", "name": "baoji-corridor-rivers", "features": [{"type": "Feature", "properties": {"id": "OSM_南河", "name": "南河", "source": "OSM", "waterway": "river", "chainage_km": 0.0}, "geometry": {"type": "LineString", "coordinates": [[105.955122, 32.376372], [105.9536736, 32.3766346], [105.9516978, 32.3788923], [105.9507768, 32.3808117], [105.9488886, 32.3867372], [105.9467857, 32.3890384], [105.9439962, 32.3898718], [105.937171, 32.3933612], [105.9354436, 32.3939772], [105.9337824, 32.3938399], [105.9295123, 32.3917925], [105.92803, 32.3913772], [105.9265444, 32.39146], [105.9235822, 32.3922763], [105.9219377, 32.393849], [105.9201051, 32.3980688], [105.9186762, 32.4013588], [105.9169595, 32.4028263], [105.913698, 32.4045654], [105.9119078, 32.4049529], [105.9077113, 32.4062683], [105.9042566, 32.4086234], [105.903151, 32.4100727], [105.9021928, 32.4123198], [105.9000724, 32.4158169], [105.8979852, 32.4180691], [105.896961, 32.4184596], [105.8960168, 32.4180793], [105.8918326, 32.4136549], [105.8908224, 32.4131038], [105.8894937, 32.4128261], [105.8890039, 32.4128865], [105.8882958, 32.4131038], [105.8877341, 32.4133696], [105.8859676, 32.4146028], [105.8842742, 32.4163765], [105.8829062, 32.4194513], [105.8815115, 32.4255916], [105.8803957, 32.4269817], [105.877692, 32.4287747], [105.8744421, 32.4292258], [105.8714907, 32.4284592], [105.8704393, 32.4281861], [105.8628862, 32.425578], [105.8579282, 32.4246006], [105.8527952, 32.4236132], [105.8496869, 32.4241158], [105.8428005, 32.4270185], [105.8409444, 32.4284585], [105.8380155, 32.4314105], [105.8347646, 32.4351685], [105.8329085, 32.4362279], [105.8310735, 32.4365638], [105.8295182, 32.4362008], [105.8237676, 32.4325696], [105.819991, 32.4314105], [105.8175878, 32.4304412], [105.8165849, 32.4296456], [105.8154354, 32.428339]]}}, {"type": "Feature", "properties": {"id": "OSM_嘉陵江", "name": "嘉陵江", "source": "OSM", "waterway": "river", "chainage_km": 88.9}, "geometry": {"type": "LineString", "coordinates": [[106.0585148, 33.1280787], [106.0592008, 33.126671], [106.0594475, 33.1259163], [106.0595333, 33.1255479], [106.0595655, 33.1251705], [106.0595441, 33.1248021], [106.0593402, 33.1244337], [106.0589969, 33.1241372], [106.0586107, 33.1239126], [106.0581601, 33.1237688], [106.0577309, 33.1237059], [106.0572481, 33.123643], [106.0544371, 33.1239036], [106.0500705, 33.1245326], [106.0495448, 33.1245775], [106.0486007, 33.1245955], [106.0481501, 33.1245865], [106.047678, 33.1245595], [106.0472059, 33.1245146], [106.0458434, 33.1244247], [106.0444969, 33.1242989], [106.0417879, 33.1240249], [106.0412514, 33.1238721], [106.0405755, 33.1236879], [106.0401195, 33.1234453], [106.0397333, 33.1231578], [106.0394543, 33.1229422], [106.0391593, 33.1225962], [106.0387945, 33.1221604], [106.0385531, 33.1217022], [106.0384405, 33.1212484], [106.0384834, 33.1207317], [106.0387301, 33.1202105], [106.0392988, 33.1195905], [106.0396045, 33.119276], [106.0401624, 33.1189391], [106.0407847, 33.1188043], [106.0415089, 33.1187683], [106.042217, 33.1188582], [106.0428232, 33.1188852], [106.0432255, 33.1188267], [106.0436547, 33.1186425], [106.0450923, 33.1179506], [106.0462564, 33.1174474], [106.0469913, 33.117088], [106.0476458, 33.1166117], [106.0482359, 33.1161534], [106.0489976, 33.1154255], [106.0516798, 33.1120961], [106.0545337, 33.1087261], [106.0547376, 33.1084026], [106.0548878, 33.1080161], [106.054995, 33.1076117], [106.0550702, 33.1072253], [106.0551131, 33.1068119], [106.0551774, 33.1064075], [106.0552633, 33.1059941], [106.055392, 33.1052122], [106.055789, 33.1032529], [106.0560143, 33.102507], [106.0561538, 33.1021385], [106.0563469, 33.101761], [106.0573661, 33.1008353], [106.059984, 33.0989029], [106.0629129, 33.09662], [106.0632455, 33.0963953], [106.0636532, 33.0962065], [106.0640824, 33.0960897], [106.0653698, 33.0955684], [106.0657561, 33.0953976], [106.0661316, 33.0951729], [106.0664749, 33.0949032], [106.0667431, 33.0946156], [106.0669792, 33.0942561], [106.0671401, 33.0938606], [106.0672259, 33.0935011], [106.0672152, 33.0931415], [106.0671937, 33.092746], [106.0670006, 33.0922786], [106.0667002, 33.0918921], [106.0659385, 33.0913798], [106.0631919, 33.0902022], [106.0606384, 33.0894022], [106.0601556, 33.0892045], [106.0597587, 33.0890247], [106.0593724, 33.088809], [106.0590184, 33.0885753], [106.0586965, 33.0883056], [106.0583961, 33.088], [106.0581386, 33.0876584], [106.0579133, 33.0873078], [106.0577845, 33.0869572], [106.0577309, 33.0865887], [106.0577524, 33.0862201], [106.0578704, 33.0858696], [106.0585999, 33.0851774], [106.0589862, 33.0849167], [106.059351, 33.0847279], [106.0597908, 33.0845571], [106.0601878, 33.0844133], [106.0611641, 33.0841167], [106.0620546, 33.0838739], [106.0629773, 33.0835953], [106.063385, 33.0834335], [106.0638034, 33.0832447], [106.064533, 33.0827952], [106.0648763, 33.0825345], [106.0651982, 33.0822558], [106.0654986, 33.0819412], [106.0658097, 33.0816625], [106.0661638, 33.0814018], [106.0665178, 33.0811861], [106.0668933, 33.0809973], [106.0673439, 33.0808624], [106.0677838, 33.0807995], [106.0682237, 33.0807905], [106.0686636, 33.0808265], [106.0691249, 33.0808804], [106.0695648, 33.0809703], [106.0700261, 33.0811141], [106.0735774, 33.0831368], [106.0745323, 33.0835863], [106.076839, 33.0844582], [106.0782123, 33.0848538], [106.0789847, 33.0849661], [106.0792744, 33.0849886], [106.0795265, 33.0849931], [106.0797894, 33.0849751], [106.0800093, 33.0848987], [106.080181, 33.0847774], [106.0803527, 33.0845796], [106.0804546, 33.0844088], [106.080535, 33.0842335], [106.0805887, 33.0840402], [106.080578, 33.0838515], [106.0803741, 33.0827368], [106.0802818, 33.0822792], [106.0802241, 33.0820678], [106.0799181, 33.0810962], [106.0797679, 33.0804309], [106.0797572, 33.0798466], [106.080122, 33.077698], [106.0806155, 33.0763675], [106.0808408, 33.0760528], [106.0811734, 33.0757651], [106.0815865, 33.0755449], [106.0820156, 33.075419], [106.0825467, 33.0753471], [106.0830778, 33.075392], [106.083625, 33.075437], [106.0841587, 33.0755067], [106.0846013, 33.0754662], [106.0848749, 33.0753516], [106.0851484, 33.0751897], [106.0853952, 33.0751156], [106.0860872, 33.0750729], [106.086629, 33.0751088], [106.087085, 33.0750864], [106.0875946, 33.0750998], [106.0881096, 33.0751763], [106.0886246, 33.0752707], [106.0891825, 33.075428], [106.0900462, 33.0757696], [106.0911673, 33.0761045], [106.0917628, 33.0762416], [106.0933828, 33.0764214], [106.0944879, 33.076381], [106.0952979, 33.0762146], [106.0956305, 33.0759854], [106.0958344, 33.0757247], [106.0959899, 33.0752931], [106.0960436, 33.0750774], [106.0960007, 33.0748571], [106.0958746, 33.0745851], [106.0956681, 33.0744391], [106.0954669, 33.0743649], [106.095196, 33.0742952], [106.0949466, 33.0742435], [106.0947964, 33.0741693], [106.0946166, 33.0740345], [106.0944557, 33.0738007], [106.0942465, 33.0731175], [106.0937852, 33.0718947], [106.093061, 33.0709283], [106.0924172, 33.0702719], [106.0916287, 33.0695032], [106.0909688, 33.0689278], [106.0895097, 33.0675567], [106.0891664, 33.0672195], [106.0889143, 33.0668868], [106.0886943, 33.0665137], [106.0881686, 33.0655876], [106.0876429, 33.0645581], [106.0871547, 33.0633218], [106.0863769, 33.0614201], [106.0862911, 33.0610334], [106.0862964, 33.0606198], [106.0864198, 33.0599139], [106.0865459, 33.0593362], [106.0866317, 33.058754], [106.0866612, 33.0583134], [106.0866398, 33.0579492], [106.0866103, 33.057603], [106.0865915, 33.0572838], [106.0866371, 33.0566656], [106.0866424, 33.0564835], [106.0866478, 33.0558585], [106.0866559, 33.0554876], [106.0866532, 33.0551976], [106.0865566, 33.054966], [106.0864252, 33.0547794], [106.0861811, 33.0545816], [106.0858378, 33.0543411], [106.0853496, 33.0539948], [106.0842848, 33.0531068], [106.083051, 33.0521739], [106.0823643, 33.0513128], [106.0806638, 33.0491051], [106.0798001, 33.0478416], [106.0785395, 33.0464431], [106.0783303, 33.0461059], [106.0781425, 33.0457641], [106.0780513, 33.0454898], [106.0779172, 33.0448603], [106.0779065, 33.0441903], [106.0779923, 33.0436642], [106.0783464, 33.0426996], [106.0785127, 33.041146], [106.0786629, 33.0395181], [106.0786521, 33.0391403], [106.0786092, 33.0387626], [106.0784912, 33.0383758], [106.0782713, 33.0377372], [106.0781693, 33.0371841], [106.0781264, 33.036559], [106.0782391, 33.035844], [106.0785234, 33.03494], [106.0786951, 33.0343734], [106.0787862, 33.0338562], [106.078797, 33.0335189], [106.0787594, 33.0330962], [106.0786682, 33.032534], [106.0784054, 33.0318189], [106.0764742, 33.0275553], [106.0741889, 33.0224819], [106.0725582, 33.0203634], [106.0720539, 33.0199451], [106.071555, 33.0195853], [106.0712707, 33.0194323], [106.070863, 33.0192794], [106.0703802, 33.0192074], [106.0699296, 33.0191895], [106.0695004, 33.0191984], [106.0689855, 33.0192524], [106.0685563, 33.0193334], [106.0681379, 33.0194503], [106.0677087, 33.0195943], [106.0672259, 33.0196752], [106.066786, 33.0196572], [106.0663462, 33.0196213], [106.0658955, 33.0195493], [106.0654342, 33.0194413], [106.0650372, 33.0192344], [106.0645759, 33.0189466], [106.0641146, 33.0186047], [106.0636854, 33.0181459], [106.0634279, 33.0178041], [106.0631731, 33.0172958], [106.0630792, 33.0168729], [106.0630363, 33.0161195], [106.0631195, 33.0149882], [106.0634118, 33.0121363], [106.0639483, 33.010166], [106.0640448, 33.0096757], [106.0640234, 33.0092933], [106.0639697, 33.0089469], [106.0638142, 33.0085196], [106.0636479, 33.0082226], [106.0634172, 33.0078538], [106.0632133, 33.0075029], [106.0629666, 33.00717], [106.0626662, 33.0068731], [106.0623336, 33.0065942], [106.0619473, 33.0063872], [106.0615182, 33.0062073], [106.0606813, 33.0058924], [106.0556924, 33.0047947], [106.0552204, 33.0047047], [106.0543942, 33.0044168], [106.0539865, 33.0042368], [106.052683, 33.0033866], [106.0513902, 33.0022753], [106.051138, 33.0019199], [106.0508752, 33.0012541], [106.0508162, 33.0003723], [106.0508913, 32.9998279], [106.0511649, 32.9990541], [106.0517335, 32.9982915], [106.0527688, 32.9970025], [106.0536325, 32.9962332], [106.0541689, 32.9961027], [106.0546195, 32.9961117], [106.0548449, 32.9961387], [106.0550862, 32.9961927], [106.0559606, 32.9966336], [106.0563576, 32.9968406], [106.0567546, 32.9970655], [106.0571623, 32.9972725], [106.0575914, 32.9973625], [106.0580742, 32.9974074], [106.0585356, 32.9973715], [106.0589754, 32.9972995], [106.0594475, 32.9972455], [106.0598874, 32.9971645], [106.0603058, 32.9970295], [106.0607242, 32.9968226], [106.0610783, 32.9965976], [106.0613572, 32.9962827], [106.0618508, 32.9950229], [106.0622156, 32.9932502], [106.0622477, 32.9928812], [106.0623228, 32.9919634], [106.0624087, 32.9913874], [106.0633314, 32.9875898], [106.0634172, 32.9871759], [106.0634816, 32.9867709], [106.0635245, 32.9863749], [106.0635459, 32.985979], [106.0634708, 32.9841431], [106.0633635, 32.9837111], [106.0632455, 32.9833421], [106.0630953, 32.9829371], [106.0620654, 32.9810202], [106.0611856, 32.9799402], [106.060574, 32.9791302], [106.0600912, 32.9781761], [106.0595655, 32.9767091], [106.0579348, 32.9718668], [106.057409, 32.9701836], [106.0569584, 32.9686714], [106.0562074, 32.9676183], [106.0552633, 32.9667362], [106.0544479, 32.9662771], [106.0539222, 32.9660701], [106.0536593, 32.9658135], [106.0533535, 32.9653139], [106.0530424, 32.9649314], [106.0526454, 32.9645848], [106.0522485, 32.9644408], [106.0518193, 32.9643598], [106.0512936, 32.9643058], [106.0500812, 32.9643148], [106.0496414, 32.9643328], [106.04918, 32.9643688], [106.0487187, 32.9644228], [106.0478282, 32.9645758], [106.0473776, 32.9646748], [106.0469162, 32.9648279], [106.0432792, 32.9671142], [106.0428607, 32.9673573], [106.0424316, 32.9674923], [106.0419702, 32.9675463], [106.0415196, 32.9675283], [106.0410368, 32.9674833], [106.0405218, 32.9674113], [106.0401142, 32.9672943], [106.0396743, 32.9671142], [106.0393202, 32.9668982], [106.0377774, 32.9662891], [106.0343957, 32.9649539], [106.0328615, 32.9646568], [106.0323572, 32.9645848], [106.031692, 32.9645488], [106.0312521, 32.9645668], [106.0307908, 32.9646208], [106.0303402, 32.9647018], [106.0299218, 32.9648279], [106.0294926, 32.9650079], [106.0261989, 32.9662051], [106.0257375, 32.9662951], [106.0253084, 32.9663401], [106.0248685, 32.9663401], [106.0244071, 32.9662861], [106.023978, 32.9661871], [106.0235166, 32.9660521], [106.0230875, 32.965854], [106.0218751, 32.9651789], [106.0214889, 32.9649359], [106.0180449, 32.9625774], [106.0174119, 32.9620013], [106.0171223, 32.9616773], [106.0170862, 32.9616292], [106.0170345, 32.9615602]]}}, {"type": "Feature", "properties": {"id": "OSM_安乐河", "name": "安乐河", "source": "OSM", "waterway": "river", "chainage_km": 28.8}, "geometry": {"type": "LineString", "coordinates": [[105.8326198, 32.6977647], [105.8329792, 32.6965612], [105.8338233, 32.6952196], [105.8345891, 32.6938911], [105.8356285, 32.6929177], [105.8365194, 32.6924902], [105.8375666, 32.6923061], [105.838012, 32.6919509], [105.8383559, 32.6907473], [105.8393875, 32.6896292], [105.8399345, 32.6885572], [105.840419, 32.6874259], [105.8417085, 32.6855842], [105.842279, 32.6850646], [105.8427948, 32.6834268], [105.8429823, 32.6825388], [105.8433496, 32.6822823], [105.8446, 32.681914], [105.845444, 32.6783817], [105.8454362, 32.6777042], [105.8455378, 32.6771056], [105.8459598, 32.6765004], [105.8458035, 32.6731192], [105.8455456, 32.6720535], [105.8464209, 32.6703365], [105.8474511, 32.6683775], [105.8481434, 32.667626], [105.848631, 32.665192], [105.8494531, 32.6636064], [105.8501162, 32.6606409], [105.8504907, 32.6597673], [105.8511929, 32.6596951], [105.8520902, 32.659787], [105.8534789, 32.6597345], [105.8560848, 32.660654], [105.8585424, 32.6612321], [105.8591666, 32.6610219], [105.8612029, 32.6594783], [105.8616086, 32.6580332], [105.862225, 32.657672], [105.8631612, 32.6577771], [105.8649401, 32.6583025], [105.8677566, 32.658493], [105.8681155, 32.6592024], [105.8695432, 32.6606212], [105.8700582, 32.6618626], [105.8711348, 32.6621779], [105.8726952, 32.6621713], [105.8741188, 32.6622589], [105.8743196, 32.6622713]]}}, {"type": "Feature", "properties": {"id": "OSM_广坪河", "name": "广坪河", "source": "OSM", "waterway": "river", "chainage_km": 19.6}, "geometry": {"type": "LineString", "coordinates": [[105.7579551, 32.6584665], [105.7560654, 32.6563601], [105.7557339, 32.6553554], [105.7570377, 32.6533832], [105.7574134, 32.6526948], [105.7567725, 32.6504249], [105.7561759, 32.6494759], [105.7545406, 32.6480246], [105.7536125, 32.6473176], [105.7540102, 32.6456801], [105.7550489, 32.6446381], [105.7568229, 32.6392589], [105.7569678, 32.6384243], [105.7578957, 32.6370386], [105.7587698, 32.636637], [105.7601559, 32.6350246], [105.7608607, 32.6336404], [105.7622971, 32.6319096], [105.7640429, 32.6315746], [105.7679543, 32.6298997], [105.7682637, 32.6291553], [105.7681974, 32.6268661], [105.7695896, 32.6253214], [105.7731695, 32.6229205], [105.7758434, 32.6217851], [105.776515, 32.6213154], [105.77735, 32.6195956], [105.7781374, 32.6181818], [105.7778102, 32.6170202], [105.7756667, 32.6123482], [105.7744512, 32.6100772], [105.7748932, 32.6075456], [105.7758434, 32.60641], [105.777766, 32.6053862], [105.7792687, 32.6055165], [105.7822299, 32.6078993], [105.7833127, 32.609798], [105.7835116, 32.611343], [105.7828911, 32.6125369], [105.7832497, 32.6139254], [105.7849529, 32.6149618], [105.7880417, 32.6157731], [105.7900238, 32.6165286], [105.790753, 32.6176268], [105.7909961, 32.6198045], [105.7912392, 32.6253323], [105.7917696, 32.6266537], [105.7928966, 32.6273795], [105.793891, 32.6276029], [105.7946202, 32.6273609], [105.7946644, 32.6246995], [105.7951948, 32.6235456], [105.7973604, 32.6221683], [105.7991062, 32.6224847], [105.8008741, 32.6244389], [105.802421, 32.6248484], [105.8048076, 32.6247181], [105.8059125, 32.6239364], [105.8056031, 32.6225405], [105.8060893, 32.6206793], [105.8081445, 32.6183713], [105.8101996, 32.6173848], [105.8127851, 32.6145555], [105.8144425, 32.6131409], [105.8191936, 32.6131967], [105.8205637, 32.6126569], [105.8207184, 32.6122846], [105.8202544, 32.609995], [105.8199497, 32.6089807], [105.8199892, 32.6067932], [105.8204753, 32.6057694], [105.8214477, 32.6054157], [105.8241779, 32.6054913], [105.8259644, 32.6057034], [105.8299114, 32.6059183], [105.8316129, 32.6062906], [105.8325324, 32.6074979], [105.8319114, 32.6087933], [105.8299065, 32.6101086], [105.8290078, 32.6106974], [105.8274092, 32.6111942], [105.8259386, 32.6131168], [105.8266629, 32.6147789], [105.8287843, 32.6161749], [105.8338449, 32.6172917], [105.8361431, 32.6177757], [105.8377039, 32.6182044], [105.8388872, 32.617739], [105.8399882, 32.6165658], [105.8407617, 32.6148906], [105.8416898, 32.6141833], [105.8444785, 32.6133092], [105.8457667, 32.6134781], [105.8466177, 32.6140343], [105.8473912, 32.6152442], [105.8475105, 32.615787], [105.8484378, 32.6165362], [105.8491982, 32.6165555], [105.8509932, 32.6160074], [105.8519655, 32.6150023], [105.8537555, 32.6136435], [105.8556395, 32.6129909]]}}, {"type": "Feature", "properties": {"id": "OSM_潜溪河", "name": "潜溪河", "source": "OSM", "waterway": "river", "chainage_km": 34.7}, "geometry": {"type": "LineString", "coordinates": [[106.0725689, 32.7102094], [106.072424, 32.709767], [106.0727513, 32.7089726], [106.0725743, 32.7082007], [106.0725367, 32.7071806], [106.0726923, 32.7065983], [106.0726654, 32.7062959], [106.0725313, 32.7061108], [106.0721719, 32.7059754], [106.070686, 32.705664], [106.0697526, 32.7052532], [106.0689425, 32.7050591], [106.0678482, 32.7049959], [106.066947, 32.7047612], [106.0660994, 32.7044632], [106.0648334, 32.7043188], [106.0629183, 32.7044362], [106.0613358, 32.7049237], [106.0587233, 32.7063049], [106.0572642, 32.7070407], [106.0568726, 32.7071084], [106.0562825, 32.7070136], [106.0556602, 32.7065261], [106.05389, 32.705849], [106.0533214, 32.7061018], [106.0527366, 32.706332], [106.0521144, 32.7063862], [106.0508645, 32.7062192], [106.0504514, 32.7060115], [106.0503173, 32.7056414], [106.0504782, 32.7050546], [106.0516047, 32.7037907], [106.051814, 32.7031587], [106.0509771, 32.7022468], [106.0507089, 32.7021069], [106.0502422, 32.7021295], [106.0483485, 32.7025493], [106.0466963, 32.7029962], [106.0462725, 32.7030233], [106.0442394, 32.7020392], [106.043483, 32.7014162], [106.0426837, 32.7011725], [106.0410798, 32.7002335], [106.0402536, 32.6992585], [106.0397065, 32.6984639], [106.0393363, 32.6981479], [106.0391754, 32.69785], [106.0393149, 32.696744], [106.0398245, 32.6953174], [106.0400605, 32.6942475], [106.0400069, 32.6932633], [106.0395241, 32.6930873], [106.0386604, 32.6926042], [106.0377377, 32.6924642], [106.036579, 32.692848], [106.0358709, 32.6939676], [106.0356831, 32.6940669], [106.0350072, 32.6941346], [106.033929, 32.693945], [106.0331136, 32.6940353], [106.0318208, 32.6941617], [106.0310483, 32.6944958], [106.0303724, 32.6948931], [106.0303831, 32.6962609], [106.0307425, 32.6966086], [106.0307103, 32.6971006], [106.0304475, 32.6973715], [106.030013, 32.697534], [106.0293102, 32.6975069], [106.0285753, 32.6973218], [106.0274005, 32.6964235], [106.0269391, 32.6958456], [106.026215, 32.6943649], [106.0261828, 32.6938954], [106.0263866, 32.6931369], [106.0263652, 32.6927306], [106.0259199, 32.6919722], [106.0257268, 32.6913266], [106.0252172, 32.6907261], [106.0250133, 32.6901753], [106.025126, 32.6891053], [106.0255605, 32.6877238], [106.025539, 32.6869743], [106.0253352, 32.6867757], [106.0249329, 32.6866899], [106.024611, 32.6865996], [106.0239297, 32.6865003], [106.0228461, 32.6860307], [106.022433, 32.6860488], [106.0220039, 32.6865454], [106.021387, 32.6866583], [106.0208827, 32.6869066], [106.0206467, 32.6870104], [106.020003, 32.6874258], [106.0197347, 32.6878051], [106.019386, 32.688094], [106.0182649, 32.6892408], [106.0176748, 32.6895207], [106.0168326, 32.68976], [106.0149872, 32.6906223], [106.0144079, 32.6906042], [106.0140967, 32.6905004], [106.013512, 32.6902205], [106.012938, 32.6896381], [106.0122621, 32.6887848], [106.0121173, 32.6882881], [106.012187, 32.68748], [106.0120314, 32.6870827], [106.0118276, 32.686884]]}}, {"type": "Feature", "properties": {"id": "OSM_寄刀沟", "name": "寄刀沟", "source": "OSM", "waterway": "river,stream", "chainage_km": 59.5}, "geometry": {"type": "LineString", "coordinates": [[105.9447777, 32.9782526], [105.944244, 32.9775686], [105.944142, 32.9774944], [105.9439248, 32.9773819], [105.9438094, 32.9773031], [105.9421143, 32.9766416], [105.9416208, 32.9764908], [105.9413955, 32.9764053], [105.9411728, 32.9763041], [105.9410709, 32.9762456], [105.9408912, 32.9760881], [105.940749, 32.9759148], [105.9406391, 32.9757236], [105.9405854, 32.9755255], [105.9405801, 32.975422], [105.9405962, 32.9753185], [105.9406444, 32.9752195], [105.9407088, 32.975134], [105.941543, 32.9746367], [105.9423047, 32.9740855], [105.9424013, 32.9740022], [105.942471, 32.9739212], [105.9425139, 32.9738244], [105.9425729, 32.9736107], [105.9426132, 32.9733857], [105.9426212, 32.9732619], [105.9427902, 32.9723236], [105.9429458, 32.9718173], [105.9429914, 32.971617], [105.9429941, 32.971401], [105.9429431, 32.9711872], [105.942876, 32.9710972], [105.9427795, 32.9710207], [105.9426749, 32.9709599], [105.9425676, 32.9709104], [105.9424469, 32.9708722], [105.9417871, 32.9710005], [105.9415376, 32.9710747], [105.9412962, 32.9710995], [105.9411755, 32.9710815], [105.9410548, 32.971041], [105.9409529, 32.9709847], [105.9408724, 32.9709037], [105.9408134, 32.9708092], [105.9407732, 32.9707124], [105.940749, 32.9706134], [105.9407464, 32.9705144], [105.9407786, 32.9704154], [105.940977, 32.9701454], [105.9413257, 32.9695828], [105.9413552, 32.9694815], [105.9413713, 32.9689145], [105.9413338, 32.9687097], [105.9411997, 32.9684149], [105.941138, 32.9683204], [105.9408107, 32.9679266], [105.940226, 32.967445], [105.939931, 32.9669724], [105.9397352, 32.9667092], [105.939652, 32.9666236], [105.9395608, 32.9665539], [105.9394562, 32.9664976], [105.9393355, 32.9664661], [105.9392148, 32.9664616], [105.9390968, 32.9664909], [105.9390753, 32.9665921], [105.939078, 32.9666979], [105.9391424, 32.9671187], [105.9391504, 32.9672222], [105.9391317, 32.967328], [105.9390405, 32.9674113], [105.9389251, 32.9674518], [105.9388018, 32.967454], [105.9383565, 32.9672087], [105.93826, 32.967139], [105.9381822, 32.9670557], [105.9381339, 32.9669589], [105.9381017, 32.9667587], [105.9381017, 32.9666574], [105.9381232, 32.9665471], [105.9381607, 32.9664526], [105.9382278, 32.9663581], [105.9383163, 32.9662771], [105.9392631, 32.9655435], [105.9393436, 32.965458], [105.9394509, 32.9652599], [105.9395447, 32.9649516], [105.9396628, 32.9646568], [105.9397808, 32.9644655], [105.9400007, 32.964218], [105.9406015, 32.9639615], [105.943214, 32.9635204], [105.9435573, 32.9634169], [105.9437638, 32.9633133], [105.9438604, 32.9632481], [105.9441367, 32.9630118], [105.9443673, 32.9627417], [105.9444264, 32.9626517], [105.9444505, 32.9624919], [105.9444612, 32.9623907], [105.944429, 32.9622871], [105.9438845, 32.9613082], [105.9437934, 32.9611056], [105.9433481, 32.9597959], [105.9431469, 32.9594155], [105.9431013, 32.9592152], [105.9431013, 32.9587899], [105.9430611, 32.958315], [105.9430853, 32.9580967], [105.9431469, 32.9578964], [105.94356, 32.9572392], [105.9437236, 32.9567261], [105.9437451, 32.9566226], [105.9437585, 32.9564178], [105.9437478, 32.9563142], [105.9436753, 32.9558033], [105.9436217, 32.9555963], [105.9435278, 32.9554072], [105.9434634, 32.9553195], [105.9432596, 32.9551957], [105.9430316, 32.9551057], [105.9426373, 32.9550134], [105.9413391, 32.9549819], [105.9410843, 32.9549031], [105.9408832, 32.9547793], [105.9408188, 32.9546938], [105.9408, 32.9545925], [105.9408268, 32.9544935], [105.9408724, 32.9544035], [105.9413499, 32.9537012], [105.9414598, 32.9534019], [105.9415081, 32.9531971], [105.9415135, 32.9530936], [105.9414706, 32.9528865], [105.9413311, 32.9527132], [105.9407061, 32.9522743], [105.9404728, 32.9520065], [105.940336, 32.9518152], [105.9401187, 32.9513538], [105.9400302, 32.9507393], [105.9399176, 32.9503184], [105.93988, 32.9498885], [105.9400061, 32.9491683], [105.9400785, 32.9489725], [105.9402958, 32.9487159], [105.9404781, 32.9485763], [105.9407008, 32.948484], [105.9408134, 32.948448], [105.9409422, 32.9484233], [105.941205, 32.9484255], [105.9418434, 32.948484], [105.9422269, 32.9484885], [105.9427339, 32.9484458], [105.9428519, 32.948421], [105.9430745, 32.9483332], [105.9431899, 32.9480204], [105.9431979, 32.9479168], [105.9431738, 32.947811], [105.9430584, 32.947622], [105.9428975, 32.9474464], [105.942353, 32.947039], [105.9422162, 32.946868], [105.9421679, 32.9466676], [105.9421036, 32.946249], [105.9421492, 32.9456682], [105.9421921, 32.9454702], [105.9422752, 32.9452743], [105.9424067, 32.9450943], [105.9427994, 32.9446856]]}}, {"type": "Feature", "properties": {"id": "OSM_三道河", "name": "三道河", "source": "OSM", "waterway": "river", "chainage_km": 63.1}, "geometry": {"type": "LineString", "coordinates": [[106.1212563, 32.9542752], [106.1208004, 32.9544935], [106.1206958, 32.9545678], [106.1206019, 32.9546555], [106.1205241, 32.9547365], [106.1201754, 32.9553172], [106.1201486, 32.9555265], [106.1201915, 32.9559406], [106.120103, 32.9562332], [106.1199716, 32.957237], [106.1199152, 32.957327], [106.1198214, 32.95739], [106.1195746, 32.957417], [106.1193252, 32.9574013], [106.1192018, 32.957372], [106.1189792, 32.9572775], [106.1188745, 32.9572235], [106.118786, 32.9571515], [106.1184534, 32.9568521], [106.1181933, 32.9564605], [106.1179009, 32.9559294], [106.1178124, 32.9556796], [106.1177695, 32.9553465], [106.1177212, 32.9552452], [106.1176515, 32.9551574], [106.1175549, 32.9550922], [106.1174449, 32.9550381], [106.1173162, 32.9549999], [106.1170265, 32.9549526], [106.1168924, 32.9549526], [106.1166564, 32.9549954], [106.1164284, 32.9550899], [106.1157793, 32.95545], [106.1156505, 32.9556255], [106.115613, 32.9557291], [106.115621, 32.9558304], [106.115731, 32.9562377], [106.1157685, 32.9566721], [106.1157122, 32.9567711], [106.1156371, 32.9568521], [106.1155352, 32.9569061], [106.1153045, 32.9569872], [106.115039, 32.9570254], [106.114921, 32.9570187], [106.1144301, 32.9569489], [106.1132231, 32.9567238], [106.1129683, 32.9567554], [106.1128449, 32.9567959], [106.1126357, 32.9569309], [106.1125553, 32.9571244], [106.1125445, 32.9572257], [106.1125687, 32.9574328], [106.1125848, 32.9575341], [106.1126277, 32.9576376], [106.1128208, 32.9579031], [106.112861, 32.9580067], [106.112861, 32.9581124], [106.1128396, 32.958216], [106.1127618, 32.9583668], [106.112566, 32.9585063], [106.1124587, 32.9585558], [106.1122173, 32.9585716], [106.1120859, 32.9585626], [106.1118391, 32.9585266], [106.111713, 32.9584883], [106.1116058, 32.9584388], [106.1112973, 32.9582452], [106.1104766, 32.95739], [106.1098489, 32.9565933], [106.1094332, 32.9556436], [106.109173, 32.9543314], [106.1089557, 32.9530418], [106.1087438, 32.9529158], [106.1086178, 32.9528888], [106.1083764, 32.952891], [106.1082584, 32.9529135], [106.108143, 32.9529563], [106.1079231, 32.9530711], [106.1075449, 32.9533794], [106.107282, 32.9537778], [106.1069468, 32.9544507], [106.1067778, 32.9552069], [106.1067805, 32.9554162], [106.1068046, 32.9556323], [106.1067966, 32.9559384], [106.1068147, 32.956182], [106.1068857, 32.9563362], [106.1068831, 32.9564127], [106.1068053, 32.9564493], [106.1064827, 32.956501], [106.1062521, 32.9565866], [106.106008, 32.9565708], [106.1058792, 32.9565235], [106.1056754, 32.9564178], [106.1054581, 32.9563232], [106.1053589, 32.9562602], [106.1052167, 32.9560397], [106.1051765, 32.9559384], [106.1051175, 32.9558439], [106.1050022, 32.9558011], [106.1047608, 32.9557943], [106.1045194, 32.9558304], [106.1044067, 32.9558641], [106.1042967, 32.9559159], [106.1042002, 32.9559766], [106.1038944, 32.9562962], [106.1038166, 32.9565303], [106.1038139, 32.9566383], [106.1038193, 32.9567418], [106.1038434, 32.9568431], [106.1038917, 32.9569399], [106.1040822, 32.9572032], [106.1042324, 32.957372], [106.1043531, 32.9575588], [106.1043772, 32.9576646], [106.1043665, 32.9577659], [106.1043102, 32.9578536], [106.104219, 32.9579257], [106.1041117, 32.9579684], [106.1038756, 32.9580179], [106.1037523, 32.9580089], [106.1036342, 32.9579909], [106.1027598, 32.9575656], [106.1025748, 32.9574058], [106.1024514, 32.9571492], [106.1024246, 32.9569422], [106.1024433, 32.9568409], [106.1024863, 32.9567328], [106.102556, 32.9566383], [106.1026365, 32.9565596], [106.1028859, 32.9560959], [106.1032855, 32.9549526], [106.1033607, 32.9548581], [106.1035511, 32.9547163], [106.1037281, 32.9545632], [106.1038005, 32.9544777], [106.1038569, 32.9543787], [106.103932, 32.9541694], [106.1039427, 32.9540659], [106.1039427, 32.9533817], [106.1039239, 32.9532759], [106.1038756, 32.9531813], [106.1038086, 32.9530913], [106.1037254, 32.953008], [106.1035404, 32.9528662], [106.1029851, 32.9527154], [106.1027357, 32.9526637], [106.1024943, 32.9526457], [106.1022288, 32.9526592], [106.1017433, 32.952729], [106.1015797, 32.9527717], [106.1008608, 32.9532264], [106.1007884, 32.9533141], [106.1007509, 32.9534154], [106.1007643, 32.9535167], [106.1008179, 32.9536112], [106.1009064, 32.95369], [106.1010057, 32.953753], [106.1010835, 32.9538318], [106.1011371, 32.9539241], [106.1012337, 32.9544507], [106.1012042, 32.9545565], [106.1011478, 32.9546488], [106.101011, 32.9548176], [106.1009172, 32.9548873], [106.1007053, 32.9549999], [106.1004665, 32.9550539], [106.1002225, 32.9550201], [106.1000964, 32.9549841], [106.0995036, 32.954714], [106.0989806, 32.954435], [106.0988599, 32.9543945], [106.0986105, 32.9543742], [106.0984898, 32.9543764], [106.0983744, 32.9544035], [106.0982698, 32.9544485], [106.0981733, 32.9545115], [106.0980257, 32.954678], [106.0979426, 32.9548603], [106.0978782, 32.9550674], [106.0978594, 32.9551709], [106.0978997, 32.9554838], [106.097897, 32.955585], [106.0977682, 32.9560588], [106.0977803, 32.9561691], [106.0978219, 32.9562737], [106.0979037, 32.9563581], [106.0981236, 32.9564763], [106.0982376, 32.9565224], [106.0983664, 32.956546], [106.098581, 32.9565618], [106.0987768, 32.9565618], [106.0990356, 32.9565235], [106.0990906, 32.9564999], [106.0995238, 32.9563975], [106.0996498, 32.9564369], [106.099686, 32.9564785], [106.0996954, 32.9565337], [106.0996471, 32.9566811], [106.0996404, 32.9567914], [106.099733, 32.9570986], [106.0996887, 32.9571953], [106.0996351, 32.957228], [106.099391, 32.9572809], [106.09934, 32.9573079], [106.0992676, 32.9574001], [106.0992582, 32.957453], [106.0992689, 32.9575577], [106.0994004, 32.958001], [106.0994795, 32.9581485], [106.099568, 32.9582329], [106.0996391, 32.9583308], [106.0996632, 32.9583881], [106.0996579, 32.9584399], [106.0995626, 32.9585108], [106.0988384, 32.9587606], [106.0986373, 32.9588101], [106.0985756, 32.9588315], [106.098526, 32.9588675], [106.0984938, 32.9589125], [106.098475, 32.9590656], [106.0984831, 32.9591162], [106.0986574, 32.9595911], [106.0986547, 32.9597475], [106.0986413, 32.9597992], [106.0986051, 32.9598397], [106.0985515, 32.9598724], [106.0983677, 32.9599208], [106.098247, 32.9599331], [106.097901, 32.959932], [106.097783, 32.9598937], [106.0977267, 32.9598656], [106.0976784, 32.959824], [106.097272, 32.9591409], [106.0972506, 32.9589384], [106.0972613, 32.9586278], [106.0972184, 32.9584253], [106.0967758, 32.9575206], [106.0966873, 32.9571042], [106.0966015, 32.9569016], [106.0962769, 32.9564583], [106.0962233, 32.9563683], [106.0960489, 32.9562107], [106.0959417, 32.9561567], [106.0958505, 32.9560937], [106.0957083, 32.9559181], [106.0953033, 32.955621], [106.0951906, 32.9555715], [106.0949412, 32.9555063], [106.0948071, 32.9554973], [106.094681, 32.9555063], [106.094563, 32.95554], [106.094453, 32.9555828], [106.0941821, 32.9557865], [106.0940534, 32.9561016], [106.0939528, 32.9562388], [106.09382, 32.9563514], [106.0936645, 32.9564403], [106.093175, 32.9569354], [106.0931253, 32.9569669], [106.093069, 32.9569905], [106.092943, 32.9570187], [106.0926922, 32.9570344], [106.0922563, 32.9569467], [106.0921557, 32.9568904], [106.0920592, 32.9568127], [106.0919908, 32.956716], [106.091972, 32.9566642], [106.0919331, 32.9563424], [106.0919653, 32.9558236], [106.0919546, 32.9557707], [106.0919143, 32.9556683], [106.0917158, 32.95545], [106.0916649, 32.9554207], [106.0915442, 32.955387], [106.0908025, 32.955315], [106.0906859, 32.9552936], [106.0905866, 32.9552351], [106.0904954, 32.9551473], [106.090364, 32.954884], [106.0903694, 32.9547782], [106.0904726, 32.9545047], [106.0904874, 32.9543967], [106.0904109, 32.9538959], [106.0903922, 32.9534413], [106.0903586, 32.9531003], [106.0902232, 32.9527087], [106.0901333, 32.9522012], [106.0900086, 32.9520256], [106.0897686, 32.9518129], [106.0895754, 32.9518017], [106.089448, 32.951823], [106.0893273, 32.9518658], [106.0888405, 32.952128], [106.0885133, 32.9521809], [106.0883228, 32.9521742], [106.0881941, 32.9521505], [106.0880224, 32.9520976], [106.0871306, 32.9516194], [106.0869952, 32.951625], [106.0868637, 32.951643], [106.0868087, 32.9516677], [106.0867631, 32.951706], [106.0866652, 32.9518365], [106.0865942, 32.9519817], [106.0864721, 32.9524566], [106.0865003, 32.9528752], [106.0864802, 32.952981], [106.0864051, 32.9530666], [106.0856272, 32.9534008], [106.0848279, 32.9535685], [106.0844484, 32.9536011], [106.0842593, 32.9536427], [106.0842003, 32.9536652], [106.0837282, 32.9539893], [106.0836893, 32.954094], [106.0836746, 32.954202], [106.083684, 32.9545036], [106.0837363, 32.9551237], [106.0837202, 32.9552306], [106.0833822, 32.9558776], [106.0833018, 32.9559586], [106.0832494, 32.955989], [106.0827586, 32.9561319], [106.0821176, 32.9562085], [106.0812646, 32.9561871], [106.080405, 32.9561241], [106.0799973, 32.9560329], [106.0799369, 32.9560048], [106.0798457, 32.9559373], [106.0796499, 32.9555333], [106.0794461, 32.9551867], [106.0793938, 32.9551507], [106.0792235, 32.9550831], [106.0790987, 32.9550696], [106.0787983, 32.9550651], [106.0784939, 32.9550235], [106.0783705, 32.955019], [106.0778341, 32.9552126], [106.0777335, 32.955279], [106.0776959, 32.955324], [106.0775095, 32.9556458], [106.0774787, 32.9557538], [106.0773955, 32.9562107], [106.0773392, 32.9563019], [106.0772641, 32.956384], [106.0770737, 32.9565337], [106.0765305, 32.9567261], [106.0762757, 32.9567599], [106.076092, 32.9567587], [106.0754603, 32.9566473], [106.0753369, 32.956653], [106.0752833, 32.9566766], [106.0752404, 32.9567137], [106.0751773, 32.9568105], [106.075168, 32.95686], [106.0751867, 32.957013], [106.0752431, 32.9571053], [106.075463, 32.95721], [106.076206, 32.957426]]}}, {"type": "Feature", "properties": {"id": "OSM_韩家河", "name": "韩家河", "source": "OSM", "waterway": "river,stream", "chainage_km": 60.6}, "geometry": {"type": "LineString", "coordinates": [[106.0539812, 32.9413375], [106.0538658, 32.9413712], [106.0535976, 32.9413735], [106.0534769, 32.9413555], [106.0533509, 32.9413127], [106.0532677, 32.9412384], [106.0532221, 32.9411439], [106.0531524, 32.9408355], [106.0531068, 32.9407409], [106.0528198, 32.9405158], [106.0527125, 32.9404753], [106.0524738, 32.9404326], [106.0523504, 32.9404258], [106.052101, 32.9404416], [106.0517308, 32.9405226], [106.0516182, 32.9405609], [106.0515404, 32.9406396], [106.0515511, 32.9407454], [106.05216, 32.9412744], [106.052219, 32.9413645], [106.0522217, 32.9414635], [106.05216, 32.941549], [106.0520446, 32.9415783], [106.0518059, 32.9415941], [106.0516959, 32.9416413], [106.0516235, 32.9417224], [106.0515779, 32.9418169], [106.0515591, 32.9419227], [106.0515618, 32.9421253], [106.0516047, 32.9424359], [106.0516047, 32.9425372], [106.0515109, 32.9430707], [106.0512561, 32.9437212], [106.0511515, 32.9437752], [106.0510388, 32.943809], [106.0509181, 32.9438248], [106.0506794, 32.943818], [106.0504219, 32.9437955], [106.0496065, 32.9436784], [106.0493544, 32.9436807], [106.049239, 32.9437077], [106.0491773, 32.9437977], [106.0491908, 32.943899], [106.0492659, 32.9439801], [106.0496119, 32.9441106], [106.0497138, 32.9441759], [106.0498559, 32.944356], [106.049915, 32.944455], [106.0499954, 32.9447589], [106.0499981, 32.9453846], [106.049923, 32.9455895], [106.0498586, 32.9456772], [106.0497728, 32.9457583], [106.0493168, 32.9460914], [106.049239, 32.9461702], [106.04918, 32.9462625], [106.0491022, 32.946465], [106.0490781, 32.9465686], [106.0489601, 32.9473024], [106.0489011, 32.9473901], [106.0486516, 32.9476861], [106.0485497, 32.9477446], [106.0484357, 32.9477784], [106.0482426, 32.9477987], [106.0481836, 32.9477942], [106.0480173, 32.947739], [106.0479502, 32.94773], [106.0478899, 32.947739], [106.0477719, 32.947775], [106.0476646, 32.9478358], [106.0475653, 32.9479056], [106.0474876, 32.9479844], [106.0473856, 32.9481712], [106.0473427, 32.9483873], [106.0474178, 32.948995], [106.0474044, 32.9490985], [106.0473695, 32.9492043], [106.0472596, 32.9494046], [106.0471308, 32.9496027], [106.046302, 32.9505345], [106.0462323, 32.950629], [106.0461518, 32.9507078], [106.0460606, 32.9507731], [106.0459506, 32.9508181], [106.0449368, 32.9511399], [106.0446149, 32.9513268], [106.043247, 32.9523778], [106.0431719, 32.9524679], [106.0431236, 32.9525669], [106.0430887, 32.9527717], [106.0430968, 32.9534019], [106.0429439, 32.9538779], [106.0429238, 32.9539781], [106.0429318, 32.9540287], [106.0429586, 32.954076], [106.0430337, 32.9541593], [106.0430834, 32.954193], [106.0431384, 32.9542189], [106.0432631, 32.9542392], [106.0434481, 32.9542392], [106.0435702, 32.9542166], [106.0444956, 32.9538352], [106.0455845, 32.9537181], [106.0461304, 32.9538082], [106.0462336, 32.9538689], [106.0463262, 32.9539533], [106.0465729, 32.9543224], [106.0465971, 32.9544237], [106.0465971, 32.9545272], [106.0465702, 32.9546285], [106.0465005, 32.9547894], [106.0464697, 32.9548322], [106.0464174, 32.9548738], [106.0458407, 32.9549999], [106.0441777, 32.9556008], [106.0422358, 32.9563457], [106.0413158, 32.9566023], [106.0407552, 32.9569174], [106.0405165, 32.9571695], [106.0404468, 32.9572662], [106.0401383, 32.9579414], [106.0398218, 32.9592782], [106.0395026, 32.9604778], [106.0394704, 32.9606825], [106.0394731, 32.9607861], [106.0395455, 32.9611169], [106.0399532, 32.9621949], [106.0402644, 32.9631896], [106.0402697, 32.9632998], [106.0402456, 32.9633989], [106.0401839, 32.9634866], [106.0390788, 32.9645578], [106.0389608, 32.9647401], [106.0388347, 32.9650326], [106.0387677, 32.9651182], [106.038537, 32.9653589], [106.0380623, 32.965764], [106.0377774, 32.9662891]]}}, {"type": "Feature", "properties": {"id": "OSM_清河", "name": "清河", "source": "OSM", "waterway": "river", "chainage_km": 70.6}, "geometry": {"type": "LineString", "coordinates": [[105.9912524, 33.0417485], [105.9899247, 33.0420352], [105.9895505, 33.0420734], [105.9893654, 33.0420656], [105.9891763, 33.0420262], [105.9890677, 33.0419711], [105.9889899, 33.0418902], [105.9889323, 33.0417991], [105.988896, 33.0416294], [105.9891602, 33.0402466], [105.9891736, 33.0399453], [105.9891656, 33.0397294], [105.9891388, 33.0395203], [105.9890959, 33.0392932], [105.9890369, 33.0390909], [105.9879506, 33.0377935], [105.9874034, 33.0371774], [105.98728, 33.0369817], [105.9872576, 33.0369181], [105.9872451, 33.0368828], [105.9872264, 33.0366714], [105.9872639, 33.0364713], [105.9876046, 33.0360284], [105.9876931, 33.0359497], [105.9878996, 33.0358215], [105.9882402, 33.0356753], [105.9883609, 33.0356438], [105.988605, 33.0356281], [105.9887311, 33.0356416], [105.988951, 33.035727], [105.9890476, 33.0357855], [105.9891307, 33.0358665], [105.9896591, 33.036649], [105.990091, 33.0370042], [105.9901929, 33.0370717], [105.9903109, 33.0371144], [105.990437, 33.0371391], [105.990555, 33.0371504], [105.9908044, 33.0371301], [105.9909171, 33.0370919], [105.9910163, 33.0370335], [105.9911156, 33.036966], [105.9912014, 33.0368828], [105.9920865, 33.0358215], [105.9929663, 33.0349423], [105.9930575, 33.0348681], [105.9932587, 33.0347489], [105.9934893, 33.0346657], [105.9947795, 33.0346455], [105.9952918, 33.0345983], [105.9957343, 33.0345353], [105.9961662, 33.0344251], [105.9963888, 33.0343419], [105.9964961, 33.0342902], [105.99659, 33.034216], [105.9967697, 33.0340428], [105.9969199, 33.0338225], [105.9971666, 33.0333008], [105.9972283, 33.0330917], [105.9972444, 33.0329905], [105.9972444, 33.032887], [105.9972122, 33.0327881], [105.9971639, 33.0326779], [105.9967884, 33.032064], [105.996716, 33.0318572], [105.9966302, 33.0315288], [105.996193, 33.0307418], [105.9949136, 33.0291317], [105.9945542, 33.0282187], [105.99453, 33.0281175], [105.994471, 33.0277105], [105.9944898, 33.0274969], [105.9945166, 33.0273912], [105.9945622, 33.0272877], [105.9946293, 33.0272045], [105.9948143, 33.0270696], [105.9955144, 33.0267862], [105.9957209, 33.0266626], [105.9959087, 33.0265164], [105.9959838, 33.0264332], [105.9961554, 33.0261566], [105.996547, 33.0256528], [105.9966356, 33.0255719], [105.9972417, 33.0251221], [105.9973302, 33.0250389], [105.997467, 33.024859], [105.9975287, 33.024769], [105.9978211, 33.0239864], [105.9978747, 33.0232286], [105.9978962, 33.0231229], [105.9979713, 33.0229092], [105.9986472, 33.0216588], [105.9987786, 33.0214767], [105.9989396, 33.021317], [105.9992292, 33.0211191], [106.0002217, 33.0206378], [106.0004309, 33.0205208], [106.0005087, 33.0204444], [106.0005516, 33.0203454], [106.0005704, 33.0201408], [105.9992829, 33.0189083], [105.9992212, 33.0188161], [105.9991246, 33.0186115], [105.9989905, 33.0181167], [105.9988752, 33.017822], [105.9988403, 33.0176196], [105.998843, 33.0174082], [105.9989154, 33.0170844], [105.9989449, 33.0168684], [105.9989503, 33.0166638], [105.9989262, 33.0165468], [105.9988189, 33.0161937], [105.998607, 33.0156494], [105.9982797, 33.0149972], [105.9982127, 33.0147678], [105.9980088, 33.0138074], [105.9980357, 33.013497], [105.9980759, 33.0133958], [105.9981349, 33.0133014], [105.9982046, 33.0132204], [105.9983763, 33.0130765], [105.9985882, 33.012946], [105.999079, 33.0124714], [105.9991515, 33.0123815], [105.9993231, 33.0120981], [105.9994599, 33.0117854], [105.9995189, 33.0115808], [105.999527, 33.0113738], [105.9993312, 33.0107418], [105.9992024, 33.0105551], [105.999122, 33.0104674], [105.9989396, 33.0103144], [105.9988242, 33.01013], [105.9987491, 33.0099253], [105.9987035, 33.0097094], [105.9985694, 33.0092708], [105.9984434, 33.0090864], [105.9980839, 33.0086545], [105.9979793, 33.0084566], [105.997923, 33.0082451], [105.9978774, 33.0076963], [105.9977648, 33.007134], [105.9976065, 33.0068416], [105.9972015, 33.006187], [105.9971693, 33.006088], [105.9971666, 33.0059846], [105.9971881, 33.0058834], [105.9972283, 33.0057866], [105.9972873, 33.0056922], [105.9973732, 33.0056157], [105.9974724, 33.0055527], [105.998261, 33.005249], [106.0011283, 33.0046395], [106.0022628, 33.0042503], [106.0026196, 33.0040726], [106.0028985, 33.0037914], [106.003038, 33.0036182], [106.0031587, 33.003427], [106.003207, 33.0032178], [106.0032016, 33.0030109], [106.0031426, 33.0028017], [106.0030192, 33.0026173], [106.0027349, 33.0024283], [106.0024023, 33.0022798], [106.0012382, 33.0022708], [106.0008359, 33.0022956], [106.0004657, 33.0022933], [106.0000795, 33.0022483], [105.9999534, 33.0022169], [105.9997416, 33.0021021], [105.9996504, 33.0020257], [105.9995002, 33.0018547], [105.9991273, 33.0012653], [105.998894, 33.0004578], [105.9988591, 32.9998707], [105.9988913, 32.9997649], [105.9989879, 32.9995602], [105.9991193, 32.9993825], [105.9992024, 32.9993038], [105.999299, 32.9992408], [105.9994063, 32.9992003], [105.999527, 32.9991846], [105.999763, 32.9992386], [105.9999883, 32.9993398], [106.0001036, 32.9993735], [106.0007313, 32.999486], [106.0009727, 32.9995535], [106.0021475, 33.0002396], [106.0025364, 33.0003903], [106.0026544, 33.0004105], [106.0027724, 33.0004173], [106.0029066, 33.0004083], [106.0030273, 33.0003768], [106.0031372, 33.0003318], [106.0036227, 32.9999337], [106.0037032, 32.9998549], [106.0039017, 32.999477], [106.0041994, 32.9988179], [106.0042396, 32.9987189], [106.0042611, 32.9986109], [106.0042638, 32.9985097], [106.0042074, 32.9984175], [106.0038239, 32.998161], [106.0028529, 32.9975694], [106.002751, 32.9974974], [106.0026732, 32.9974187], [106.0024103, 32.9965976], [106.002413, 32.9964784], [106.0024399, 32.9963704], [106.0024828, 32.9962692], [106.0026437, 32.9960689], [106.0027376, 32.9959947], [106.0028422, 32.9959407], [106.0029763, 32.9959115], [106.0032338, 32.9958845], [106.0033545, 32.9958935], [106.003612, 32.9959385], [106.0047224, 32.9963276], [106.0062379, 32.9971442], [106.0076058, 32.9977921], [106.007866, 32.9978866], [106.0088852, 32.9981385], [106.010693, 32.9983118], [106.0110658, 32.9983342], [106.0114548, 32.9982893], [106.0117364, 32.998242], [106.0122165, 32.9981025], [106.012482, 32.9980418], [106.0127449, 32.9980171], [106.0130051, 32.9980171], [106.0133806, 32.9980598], [106.014204, 32.998341], [106.0143247, 32.998359], [106.0145903, 32.9983545], [106.0149765, 32.998296], [106.0153279, 32.998224], [106.0155451, 32.9981115], [106.0157382, 32.9979856], [106.015867, 32.9977989], [106.0158992, 32.9976976], [106.0159045, 32.9975874], [106.0157409, 32.997151], [106.0156819, 32.9969485], [106.0156256, 32.996854], [106.0155505, 32.9967708], [106.0152501, 32.9965863], [106.0151267, 32.9965414], [106.0146332, 32.9964311], [106.0143971, 32.9963411], [106.0143006, 32.9961927], [106.0142657, 32.9958878], [106.0143489, 32.9957293], [106.0145554, 32.9954256], [106.0149845, 32.9948519], [106.0150301, 32.9947529], [106.0150516, 32.9946539], [106.015065, 32.994447], [106.0150436, 32.9943367], [106.0147968, 32.9939835], [106.0147136, 32.9939048], [106.014491, 32.9938103], [106.0142603, 32.9937451], [106.014145, 32.9936956], [106.0140404, 32.9936349], [106.0139599, 32.9935561], [106.0138875, 32.9934616], [106.0137534, 32.9930904], [106.0137507, 32.9928812], [106.0137936, 32.9926675], [106.013909, 32.9923593], [106.0145554, 32.9913762], [106.0150462, 32.9905393], [106.0151374, 32.9903256], [106.0151535, 32.9901208], [106.0148987, 32.9896776], [106.0145661, 32.9891624], [106.0129702, 32.987934], [106.0119778, 32.9871129], [106.010913, 32.9864897], [106.0100171, 32.9861904], [106.0082817, 32.9857292], [106.0072088, 32.9855492], [106.0068199, 32.9854277], [106.0067099, 32.9853872], [106.0062526, 32.9850633], [106.006097, 32.9848686], [106.0060541, 32.9847719], [106.0060246, 32.9846122], [106.0060206, 32.9844569], [106.0060769, 32.9843039], [106.0061936, 32.9841712], [106.0065544, 32.9839406], [106.0075656, 32.9835581], [106.0079545, 32.9834343], [106.0080591, 32.9833871], [106.0084239, 32.9833353], [106.0085446, 32.9833083], [106.0086653, 32.9832656], [106.0088718, 32.9831643], [106.0091776, 32.9829754], [106.0095987, 32.9827594], [106.0107198, 32.9822666], [106.0108057, 32.9821901], [106.0108539, 32.9820934], [106.0108754, 32.9817874], [106.0108271, 32.9814926], [106.0107976, 32.9813869], [106.0107359, 32.9812834], [106.0106608, 32.9812024], [106.0105562, 32.9811461], [106.0104436, 32.9811079], [106.0090622, 32.9808672], [106.0085177, 32.9808357], [106.0082629, 32.9807884], [106.0081556, 32.9807344], [106.0071391, 32.9798817], [106.0070211, 32.9796972], [106.0066402, 32.9787971], [106.0064658, 32.9777171], [106.0064551, 32.9775056], [106.0064739, 32.9773031], [106.0064954, 32.9772019], [106.0066241, 32.9768014], [106.0066563, 32.9766011], [106.0066617, 32.9764008], [106.0064498, 32.9759846], [106.0063666, 32.9755705], [106.0062888, 32.9753725], [106.0061601, 32.9751835], [106.0059884, 32.9750283], [106.0057899, 32.9749068], [106.0055646, 32.9748033], [106.0053098, 32.9747583], [106.0046017, 32.9747988], [106.0034698, 32.975089], [106.0033438, 32.975098], [106.0029736, 32.9750508], [106.0028502, 32.9750193], [106.0026169, 32.9749248], [106.0025176, 32.974864], [106.0013348, 32.9742745], [106.0003102, 32.9733182], [105.9992051, 32.971905], [105.998733, 32.9709127], [105.998674, 32.9707169], [105.9986472, 32.9705144], [105.9985748, 32.9693375], [105.9985882, 32.9688987], [105.9986418, 32.9684757], [105.9992105, 32.9672132], [105.9993312, 32.9670332], [105.999417, 32.9669477], [105.9995055, 32.9668802], [105.9996101, 32.9668239], [106.0009593, 32.9664819], [106.0010692, 32.9664436], [106.0011953, 32.9664324], [106.0013348, 32.9664414], [106.0015708, 32.9664864], [106.002802, 32.9671007], [106.0032901, 32.9672402], [106.0035476, 32.9672717], [106.0039231, 32.9672852], [106.0050684, 32.9670805], [106.0061011, 32.9669229], [106.0063317, 32.9668554], [106.006439, 32.9668014], [106.0065329, 32.9667362], [106.0067931, 32.9665156], [106.0069379, 32.9663469], [106.0069969, 32.9662523], [106.0071284, 32.9659485], [106.0071579, 32.965836], [106.0071793, 32.965413], [106.007292, 32.9651204], [106.0074019, 32.9649381], [106.007469, 32.9648526], [106.0075548, 32.9647806], [106.0076675, 32.9647198], [106.0079116, 32.9646501], [106.0082683, 32.9646343], [106.0085285, 32.9646501], [106.0090139, 32.9647513], [106.0092339, 32.9648436], [106.0094243, 32.9650056], [106.0095906, 32.9652284], [106.0100198, 32.9661736], [106.0101458, 32.9663604], [106.0102504, 32.9664211], [106.0103658, 32.9664594], [106.0104918, 32.9664526], [106.0107225, 32.9663896], [106.011267, 32.9661151], [106.0115755, 32.9658698], [106.0117176, 32.9656875], [106.0117793, 32.9655885], [106.0118276, 32.9654827], [106.0120073, 32.9645916], [106.0120234, 32.963957], [106.0120448, 32.9638579], [106.0121065, 32.9636576], [106.0121843, 32.9634664], [106.0123023, 32.9632908], [106.0127315, 32.963023], [106.0136247, 32.9625437], [106.0138527, 32.9624492], [106.0139787, 32.9624132], [106.0141021, 32.9623952], [106.0151106, 32.9624199], [106.0152313, 32.9624132], [106.0154673, 32.9623727], [106.0167199, 32.9619203], [106.0170862, 32.9616292]]}}, {"type": "Feature", "properties": {"id": "OSM_燕子河", "name": "燕子河", "source": "OSM", "waterway": "river", "chainage_km": 54.7}, "geometry": {"type": "LineString", "coordinates": [[105.8873954, 32.9684977], [105.888564, 32.9680008], [105.8922762, 32.9666507], [105.89248, 32.9665291], [105.8926678, 32.9663986], [105.8928341, 32.9662366], [105.8929414, 32.9660521], [105.8930111, 32.965854], [105.893451, 32.9621274], [105.8939338, 32.96039], [105.8940625, 32.9599669], [105.8942342, 32.9595708], [105.8944595, 32.9592017], [105.8947599, 32.9588776], [105.8951568, 32.9586076], [105.8955645, 32.9583915], [105.8960259, 32.9581845], [105.8964872, 32.9579954], [105.8969164, 32.9577974], [105.8973241, 32.9575453], [105.8976996, 32.9572842], [105.8980322, 32.9569242], [105.8990708, 32.955041], [105.8991373, 32.9549204], [105.899266, 32.954687], [105.8995181, 32.9543359], [105.8996576, 32.9541604], [105.8999848, 32.9538048], [105.9003121, 32.9534987], [105.9004784, 32.9533546], [105.9006715, 32.9532106], [105.9008807, 32.9530801], [105.9017926, 32.952774], [105.9022862, 32.9527155], [105.9027636, 32.9526884], [105.9037346, 32.9527019], [105.9039921, 32.95272], [105.9042335, 32.952756], [105.9044534, 32.9528325], [105.9048986, 32.953017], [105.9051079, 32.9531161], [105.9053117, 32.9532331], [105.9054995, 32.9533682], [105.9056175, 32.9535437], [105.9056389, 32.9537463], [105.9055853, 32.9539533], [105.9054673, 32.9541334], [105.905301, 32.9542909], [105.9050314, 32.9542977], [105.9048571, 32.9544597], [105.9048101, 32.9545565], [105.9047967, 32.9549594], [105.9048155, 32.9550629], [105.904845, 32.9551664], [105.904904, 32.9552587], [105.9050623, 32.95545], [105.90606, 32.9560982], [105.9061781, 32.9561589], [105.9064302, 32.9562557], [105.9066877, 32.956312], [105.9070793, 32.9563412], [105.9072027, 32.9563345], [105.9074387, 32.9562895], [105.907664, 32.9562017], [105.9077632, 32.9561454], [105.9078491, 32.9560734], [105.9079939, 32.9558866], [105.908289, 32.9550044], [105.9083319, 32.9545745], [105.9083238, 32.9541649], [105.9083962, 32.9537395], [105.9084097, 32.9534334], [105.9083721, 32.9532264], [105.9075701, 32.9514663], [105.9075513, 32.9513673], [105.9075433, 32.951149], [105.9075916, 32.9509396], [105.9076533, 32.9508023], [105.907723, 32.9507123], [105.9079322, 32.9505322], [105.9086376, 32.9497265], [105.90882, 32.9493438], [105.908938, 32.9491728], [105.9092331, 32.9488532], [105.9093672, 32.9486776], [105.9094423, 32.948484], [105.9094262, 32.9482635], [105.9093189, 32.9478313], [105.9091043, 32.9474262], [105.9090668, 32.9472168], [105.9090748, 32.9468792], [105.9090561, 32.9466721], [105.9090051, 32.9465708], [105.90893, 32.9464763], [105.9087557, 32.9463322], [105.9081548, 32.9461612], [105.9066823, 32.9460779], [105.9049121, 32.945765], [105.9032571, 32.9452653], [105.9024471, 32.9448827], [105.9017551, 32.9438923], [105.9009397, 32.9430099], [105.90087, 32.9428163], [105.900827, 32.9426093], [105.900827, 32.9423977], [105.9008861, 32.9421951], [105.9008378, 32.9417584], [105.9008431, 32.9415288], [105.9008753, 32.9413217], [105.9009558, 32.9411146], [105.9011918, 32.9407364], [105.9017175, 32.9400251], [105.9018302, 32.9398405], [105.901916, 32.9396425], [105.9019428, 32.9394264], [105.901916, 32.9392103], [105.9013957, 32.9381793], [105.9012455, 32.9379947], [105.9011114, 32.9378011], [105.9010094, 32.9376165], [105.9009343, 32.9374229], [105.900827, 32.9370087], [105.9007305, 32.9362343], [105.9007466, 32.9360317], [105.9008002, 32.9358336], [105.9008968, 32.935649], [105.9010363, 32.9354599], [105.9011972, 32.9353069], [105.9013849, 32.9351628], [105.9019643, 32.9347936], [105.902313, 32.93451], [105.9024471, 32.9343434], [105.9025437, 32.9341498], [105.9025973, 32.9339472], [105.9028548, 32.9324344], [105.9029406, 32.930845], [105.9029192, 32.9306379], [105.9028655, 32.9304173], [105.9027958, 32.9302056], [105.9026188, 32.9298139], [105.902608, 32.9296113], [105.9026456, 32.9293997], [105.90271, 32.9291971], [105.9033483, 32.9286432], [105.9050757, 32.9279093], [105.9055746, 32.9278058], [105.9058589, 32.9277607], [105.9063685, 32.9276977], [105.9066206, 32.9276797], [105.9068567, 32.9276437], [105.9071088, 32.9275941], [105.9073341, 32.9275311], [105.9075648, 32.9274455], [105.9077793, 32.9273465], [105.9079939, 32.9272249], [105.9081763, 32.9270718], [105.9083211, 32.9268827], [105.9084284, 32.9266981], [105.9086859, 32.9261217], [105.9087396, 32.9259281], [105.9087557, 32.92573], [105.9080905, 32.9243386], [105.9077901, 32.9231904], [105.9077096, 32.9229968], [105.9075326, 32.9228347], [105.9071141, 32.922614], [105.9070122, 32.9224249], [105.9070015, 32.9222223], [105.9070444, 32.9218035], [105.9076184, 32.9198222], [105.9101611, 32.9162782], [105.9104025, 32.9158729], [105.9105796, 32.9156162], [105.9108853, 32.915265], [105.9125107, 32.9130763], [105.9129667, 32.9116262], [105.9133637, 32.9105229]]}}, {"type": "Feature", "properties": {"id": "OSM_乐素河", "name": "乐素河", "source": "OSM", "waterway": "river", "chainage_km": 89.9}, "geometry": {"type": "LineString", "coordinates": [[106.0137262, 33.1960414], [106.0142973, 33.1959731], [106.0148268, 33.1961654], [106.0153047, 33.196666], [106.0153764, 33.1973558], [106.0154197, 33.1978988], [106.0147941, 33.1991558], [106.0147261, 33.1995173], [106.0147578, 33.1998404], [106.0153384, 33.2002976], [106.0157391, 33.2003469], [106.0165086, 33.2004414], [106.0169872, 33.2001987], [106.0176236, 33.1996385], [106.0181372, 33.1995301], [106.0188096, 33.1994727], [106.0196911, 33.1995009], [106.020429, 33.1993593], [106.020955, 33.199016], [106.0238898, 33.1964137], [106.0243904, 33.1960825], [106.0248804, 33.1958949], [106.0256656, 33.1957906], [106.0261854, 33.1959819], [106.0273215, 33.1965583], [106.027817, 33.1969334], [106.0294097, 33.1981542], [106.0295483, 33.1983977], [106.030347, 33.1989944], [106.0310025, 33.1994535], [106.0318332, 33.2000354], [106.0321161, 33.2001215], [106.0324014, 33.2000282], [106.0330519, 33.199551], [106.0334466, 33.1991006], [106.0337103, 33.1984132], [106.0343107, 33.1980404], [106.0352571, 33.1978851], [106.0385607, 33.1980361], [106.0400566, 33.1984603]]}}, {"type": "Feature", "properties": {"id": "OSM_横现河", "name": "横现河", "source": "OSM", "waterway": "river", "chainage_km": 108.7}, "geometry": {"type": "LineString", "coordinates": [[105.9588256, 33.3370899], [105.9600587, 33.337502], [105.9614822, 33.3381265], [105.9624525, 33.3381398], [105.9639237, 33.3377611], [105.9652359, 33.3371764], [105.9659198, 33.3371233], [105.9663731, 33.3373093], [105.9686555, 33.3389437], [105.9691963, 33.3390633], [105.969912, 33.3387511], [105.9708743, 33.3383591], [105.9717332, 33.3378143], [105.9724489, 33.3373824], [105.9728625, 33.3365187], [105.9736816, 33.3361931], [105.9741587, 33.3362662], [105.9761867, 33.3369837], [105.9778647, 33.336904], [105.978644, 33.3370502], [105.9807356, 33.3374821], [105.9815858, 33.3376908], [105.9822142, 33.3380563], [105.9826836, 33.3382424], [105.983129, 33.3380231], [105.9837256, 33.3378503], [105.9842347, 33.3376177], [105.9841074, 33.3373585], [105.9843381, 33.3368202], [105.9848154, 33.3366075], [105.9853881, 33.3367006], [105.9862711, 33.3372588], [105.9866052, 33.3376443], [105.986645, 33.3383354], [105.9867802, 33.3386411], [105.9875518, 33.3391993], [105.9882757, 33.339525], [105.9891268, 33.3397709], [105.989803, 33.339505], [105.9901768, 33.3391462], [105.9903757, 33.3377107], [105.9909007, 33.3367072], [105.9920462, 33.3356705], [105.9933189, 33.3349926], [105.9940428, 33.3348264], [105.9956417, 33.3343479], [105.9972326, 33.3344277], [105.998052, 33.3345739], [105.9986008, 33.3348597], [105.999794, 33.3351986], [106.0007804, 33.3350458], [106.0014009, 33.3346337], [106.00156, 33.3340422], [106.0018463, 33.3335504], [106.003135, 33.3328592], [106.0047657, 33.3326997], [106.0055134, 33.3331517], [106.0058237, 33.3338096], [106.0060464, 33.3345805], [106.006468, 33.3348863], [106.0071441, 33.3348995], [106.0078442, 33.3345207], [106.0086476, 33.3337963], [106.0094192, 33.3323874], [106.0101271, 33.3320418], [106.0106362, 33.3320484], [106.0120124, 33.3322611], [106.0124817, 33.3325668], [106.0130863, 33.3334972], [106.0143272, 33.3346204], [106.0147248, 33.3351586], [106.0150986, 33.3356636], [106.0154565, 33.3358497], [106.0158383, 33.3357965], [106.0162836, 33.3353247], [106.0168562, 33.3346271], [106.0173334, 33.3344543], [106.0177788, 33.3345473], [106.0185661, 33.3352384], [106.0190433, 33.3354709], [106.0202363, 33.3355041], [106.0220495, 33.3353713], [106.0229164, 33.3354244], [106.0237038, 33.3356503], [106.0242605, 33.3366005], [106.0254852, 33.3378562], [106.0260181, 33.3382549], [106.0265589, 33.3384077]]}}, {"type": "Feature", "properties": {"id": "OSM_青泥河", "name": "青泥河", "source": "OSM", "waterway": "river", "chainage_km": 133.6}, "geometry": {"type": "LineString", "coordinates": [[105.9448873, 33.5702652], [105.9469932, 33.5701508], [105.9482292, 33.571524], [105.9481835, 33.5728972], [105.9472835, 33.5752847], [105.947652, 33.5761286], [105.9494653, 33.5765589], [105.9507014, 33.5759104], [105.9525784, 33.5735837], [105.9558746, 33.5730116], [105.9572022, 33.5738507], [105.9593081, 33.5756053], [105.9606815, 33.5750713], [105.9605899, 33.5732404], [105.9602237, 33.5719054], [105.9629705, 33.5702652], [105.9654427, 33.5704941], [105.966015, 33.5718766], [105.966656, 33.5735265], [105.9673004, 33.5742921], [105.9680521, 33.5743847], [105.9694483, 33.5730404], [105.9692122, 33.5724226], [105.9689031, 33.5718026], [105.9697176, 33.5705799], [105.9702611, 33.570046], [105.9709522, 33.5698377], [105.9718347, 33.5697026], [105.9724405, 33.5698616], [105.9728755, 33.5701382], [105.9731967, 33.5705562], [105.9729964, 33.5711807], [105.973813, 33.5717067], [105.9753312, 33.5719817], [105.9751939, 33.5735456], [105.9722182, 33.5754909], [105.9727675, 33.5770547], [105.9753312, 33.5786185], [105.9769793, 33.5781989], [105.9773913, 33.577398], [105.9769335, 33.5760249], [105.978719, 33.574194], [105.9809164, 33.5738126], [105.9832054, 33.5743847], [105.9853571, 33.5756816], [105.9873715, 33.5759867], [105.9877377, 33.5751857], [105.9873715, 33.5741559], [105.9860438, 33.5724394], [105.9862727, 33.5708755], [105.987875, 33.5697693], [105.9906219, 33.5703415], [105.9906219, 33.5729353], [105.9928651, 33.5744992], [105.9925446, 33.575529], [105.9919611, 33.5760974], [105.9916945, 33.5764643], [105.992012, 33.5767063], [105.9923025, 33.5775168], [105.9927278, 33.5780082], [105.9932884, 33.5784777], [105.9931267, 33.5798525], [105.9928156, 33.5806418], [105.9934982, 33.5814284], [105.9939981, 33.5818786], [105.9954861, 33.5824225], [105.9967107, 33.5825469], [106.0000526, 33.5812502], [106.0012429, 33.5800297], [106.0030741, 33.5798771], [106.0030283, 33.577665], [106.0018838, 33.5759867], [106.0040813, 33.5736982], [106.0037151, 33.5716003], [106.0023884, 33.5705005], [106.0019296, 33.5699982], [106.0027686, 33.5689751], [106.0034881, 33.5678737], [106.0039113, 33.5671423], [106.0040598, 33.5663654], [106.0041256, 33.5654271], [106.0041546, 33.5640067], [106.004769, 33.5628342], [106.0057156, 33.5619305], [106.0062079, 33.5616548], [106.0066945, 33.5619255], [106.0076522, 33.562903], [106.0080211, 33.5637993], [106.0078105, 33.5647253], [106.007639, 33.5660812], [106.0080141, 33.5664018], [106.0088399, 33.5664701], [106.010735, 33.5671329], [106.0120708, 33.5674105], [106.0132501, 33.5676008], [106.0140425, 33.5674218], [106.014338, 33.5672694], [106.0145369, 33.5668405], [106.0146656, 33.5658365], [106.0149444, 33.5650829], [106.0160453, 33.5639913], [106.0179985, 33.5619874], [106.0179985, 33.5609193], [106.0160758, 33.56008], [106.0155722, 33.5581344], [106.0167625, 33.5567991], [106.0196008, 33.5571043], [106.0225766, 33.5596222], [106.0245451, 33.5604996], [106.0260101, 33.5592026], [106.0264679, 33.555769], [106.0276582, 33.5538996], [106.030595, 33.5531023], [106.0329215, 33.5540717], [106.0342141, 33.5555797], [106.0374453, 33.5557951], [106.0373161, 33.5593495], [106.0378294, 33.5611927], [106.0383037, 33.5618926], [106.0387657, 33.5622192], [106.0394185, 33.5619252], [106.0407488, 33.5620445], [106.0436358, 33.5616395], [106.0443719, 33.5611962], [106.04479, 33.5613967], [106.0453162, 33.5620943], [106.0450412, 33.5640873], [106.0460264, 33.5645649], [106.0464227, 33.5649858], [106.0472038, 33.5652483], [106.0478684, 33.5652361], [106.0482918, 33.5650043], [106.0484609, 33.564654], [106.0482439, 33.5639086], [106.0481402, 33.5628486], [106.0479979, 33.5615699], [106.0485438, 33.5603545], [106.0500216, 33.5598923], [106.0510402, 33.5598646], [106.0519963, 33.5599704], [106.0526372, 33.560302]]}}, {"type": "Feature", "properties": {"id": "OSM_西汉水", "name": "西汉水", "source": "OSM", "waterway": "river", "chainage_km": 121.9}, "geometry": {"type": "LineString", "coordinates": [[105.9428605, 33.5041358], [105.943539, 33.5030246], [105.943953, 33.500944], [105.9458324, 33.4989887], [105.948193, 33.4965703], [105.9530489, 33.4931395], [105.953521, 33.4906647], [105.955949, 33.4894835], [105.9575881, 33.4885844], [105.9584548, 33.4871676], [105.9569541, 33.4842511], [105.9556118, 33.483296], [105.9537733, 33.4822115], [105.9531083, 33.4809806], [105.9550145, 33.478393], [105.9560111, 33.4774102], [105.9559243, 33.4765631], [105.9543738, 33.4755467], [105.9530489, 33.4742954], [105.9521722, 33.471595], [105.9529815, 33.4695696], [105.9560513, 33.4661561], [105.9571809, 33.4670939], [105.9567756, 33.4682522], [105.9571017, 33.469363], [105.9571428, 33.4695032], [105.9571681, 33.4695953], [105.9575235, 33.4708918], [105.9576819, 33.4720891], [105.9593386, 33.4729979], [105.9601136, 33.4728714], [105.9613548, 33.4733633], [105.9633765, 33.473382], [105.964593, 33.4736391], [105.966044, 33.4731466], [105.9666112, 33.4724228], [105.9668386, 33.471888], [105.9670793, 33.4707493], [105.9664421, 33.4695458], [105.9616818, 33.4672629], [105.9608381, 33.4671093], [105.9598272, 33.4663503], [105.959625, 33.4658188], [105.9600519, 33.4650713], [105.960805, 33.4649562], [105.9615682, 33.46457], [105.9626464, 33.4645326], [105.9631098, 33.4648391], [105.9634944, 33.4651838], [105.9639754, 33.4654492], [105.9663579, 33.4667615], [105.969298, 33.467643], [105.9708064, 33.4673435], [105.9722196, 33.4664101], [105.9729665, 33.4651382], [105.9734334, 33.4635255], [105.9734677, 33.4622752], [105.9733348, 33.4617159], [105.9732419, 33.4608701], [105.9733495, 33.4595547], [105.9738783, 33.4570363], [105.975918, 33.4561223], [105.9770288, 33.4562913], [105.9782448, 33.4557994], [105.978489, 33.4549466], [105.9788976, 33.4540027], [105.978298, 33.453541], [105.9766322, 33.4529852], [105.9755419, 33.4531683], [105.9747659, 33.4544906], [105.9731472, 33.4548845], [105.9711413, 33.4540686], [105.9709187, 33.4532364], [105.9710647, 33.4515589], [105.9720846, 33.4498917], [105.9731023, 33.4490418], [105.9756426, 33.4478505], [105.9786095, 33.4480258], [105.9813972, 33.4474508], [105.9822521, 33.4471752], [105.9832835, 33.446527], [105.9882233, 33.4464844], [105.9899529, 33.4459465], [105.991095, 33.4448971], [105.9912418, 33.443885], [105.9903609, 33.4430807], [105.9880965, 33.4416266], [105.9873149, 33.4410227], [105.986499, 33.4407441], [105.9862672, 33.4404948], [105.9861259, 33.4402296], [105.98607, 33.4397368], [105.9852553, 33.438853], [105.9837359, 33.4362572], [105.9840578, 33.4341515], [105.9852871, 33.4333305], [105.9888819, 33.4334327], [105.9899418, 33.4336192], [105.9906749, 33.4341984], [105.9912328, 33.4359756], [105.991968, 33.4367798], [105.992574, 33.4390731], [105.9944737, 33.4405468], [105.9970332, 33.441611], [105.9977082, 33.4427243], [106.0000621, 33.4438374], [106.0012737, 33.4437778], [106.0030556, 33.4430192], [106.0036767, 33.4434284], [106.0034337, 33.4445332], [106.002626, 33.4454641], [106.0019408, 33.4459578], [106.0017768, 33.4468535], [106.0028461, 33.4481047], [106.0040773, 33.4483483], [106.0057843, 33.4480715], [106.0074127, 33.4482301], [106.0099136, 33.4495557], [106.0111839, 33.4495972], [106.0140296, 33.4486718], [106.0158391, 33.4433873], [106.0165444, 33.441452], [106.0175194, 33.4402595], [106.0204169, 33.4381684], [106.0250002, 33.4366982], [106.0266962, 33.4358374], [106.027038, 33.4341039], [106.0283924, 33.4333623], [106.0294595, 33.4334527], [106.031737, 33.4355138], [106.0352999, 33.4371852], [106.0367975, 33.4383472]]}}, {"type": "Feature", "properties": {"id": "OSM_江洛河", "name": "江洛河", "source": "OSM", "waterway": "river", "chainage_km": 152.6}, "geometry": {"type": "LineString", "coordinates": [[106.026104, 33.6721658], [106.0266949, 33.6719212], [106.0278513, 33.6717926], [106.0289372, 33.671948], [106.0298599, 33.6725373], [106.0300678, 33.6730542], [106.030568, 33.6747338], [106.0312842, 33.6756204], [106.0314719, 33.6758527], [106.0322614, 33.6761687], [106.0337306, 33.6759746], [106.0348302, 33.6755589], [106.0358548, 33.6756221], [106.0366257, 33.6752149], [106.0368402, 33.6748442], [106.0371842, 33.6742498], [106.0377538, 33.6739168], [106.0381186, 33.673756], [106.0390944, 33.6738208], [106.0394168, 33.6738096], [106.0397172, 33.673506], [106.0398023, 33.6731407], [106.0394597, 33.6729703], [106.039355, 33.6725939], [106.0398428, 33.6717051], [106.0404897, 33.6711354], [106.0405111, 33.670497], [106.0405507, 33.6699795], [106.0405906, 33.6696612], [106.0403717, 33.6695059], [106.0398835, 33.6695952], [106.0396197, 33.6694353], [106.039814, 33.6683432], [106.0402308, 33.6674494], [106.0407257, 33.6660994], [106.0416678, 33.6649363], [106.0421362, 33.6637612], [106.0427964, 33.6632285], [106.0437829, 33.6625979], [106.0447812, 33.6622463], [106.0453128, 33.6619138], [106.0455537, 33.6611032], [106.0455943, 33.6603821], [106.0446044, 33.6593153], [106.0450175, 33.6587249], [106.0456197, 33.6580882], [106.0473601, 33.6575526], [106.0500115, 33.6550668], [106.0501565, 33.6540475], [106.0500186, 33.6535168], [106.0495524, 33.6533603], [106.0481341, 33.6529831], [106.0465032, 33.6527533], [106.0454137, 33.652226], [106.0449776, 33.6519736], [106.044116, 33.6518558], [106.0432248, 33.650198], [106.0419871, 33.648919], [106.0400746, 33.6475365], [106.0393676, 33.6455117], [106.0388321, 33.6446661], [106.036492, 33.6440637], [106.0360211, 33.643764], [106.0359925, 33.6435641], [106.0361499, 33.6432504], [106.036579, 33.6425136], [106.0373049, 33.6416947], [106.037975, 33.6409952], [106.0385477, 33.6408254], [106.039347, 33.6400751], [106.0401517, 33.6391475], [106.0412807, 33.6374473], [106.041238, 33.6371476], [106.0408172, 33.6368277], [106.0392127, 33.6364112], [106.0390661, 33.6355228], [106.0391977, 33.6347596], [106.0402371, 33.6336749], [106.0397886, 33.6330973], [106.0381612, 33.6325212], [106.0377736, 33.6318796], [106.0379244, 33.6312086], [106.0389169, 33.6309495], [106.0391529, 33.6303242], [106.038316, 33.629087], [106.0384093, 33.6274616], [106.0392032, 33.6259786], [106.0401527, 33.6251746], [106.0408555, 33.6243303], [106.0404505, 33.6239373], [106.0393534, 33.6228607], [106.0393427, 33.6221013], [106.039981, 33.6207385], [106.0403062, 33.6193804], [106.0407515, 33.6180358], [106.04073, 33.6172496], [106.0403974, 33.6170173], [106.0405282, 33.6160841], [106.0412615, 33.6140501], [106.0420282, 33.613086], [106.0423018, 33.6120698], [106.0426666, 33.6105395], [106.0423018, 33.6094003], [106.0420765, 33.6087748], [106.040376, 33.6078812], [106.0403009, 33.6069073], [106.0407944, 33.6063399], [106.042511, 33.6057278], [106.0432781, 33.6049906], [106.0434605, 33.6039228], [106.0427685, 33.6011928], [106.0420185, 33.6004476], [106.0415991, 33.5996737], [106.041937, 33.59899], [106.0422803, 33.5986191], [106.0429274, 33.5985205], [106.043482, 33.5984985], [106.0449518, 33.5982483], [106.0451395, 33.5980294], [106.0450645, 33.5974306], [106.0446031, 33.5967291], [106.0445978, 33.5960901], [106.044639, 33.5956979], [106.0441042, 33.5947585], [106.0429563, 33.5929801], [106.0428865, 33.5918049], [106.0430215, 33.5904578], [106.045676, 33.5892667], [106.0472589, 33.5883518], [106.0476716, 33.587658], [106.0469903, 33.5859687], [106.0456224, 33.5834795], [106.0454454, 33.5827422], [106.0456814, 33.5822059], [106.0468562, 33.5821076], [106.047693, 33.5824651], [106.0492648, 33.5832427], [106.0502304, 33.5838102], [106.0511692, 33.5838237], [106.0514481, 33.5834349], [106.051432, 33.5823176], [106.0516413, 33.5799222], [106.0525851, 33.5787414], [106.0542591, 33.5788406], [106.0553159, 33.5789479], [106.057269, 33.5783265], [106.0591443, 33.5775468]]}}, {"type": "Feature", "properties": {"id": "OSM_罗家河", "name": "罗家河", "source": "OSM", "waterway": "river", "chainage_km": 154.3}, "geometry": {"type": "LineString", "coordinates": [[106.054759, 33.8764194], [106.0544157, 33.8756178], [106.054405, 33.8751368], [106.0550809, 33.8748784], [106.0550459, 33.8742174], [106.056033, 33.8734869], [106.0558184, 33.8716875], [106.0567625, 33.8707789], [106.0578014, 33.8704728], [106.0583719, 33.8699415], [106.0584081, 33.869616], [106.0577049, 33.8690449], [106.0576063, 33.8668236], [106.057437, 33.8662269], [106.0571691, 33.8658963], [106.0566261, 33.8655722], [106.0564561, 33.8652807], [106.0567545, 33.8648459], [106.0568336, 33.8645085], [106.0565482, 33.8634448], [106.0560759, 33.8609081], [106.0545524, 33.8581641], [106.054385, 33.8578017], [106.0539228, 33.8572426], [106.0537968, 33.8565284], [106.0536817, 33.8560912], [106.0534358, 33.855747], [106.0528711, 33.8552763], [106.0526262, 33.8548858], [106.0526427, 33.85403], [106.0522637, 33.853397], [106.0517913, 33.8523606], [106.0504392, 33.8492801], [106.050362, 33.8482103], [106.0503291, 33.8477194], [106.0495742, 33.8472404], [106.048958, 33.8465879], [106.048958, 33.8460569], [106.048958, 33.8455361], [106.0486945, 33.8452088], [106.0483943, 33.8450052], [106.047823, 33.8449859], [106.0472967, 33.8445583], [106.0471066, 33.8439078], [106.0471066, 33.8438187], [106.0475787, 33.8413236], [106.0463556, 33.8404681], [106.0460229, 33.8399319], [106.0459552, 33.839416], [106.0461408, 33.8381997], [106.0460927, 33.8374596], [106.0457542, 33.8367079], [106.0451325, 33.8357093], [106.0451715, 33.8343495], [106.0451754, 33.8342122], [106.0450648, 33.8333001], [106.0446431, 33.8326511], [106.0439523, 33.832002], [106.0436773, 33.8316868], [106.0427936, 33.8301839], [106.0422786, 33.8267793], [106.0420372, 33.8252284], [106.0419434, 33.824758], [106.041348, 33.8240405], [106.0407551, 33.8229467], [106.0397574, 33.8203174], [106.0393739, 33.8193566], [106.03965, 33.8185079], [106.0394168, 33.8157109], [106.0388052, 33.8137587], [106.0386917, 33.8118757], [106.0378557, 33.810407], [106.0362403, 33.8077968], [106.0358853, 33.8050184], [106.0364079, 33.8035913], [106.0380542, 33.8014398], [106.0385017, 33.8012339], [106.0394047, 33.8000253], [106.0406274, 33.7987569], [106.0412348, 33.7984846], [106.0430329, 33.7983518], [106.0456381, 33.799939], [106.046645, 33.8000851], [106.0484911, 33.7991221], [106.0540212, 33.795795], [106.0606142, 33.7913719], [106.0623803, 33.7896384], [106.0647549, 33.7868298], [106.0674549, 33.7836475], [106.0697404, 33.7808511], [106.0718902, 33.7781145], [106.0740878, 33.7756501], [106.0765972, 33.7728202], [106.0773723, 33.7714451], [106.0787948, 33.7682365], [106.0794981, 33.76629], [106.0795636, 33.7651952]]}}, {"type": "Feature", "properties": {"id": "OSM_南沙河", "name": "南沙河", "source": "OSM", "waterway": "river", "chainage_km": 69.1}, "geometry": {"type": "LineString", "coordinates": [[106.1724812, 32.9869644], [106.1723739, 32.9869959], [106.1722881, 32.9870521], [106.1722317, 32.9871286], [106.1721835, 32.9872119], [106.172162, 32.9873041], [106.1721781, 32.9875898], [106.1723283, 32.9882648], [106.1723551, 32.9885527], [106.1723363, 32.9887417], [106.1722183, 32.9889082], [106.1721379, 32.9890859], [106.1718991, 32.9899251], [106.1715746, 32.9905258], [106.1715022, 32.9905933], [106.1713976, 32.9906248], [106.1712876, 32.990627], [106.170955, 32.990573], [106.1705419, 32.9904065], [106.1699961, 32.9902772], [106.1692344, 32.9902356], [106.1688562, 32.9902952], [106.1687569, 32.9903379], [106.1687113, 32.9903717], [106.1686604, 32.9904538], [106.1686631, 32.9905033], [106.1686791, 32.9905505], [106.1687341, 32.9906315], [106.1688481, 32.9907519], [106.1689407, 32.9908182], [106.1691472, 32.9909307], [106.1693001, 32.9910398], [106.169347, 32.9910871], [106.1693752, 32.9911422], [106.1693645, 32.9913154], [106.1692706, 32.9915292], [106.1692277, 32.9915753], [106.169166, 32.9916068], [106.1687583, 32.9917654], [106.1675218, 32.9920061], [106.1673796, 32.9920196], [106.1669183, 32.9919971], [106.1667842, 32.9919723], [106.1666581, 32.9919251], [106.1665481, 32.9918599], [106.1664757, 32.9917586], [106.1664891, 32.9916461], [106.1665535, 32.9915359], [106.1676827, 32.990834], [106.1677068, 32.9907125], [106.1677015, 32.9906], [106.1676666, 32.9904898], [106.1676103, 32.9903863], [106.1673018, 32.9899948], [106.1671865, 32.9899206], [106.1669558, 32.9898036], [106.1668244, 32.9898149], [106.1667117, 32.9898779], [106.1666393, 32.9899768], [106.1666098, 32.9900916], [106.1666098, 32.9902041], [106.1666635, 32.990546], [106.1666501, 32.9906563], [106.166591, 32.9907553], [106.1664891, 32.990834], [106.1662585, 32.9909555], [106.1657864, 32.9912637], [106.1656523, 32.9912839], [106.1655155, 32.9912862], [106.165376, 32.9912569], [106.1652553, 32.9912164], [106.1642146, 32.9906675], [106.1640778, 32.990636], [106.1639437, 32.9906293], [106.1638123, 32.990636], [106.1636782, 32.990672], [106.1635682, 32.9907463], [106.1633858, 32.990915], [106.16284, 32.9911928], [106.1626415, 32.9912389], [106.1624819, 32.9912603], [106.1619347, 32.9913042], [106.1618972, 32.9913503], [106.1618851, 32.9914054], [106.1618932, 32.9914617], [106.16192, 32.9915145], [106.1620112, 32.9916056], [106.1620675, 32.9916473], [106.1628896, 32.9920432], [106.1629204, 32.9920972], [106.1629513, 32.9922119], [106.1629406, 32.9923323], [106.1627783, 32.992618], [106.1626549, 32.9927001], [106.1624095, 32.9928182], [106.1621989, 32.9928756], [106.1619227, 32.992933], [106.1618596, 32.9929622], [106.1614251, 32.9934571], [106.1612534, 32.9935786], [106.1611167, 32.9935831], [106.1609879, 32.9935561], [106.1608592, 32.9935066], [106.1605024, 32.9933177], [106.1604086, 32.9932299], [106.1596307, 32.9921883], [106.1595368, 32.9919588], [106.1594805, 32.9917249], [106.1591855, 32.9912569], [106.1589709, 32.9911771], [106.1588971, 32.9911636], [106.1587603, 32.9911782], [106.158637, 32.9912547], [106.1585551, 32.9913548], [106.1585323, 32.9914155], [106.1585096, 32.9915325], [106.1585055, 32.9916473], [106.1583084, 32.9921714], [106.1582762, 32.9922209], [106.1582158, 32.9922524], [106.1580844, 32.9922299], [106.1580174, 32.9922344], [106.1579557, 32.9922547], [106.1577612, 32.9923795], [106.1575654, 32.9925415], [106.1574072, 32.9927327], [106.1571899, 32.9930432], [106.1571094, 32.9931309], [106.1566173, 32.993465], [106.1561304, 32.9936742], [106.1560808, 32.993717], [106.1560446, 32.9937721], [106.1560164, 32.9939925], [106.1560325, 32.9940623], [106.156113, 32.9942917], [106.1561908, 32.994384], [106.1563598, 32.9944762], [106.1564912, 32.9945223], [106.1566401, 32.9945437], [106.1567809, 32.9945302], [106.1568466, 32.994537], [106.1570719, 32.9946438], [106.1571148, 32.9946911], [106.1571027, 32.9949171], [106.1570719, 32.9949666], [106.1569726, 32.9950521], [106.1566722, 32.9952186], [106.1565086, 32.9952793], [106.1559775, 32.9953716], [106.1557603, 32.9955088], [106.1556718, 32.9955965], [106.1556128, 32.9956978], [106.1555859, 32.995808], [106.1555591, 32.9964131], [106.1555725, 32.9965436], [106.1556128, 32.9966606], [106.1556986, 32.9967528], [106.1558354, 32.9967888], [106.1562484, 32.9967911], [106.156522, 32.9968136], [106.156624, 32.9968878], [106.1566105, 32.9969958], [106.1565328, 32.9971375], [106.156455, 32.9972297], [106.156168, 32.9976369], [106.1558863, 32.9978461], [106.1543092, 32.9987482], [106.1541885, 32.9988404], [106.1540061, 32.9990159], [106.1539391, 32.9991261], [106.1538935, 32.9992476], [106.153821, 32.999612], [106.153864, 33.0001856], [106.1538854, 33.0003071], [106.1539257, 33.000424], [106.1539847, 33.0005298], [106.1540651, 33.0006332], [106.1541724, 33.0007075], [106.1546659, 33.0009189], [106.1555538, 33.0012271], [106.1556503, 33.0013171], [106.1557147, 33.0014251], [106.155712, 33.001542], [106.1556879, 33.001659], [106.1556342, 33.0017805], [106.1554505, 33.002002], [106.1553338, 33.0020695], [106.1550146, 33.0022135], [106.1548604, 33.0023428], [106.1547786, 33.0024407], [106.1546887, 33.002597], [106.1545855, 33.0028759], [106.1545734, 33.0029569], [106.1545292, 33.0030446], [106.1540893, 33.0036407], [106.1539471, 33.0040591], [106.1539283, 33.0042886], [106.1539149, 33.004518], [106.153923, 33.0047497], [106.153982, 33.0049859], [106.1540249, 33.0051141], [106.1544138, 33.0056292], [106.1544996, 33.0057169], [106.154902, 33.0060588], [106.1550441, 33.0062635], [106.1550951, 33.0063782], [106.1551219, 33.0064884], [106.1551085, 33.0070553], [106.1551246, 33.0071677], [106.1552104, 33.0073859], [106.1552694, 33.0074849], [106.1553499, 33.0075793], [106.1558434, 33.0078875], [106.1580402, 33.0088097], [106.160017, 33.0098174], [106.1616129, 33.0104854], [106.1630653, 33.0109397], [106.1640497, 33.0112006], [106.1649844, 33.0115763], [106.1653841, 33.0118102], [106.1674225, 33.0132069], [106.1686671, 33.0138704], [106.170027, 33.0142842], [106.1719742, 33.0146306], [106.1724517, 33.0148803], [106.1737391, 33.0161712], [106.1742192, 33.0164344], [106.176475, 33.0173407], [106.1775613, 33.0178603], [106.1776927, 33.0180942], [106.1778067, 33.0184135], [106.1778496, 33.0185901], [106.1778644, 33.018707], [106.1778724, 33.0192434], [106.1778094, 33.0196719], [106.1777799, 33.0197866], [106.1777544, 33.0198428], [106.1773883, 33.0203983], [106.177289, 33.0204826], [106.1766815, 33.0207536], [106.1763127, 33.0208436], [106.1761102, 33.0208503], [106.1754075, 33.0207918], [106.1751889, 33.0207604], [106.1751178, 33.0207424], [106.1746739, 33.0205265], [106.1744821, 33.0204556], [106.174053, 33.0203994], [106.1736828, 33.0203735], [106.1735541, 33.0204084], [106.1733998, 33.0205163], [106.1733247, 33.0206097], [106.1732443, 33.0207694], [106.1731759, 33.0208717], [106.1730887, 33.0209594], [106.1729707, 33.0210246], [106.1723417, 33.0213035], [106.1715545, 33.0213923], [106.1713707, 33.0214654], [106.1712876, 33.0215554], [106.171242, 33.0216644], [106.1712527, 33.0218342], [106.171297, 33.0219422], [106.1713788, 33.0220344], [106.1714311, 33.0220737], [106.1718173, 33.0223144], [106.1726032, 33.0225145], [106.1732161, 33.0225618], [106.1732724, 33.022591], [106.1733448, 33.0226888], [106.1733609, 33.0228024], [106.1733408, 33.0229733], [106.1732738, 33.0230756], [106.1729747, 33.023377], [106.1726394, 33.0235502], [106.1723819, 33.0236401], [106.1722666, 33.0237076], [106.1721915, 33.023802], [106.1718696, 33.0243148], [106.1717838, 33.0245374], [106.1717033, 33.0248792], [106.1712366, 33.025835], [106.1708115, 33.026748], [106.1707753, 33.0269212], [106.1707364, 33.02739], [106.1707485, 33.0275092], [106.1708584, 33.0278578], [106.1710797, 33.0284785], [106.1710998, 33.028628], [106.1710905, 33.0287449], [106.1710529, 33.028926], [106.1710127, 33.0290395], [106.1709818, 33.029089], [106.1709014, 33.0291846], [106.1708075, 33.0292678], [106.1705527, 33.0293914], [106.1697024, 33.029559], [106.169453, 33.0296647], [106.1682057, 33.0304169], [106.1678249, 33.0307991], [106.1677591, 33.0309026], [106.1677229, 33.0310083], [106.1676197, 33.0314726], [106.1676063, 33.031729], [106.1676358, 33.0322304], [106.1677632, 33.0329792], [106.1678892, 33.0335504]]}}, {"type": "Feature", "properties": {"id": "OSM_巩家河", "name": "巩家河", "source": "OSM", "waterway": "river", "chainage_km": 75.4}, "geometry": {"type": "LineString", "coordinates": [[106.1678892, 33.0335504], [106.1672804, 33.0337235], [106.1668512, 33.0337887], [106.1665294, 33.0338], [106.1652231, 33.0337325], [106.1651239, 33.033737], [106.1650246, 33.0337573], [106.1649254, 33.0337977], [106.1648422, 33.0338472], [106.1647725, 33.0339079], [106.1647242, 33.0339844], [106.1647028, 33.0340653], [106.1647001, 33.0341463], [106.164743, 33.0344004], [106.1650783, 33.034994], [106.1650783, 33.0352503], [106.1650354, 33.035329], [106.1649764, 33.0353988], [106.1648154, 33.0354999], [106.1645526, 33.0356326], [106.1638176, 33.035853], [106.1630076, 33.0359789], [106.1600599, 33.0361565], [106.1599553, 33.0361565], [106.1594725, 33.0361026], [106.1592633, 33.0360553], [106.1589763, 33.0359609], [106.1588851, 33.0359204], [106.1587965, 33.0358732], [106.1587161, 33.0358102], [106.1585981, 33.0356596], [106.1581475, 33.0349715], [106.1575815, 33.0344161], [106.1574957, 33.0343756], [106.1572999, 33.0343172], [106.1572006, 33.0343014], [106.1569995, 33.0342992], [106.1568037, 33.0343532], [106.1566401, 33.0344498], [106.1564389, 33.0346477], [106.1562699, 33.0348726], [106.1561412, 33.0351064], [106.156058, 33.035356], [106.156007, 33.0356169], [106.1559132, 33.0365882], [106.1559802, 33.0368356], [106.1560205, 33.0369233], [106.1561385, 33.0370829], [106.1563504, 33.0372718], [106.1565274, 33.0373707], [106.1572087, 33.0376855], [106.1576486, 33.0380026], [106.1576915, 33.0380813], [106.1577156, 33.0381622], [106.1577129, 33.0382454], [106.1576754, 33.0384118], [106.1576271, 33.0384928], [106.1574259, 33.0386884], [106.157265, 33.0387828], [106.157088, 33.0388638], [106.1566856, 33.0389425], [106.1549664, 33.0393854], [106.1540946, 33.0397047], [106.1533262, 33.0399666], [106.1531264, 33.0399678], [106.1529708, 33.0399363], [106.1527804, 33.039861], [106.152716, 33.0397418], [106.1527093, 33.0396103], [106.1527535, 33.039481], [106.1530285, 33.0392033], [106.1530472, 33.0391032], [106.1529332, 33.038558], [106.1527723, 33.0380633], [106.1526731, 33.0379104], [106.1520106, 33.0371729], [106.1519381, 33.0371212], [106.1511227, 33.0367726], [106.1510557, 33.0367232], [106.1507177, 33.0363521], [106.1496502, 33.0349153], [106.1487624, 33.0337865], [106.1481106, 33.0328196], [106.1468688, 33.0314119], [106.145981, 33.0309082], [106.1453319, 33.0306923], [106.1451307, 33.0306676], [106.1447445, 33.0306788], [106.1444601, 33.0307081], [106.1441678, 33.030762], [106.1440739, 33.030789], [106.143913, 33.03087], [106.1434168, 33.0313107], [106.1432317, 33.0315963], [106.14317, 33.0318324], [106.1430573, 33.0326532], [106.1431298, 33.0330197], [106.143913, 33.0346162], [106.1445674, 33.0352616], [106.1446345, 33.0353133], [106.1447874, 33.0354032], [106.1449778, 33.035455], [106.145069, 33.0354662], [106.1452568, 33.035473], [106.1454445, 33.035464], [106.14593, 33.0354077], [106.1462116, 33.0353875], [106.1463967, 33.035419], [106.1464611, 33.0354752], [106.146504, 33.0355427], [106.1465335, 33.0356933], [106.1465362, 33.035853], [106.1465201, 33.0360081], [106.1462679, 33.0367007], [106.145879, 33.0371234], [106.1452246, 33.0375709], [106.1448598, 33.0376675], [106.1447605, 33.0376743], [106.1445674, 33.0376563], [106.144385, 33.0376091], [106.1428615, 33.0369413], [106.1426631, 33.036912], [106.1424646, 33.0369053], [106.1416385, 33.0370132], [106.1405092, 33.0373932], [106.140461, 33.0374584], [106.1404288, 33.0375304], [106.1404234, 33.0376091], [106.1404502, 33.037762], [106.1405012, 33.0379104], [106.1406326, 33.0381307], [106.1413327, 33.0390167], [106.1413676, 33.0390886], [106.1413836, 33.0391651], [106.1413917, 33.0394956], [106.1413756, 33.039572], [106.1413327, 33.0396462], [106.1409545, 33.0401049], [106.1402813, 33.0405231], [106.1397636, 33.0407187], [106.13949, 33.0407457], [106.1393076, 33.0407322], [106.1392191, 33.040712], [106.1390609, 33.0406333], [106.1389321, 33.0405276], [106.1388892, 33.0404557], [106.1385727, 33.0396485], [106.1385244, 33.0395765], [106.1380845, 33.0393494], [106.1371243, 33.0387333], [106.1363277, 33.0380768], [106.1358207, 33.0375709], [106.1357403, 33.0375236], [106.1355767, 33.0374539], [106.1353943, 33.0374449], [106.1352092, 33.0374742], [106.1351234, 33.0375034], [106.1350563, 33.0375529], [106.1350054, 33.0376248], [106.1348927, 33.0380858], [106.1348015, 33.038911], [106.1347479, 33.0390616], [106.1346272, 33.0391898], [106.1331144, 33.0402286], [106.1316231, 33.041065], [106.1309177, 33.0413303], [106.1297831, 33.0415732], [106.1295953, 33.0415866], [106.1292171, 33.0415777], [106.1285976, 33.0415214], [106.1268541, 33.0412449], [106.1264598, 33.0412134], [106.1262801, 33.0412201], [106.1259019, 33.0412741], [106.1258107, 33.0412966], [106.1256391, 33.0413708], [106.1254352, 33.0415282], [106.1253843, 33.0415934], [106.1253145, 33.0417463], [106.1252931, 33.0418272], [106.1252931, 33.0419059], [106.1253306, 33.0420543], [106.1254245, 33.0422837], [106.1255774, 33.0425715], [106.1256766, 33.0427131], [106.1258107, 33.0428323], [106.1260441, 33.0429604], [106.1270231, 33.0433494], [106.1276105, 33.0437114], [106.1276615, 33.0437721], [106.1277392, 33.0439205], [106.1277607, 33.0439924], [106.1277553, 33.0441476], [106.127699, 33.0443791], [106.1273986, 33.0450019], [106.1272672, 33.045202], [106.1262667, 33.0458226], [106.1261085, 33.0459035], [106.1260253, 33.0459372], [106.1258376, 33.0459867], [106.1254594, 33.0460564], [106.1242148, 33.0465578], [106.1238527, 33.0466657], [106.1237723, 33.0466994], [106.1229032, 33.0473177], [106.1228549, 33.0473807], [106.1228308, 33.0474571], [106.1228281, 33.0480394], [106.1227289, 33.0484643], [106.1226484, 33.0486172], [106.1224955, 33.048815], [106.1221388, 33.0496042], [106.1220154, 33.0497188], [106.1218411, 33.0497683], [106.1217445, 33.0497683], [106.1214709, 33.0497368], [106.1212805, 33.0496829], [106.1211222, 33.0495862], [106.1205375, 33.0489972], [106.1204624, 33.0489454], [106.1203766, 33.0489207], [106.12028, 33.0489072], [106.1201888, 33.0489095], [106.1200091, 33.0489499], [106.1199179, 33.0489837], [106.1194807, 33.0491995], [106.1193332, 33.0493052], [106.1192206, 33.0494333], [106.1191374, 33.0495794], [106.1189765, 33.0500606], [106.1189416, 33.0502157], [106.1188826, 33.0507036], [106.1188021, 33.0509306], [106.1187431, 33.0511667], [106.1187324, 33.0513173], [106.1188316, 33.0517894], [106.1188236, 33.0519468], [106.1188021, 33.052021], [106.1187565, 33.0520862], [106.1186224, 33.0521963], [106.1182523, 33.0523964], [106.1179867, 33.0524504], [106.1178017, 33.0524459], [106.1177132, 33.0524257], [106.1176354, 33.0523739], [106.1175737, 33.0523087], [106.1175066, 33.0521604], [106.1172008, 33.0507125], [106.1170265, 33.050436], [106.1167851, 33.0503169], [106.1167046, 33.0502989], [106.1165222, 33.0502831], [106.1163506, 33.0502854], [106.1162728, 33.0503011], [106.1161199, 33.0503573], [106.1157364, 33.0505394], [106.1156586, 33.0505664], [106.1154923, 33.0506046], [106.1151731, 33.0506451], [106.1145052, 33.0508227], [106.1143309, 33.0508969], [106.1142638, 33.0509464], [106.1129737, 33.0514365], [106.1128101, 33.0514455], [106.1123487, 33.0513937], [106.1121637, 33.05136], [106.1120135, 33.0513061], [106.1119384, 33.0512634], [106.1117506, 33.0510992], [106.1113912, 33.0505866], [106.110962, 33.0502067], [106.1107287, 33.050083], [106.1106536, 33.0500606], [106.1104953, 33.0500223], [106.1100849, 33.0499931], [106.1078963, 33.0498919], [106.1064103, 33.0497683], [106.1058846, 33.0494783], [106.105772, 33.0493614], [106.105729, 33.0493007], [106.1057076, 33.0492265], [106.1057264, 33.0489409], [106.1057532, 33.0488016], [106.1059704, 33.0481158], [106.1060107, 33.0478618], [106.1058551, 33.0471378], [106.1057666, 33.046922], [106.1052275, 33.0460654], [106.1051819, 33.0460092], [106.1047795, 33.0457012], [106.1046991, 33.0456697], [106.1044496, 33.0456225], [106.1041975, 33.0456067], [106.1040285, 33.045618], [106.1038622, 33.0456472], [106.1036208, 33.0457214], [106.1030978, 33.0460474], [106.1028296, 33.0462385], [106.1024219, 33.0464184], [106.1022529, 33.0464544], [106.1020115, 33.0465308], [106.1017996, 33.0466455], [106.1015904, 33.0467983], [106.1009923, 33.0471221], [106.0999516, 33.0474234], [106.099104, 33.0473919], [106.0988224, 33.0473559], [106.0987258, 33.0473379], [106.0985541, 33.047284], [106.0984012, 33.047203], [106.0983422, 33.0471446], [106.0980687, 33.0466882], [106.0980096, 33.0464071], [106.0980096, 33.0463374], [106.0980257, 33.0461913], [106.0980767, 33.0460452], [106.0981464, 33.0459058], [106.0981947, 33.0458406], [106.0983449, 33.045663], [106.0984683, 33.0455528], [106.0991523, 33.0451683], [106.0992515, 33.0450379], [106.0992649, 33.0449637], [106.0992354, 33.0444399], [106.0992569, 33.0443005], [106.0993025, 33.0441543], [106.0993776, 33.0439992], [106.1002251, 33.0426659], [106.1005712, 33.0419262], [106.1005872, 33.0418542], [106.1005846, 33.0417823], [106.1005631, 33.0417103], [106.1004692, 33.0415732], [106.1004049, 33.0415237], [106.1002547, 33.0414427], [106.1000964, 33.0413978], [106.0996699, 33.0413236], [106.0994017, 33.0413123], [106.0990074, 33.0413843], [106.0984549, 33.0415439], [106.0982966, 33.0416294], [106.0974812, 33.0422342], [106.0973337, 33.0423309], [106.0971808, 33.0423983], [106.0970172, 33.0424343], [106.096403, 33.0424388], [106.0959765, 33.0423668], [106.0958022, 33.0423174], [106.0956547, 33.0422522], [106.0952711, 33.0420116], [106.0945228, 33.0416271], [106.0941687, 33.0415844], [106.0940051, 33.0415799], [106.0935035, 33.0416001], [106.0932326, 33.0415642], [106.0930583, 33.0415529], [106.0928866, 33.0415552], [106.0926962, 33.0415754], [106.0926077, 33.0415911], [106.0907972, 33.0420948], [106.0905209, 33.042133], [106.0903519, 33.0421353], [106.0901669, 33.0421173], [106.0889357, 33.0417328], [106.0887748, 33.0416361], [106.0887212, 33.0415777], [106.0884047, 33.041074], [106.0883832, 33.0409953], [106.0883671, 33.0408424], [106.0883751, 33.0407727], [106.0884047, 33.0406985], [106.0887077, 33.0401521], [106.0887051, 33.0400824], [106.0885951, 33.0398778], [106.088528, 33.0398351], [106.0883751, 33.0397676], [106.088292, 33.0397497], [106.0882089, 33.0397339], [106.0880452, 33.0397339], [106.0878521, 33.0397699], [106.0876912, 33.0398284], [106.0872486, 33.0400982], [106.0871387, 33.0402083], [106.086975, 33.040422], [106.0867015, 33.0408784], [106.0865942, 33.0409863], [106.086401, 33.0411415], [106.0862911, 33.0412539], [106.0856634, 33.042468], [106.0855669, 33.0425849], [106.0855079, 33.0426344], [106.085296, 33.0427558], [106.0850412, 33.0428143], [106.0846308, 33.0428503], [106.0839468, 33.0428547], [106.0837162, 33.042803], [106.0835659, 33.0427221], [106.0825038, 33.0418047], [106.0820264, 33.0415911], [106.0818708, 33.0415372], [106.0808194, 33.0413483], [106.0805485, 33.0413461], [106.0802695, 33.0413843], [106.0801971, 33.0414135], [106.0800576, 33.0415079], [106.0799074, 33.0416788], [106.0795829, 33.0422005], [106.0793495, 33.0424928], [106.0791403, 33.0426636], [106.0790196, 33.0427221], [106.0788345, 33.0427401], [106.0786736, 33.0427277], [106.0783464, 33.0426996]]}}, {"type": "Feature", "properties": {"id": "OSM_永宁河", "name": "永宁河", "source": "OSM", "waterway": "river", "chainage_km": 166.6}, "geometry": {"type": "LineString", "coordinates": [[106.1602023, 34.0494219], [106.1601631, 34.0473197], [106.1630849, 34.0461178], [106.16684, 34.0460437], [106.1671529, 34.044451], [106.1662141, 34.0427841], [106.1620567, 34.0405245], [106.1618332, 34.0377092], [106.1622802, 34.0370794], [106.168941, 34.0390798], [106.1699245, 34.0383019], [106.1702821, 34.0365238], [106.168941, 34.0357458], [106.1680309, 34.0349131], [106.1678302, 34.0333768], [106.1680023, 34.0298184], [106.1689857, 34.0278919], [106.1708633, 34.0262247], [106.1735705, 34.0256097], [106.1745357, 34.0242629], [106.1749313, 34.024224], [106.1767641, 34.0237794], [106.17769, 34.0239962], [106.179044, 34.0238535], [106.179938, 34.0219269], [106.1783287, 34.0214082], [106.178284, 34.0202596], [106.1797145, 34.0195926], [106.1801616, 34.0183328], [106.1798933, 34.0174806], [106.1786417, 34.0174065], [106.1777923, 34.0197038], [106.175423, 34.0192592], [106.1732326, 34.0173324], [106.1740819, 34.0162208], [106.1776582, 34.0159614], [106.1805639, 34.0131082], [106.1815474, 34.0117001], [106.1768088, 34.010922], [106.1768535, 34.0095509], [106.1763171, 34.008995], [106.1744395, 34.0090321], [106.1734114, 34.0102179], [106.1736349, 34.0124783], [106.1747525, 34.0137752], [106.1745737, 34.0148498], [106.1734114, 34.0152574], [106.1710868, 34.0144052], [106.1707292, 34.0132194], [106.1699245, 34.0109961], [106.1710868, 34.0096991], [106.1722491, 34.0085133], [106.1722491, 34.0073645], [106.170148, 34.0071051], [106.1669741, 34.0082168], [106.1646048, 34.0073275], [106.1649624, 34.0058452], [106.168941, 34.0038069], [106.1739478, 34.0018057], [106.1734114, 34.000731], [106.1692093, 34.0000268], [106.1687622, 33.9985814], [106.1724279, 33.9970249], [106.1745289, 33.9963948], [106.1747078, 33.9952088], [106.1720703, 33.9943934], [106.1704162, 33.9913912], [106.1714444, 33.9909465], [106.1739925, 33.9920213], [106.1764959, 33.9924661], [106.1787311, 33.9920213], [106.179491, 33.9906499], [106.1776582, 33.9893897], [106.1772558, 33.9882407], [106.1784181, 33.9877218], [106.1811003, 33.9873511], [106.179938, 33.9864615], [106.1768088, 33.9860538], [106.1765406, 33.985053], [106.1768535, 33.9840151], [106.1793569, 33.9827918], [106.1825755, 33.981791], [106.1909351, 33.9811979], [106.1932596, 33.9791591], [106.1933937, 33.9772685], [106.191695, 33.9757486], [106.184766, 33.9758969], [106.183112, 33.9747847], [106.1824414, 33.9722638], [106.17739, 33.9724863], [106.1758253, 33.9719672], [106.1749313, 33.9706697], [106.1756912, 33.9687789], [106.1773416, 33.9669088], [106.1774969, 33.9655639], [106.1771965, 33.9640067], [106.1768392, 33.9625309], [106.1786864, 33.9612154], [106.1818156, 33.9607705], [106.1834338, 33.9600111], [106.1836502, 33.9594505], [106.1833709, 33.9591169], [106.1828241, 33.9587475], [106.1818902, 33.9583462], [106.1807852, 33.9579281], [106.1775241, 33.9579525], [106.1747525, 33.9574334], [106.1734561, 33.9559131], [106.1743645, 33.9554681], [106.1743265, 33.9547608], [106.1740583, 33.9539687], [106.1742607, 33.9526871], [106.1750654, 33.948571], [106.1768535, 33.9472731], [106.1810109, 33.9455672], [106.1831567, 33.9455672], [106.184319, 33.9460493], [106.1862859, 33.9460493], [106.188074, 33.9446401], [106.189594, 33.9439355], [106.1897728, 33.9426746], [106.1897691, 33.9410443], [106.188834, 33.9401898], [106.1858836, 33.9396335], [106.1847213, 33.9390772], [106.182352, 33.9389659], [106.1809296, 33.9390595], [106.178141, 33.938368], [106.176183, 33.9374082], [106.1755571, 33.9355909], [106.1752889, 33.9312885], [106.1764959, 33.9291001], [106.1800436, 33.9290704], [106.1810556, 33.9295452], [106.1836931, 33.9303983], [106.1854813, 33.9303983], [106.1860624, 33.929471], [106.1874965, 33.9283464], [106.1880973, 33.9266327], [106.1879399, 33.9251683], [106.1874786, 33.9230376], [106.1859243, 33.9199202], [106.1855155, 33.917676], [106.1848079, 33.9166719], [106.1821691, 33.9151598], [106.1812344, 33.9142251], [106.1807427, 33.9131121], [106.1795395, 33.9121153], [106.179485, 33.9118863], [106.179752, 33.9114501], [106.1798295, 33.9109336], [106.1800236, 33.9104636], [106.1814451, 33.9087833], [106.1819386, 33.9085874], [106.1819586, 33.9081244], [106.1817777, 33.9076613], [106.1814025, 33.9072043], [106.1805764, 33.9072741], [106.1791334, 33.9074358], [106.1781499, 33.9067309], [106.1785047, 33.9054513], [106.1789602, 33.9042813], [106.1789007, 33.903141], [106.1767007, 33.9020154], [106.1754974, 33.9007414], [106.1759119, 33.8996261], [106.1768118, 33.8991562], [106.1803351, 33.8980771], [106.1826682, 33.8962194], [106.1833773, 33.8951363], [106.183666, 33.8933476], [106.1834954, 33.8915369], [106.1827753, 33.8888062], [106.1826149, 33.8880705]]}}, {"type": "Feature", "properties": {"id": "OSM_东河", "name": "东河", "source": "OSM", "waterway": "stream", "chainage_km": 156.3}, "geometry": {"type": "LineString", "coordinates": [[106.0917952, 33.8162477], [106.0919587, 33.8160692], [106.0922062, 33.8158364], [106.092449, 33.8156657], [106.0927432, 33.8154445], [106.092888, 33.8152971], [106.093327, 33.814913], [106.0933924, 33.8147151], [106.0934951, 33.8145482], [106.0937613, 33.8142456], [106.0939014, 33.8138537], [106.0939574, 33.8131204], [106.0940041, 33.8125228], [106.0940742, 33.8120572], [106.0941349, 33.8115528], [106.0940228, 33.8108311], [106.0937847, 33.8093876], [106.0936492, 33.808565], [106.0936913, 33.8083671], [106.0938127, 33.80808], [106.0939107, 33.8078704], [106.0940415, 33.8076803], [106.0940462, 33.80756], [106.0940041, 33.8074009], [106.0939855, 33.8072535], [106.0942096, 33.8070556], [106.0944104, 33.8069004], [106.0944571, 33.8066714], [106.0944104, 33.806101], [106.0943684, 33.8058255], [106.094317, 33.8055927], [106.0941442, 33.8054336], [106.0938827, 33.8053404], [106.0937239, 33.805224], [106.0935698, 33.8049563], [106.0933503, 33.8047312], [106.0930655, 33.804541], [106.092874, 33.8043393], [106.0927806, 33.8041336], [106.0928974, 33.8037882], [106.0929441, 33.8036408], [106.0929861, 33.8034351], [106.0929627, 33.803245], [106.0928833, 33.8030626], [106.092818, 33.8028569], [106.0927619, 33.8026279], [106.0927106, 33.8023524], [106.0927479, 33.8021856], [106.0929767, 33.8017587], [106.0929954, 33.801619], [106.0930094, 33.8013318], [106.0929814, 33.801165], [106.0929627, 33.8009049], [106.0929814, 33.8007109], [106.0930281, 33.800513], [106.0930701, 33.800253], [106.0931589, 33.7997601], [106.0931402, 33.7994148], [106.0931869, 33.7989452], [106.0932476, 33.798169], [106.0933503, 33.7978198], [106.0935091, 33.7975559], [106.0935652, 33.7973502], [106.0935698, 33.7970824], [106.0935325, 33.7968069], [106.0934764, 33.7966322], [106.0932289, 33.7960424], [106.0932196, 33.795759], [106.0931682, 33.7955417], [106.0930048, 33.795371], [106.0927432, 33.7951071], [106.0924677, 33.794847], [106.0922669, 33.7946452], [106.0921502, 33.7943736], [106.0920381, 33.7941291], [106.0918419, 33.7939855], [106.0916551, 33.7938768], [106.0912675, 33.7935586], [106.0906277, 33.792988], [106.0901467, 33.7924059], [106.0897498, 33.7918082], [106.0895396, 33.7913347], [106.0890353, 33.79038], [106.0887924, 33.7899919], [106.0884142, 33.7892894], [106.0880219, 33.7885907], [106.0878911, 33.7883656], [106.0878491, 33.7881755], [106.0877464, 33.7878494], [106.0876063, 33.7875428], [106.0875689, 33.7871042], [106.0876343, 33.7867782], [106.087681, 33.7864095], [106.0876856, 33.7860951], [106.0877604, 33.7855439], [106.0879285, 33.7852917], [106.0880032, 33.7850122], [106.08812, 33.7847483], [106.0881853, 33.7845658], [106.0884188, 33.7842243], [106.0886103, 33.7839681], [106.0889045, 33.7836382], [106.0891473, 33.7830715], [106.0891473, 33.7826523], [106.0890633, 33.782105], [106.0888812, 33.7815383], [106.088537, 33.78098], [106.0884662, 33.7805799], [106.08836, 33.7800681], [106.0882751, 33.7796621], [106.0882114, 33.7793268], [106.0882255, 33.7789561], [106.0882397, 33.7787325], [106.0880486, 33.77805], [106.0877654, 33.7773028], [106.0875855, 33.7768258], [106.0873377, 33.7759291], [106.0875135, 33.7752714], [106.088049, 33.7734181], [106.0882088, 33.7726807], [106.088033, 33.7720895], [106.0876539, 33.7717472], [106.0867463, 33.7711528], [106.0857634, 33.7708805], [106.0849882, 33.7706546], [106.0846925, 33.7701896], [106.0843409, 33.7689805], [106.0844448, 33.7676984], [106.0844591, 33.767422], [106.0843577, 33.7671996], [106.0837336, 33.7668746], [106.0826227, 33.7663631], [106.0802253, 33.7654396], [106.0795636, 33.7651952]]}}, {"type": "Feature", "properties": {"id": "OSM_云屏河", "name": "云屏河", "source": "OSM", "waterway": "river", "chainage_km": 179.8}, "geometry": {"type": "LineString", "coordinates": [[106.4334335, 33.6844147], [106.4331245, 33.6844283], [106.4329131, 33.6843471], [106.4325716, 33.6842659], [106.4322139, 33.6841509], [106.431913, 33.6840832], [106.4317016, 33.6840764], [106.4311975, 33.6842862], [106.4307991, 33.6845297], [106.4302055, 33.6849628], [106.4300104, 33.6852266], [106.4296933, 33.6856326], [106.4289696, 33.6861332], [106.4288025, 33.68626], [106.4285783, 33.6865126], [106.4285176, 33.6867535], [106.4284151, 33.6871703], [106.4284718, 33.6875472], [106.4284364, 33.6878123], [106.4283514, 33.6879536], [106.4281957, 33.6881303], [106.4280174, 33.688324], [106.4278993, 33.6885919], [106.4278564, 33.6887525], [106.427674, 33.6888775], [106.4274165, 33.6889311], [106.4267492, 33.6889423], [106.4255905, 33.6887995], [106.4253652, 33.6888084], [106.4251399, 33.6888798], [106.4249253, 33.6889601], [106.4245283, 33.689219], [106.4235949, 33.6901742], [106.4231229, 33.6903349], [106.4224362, 33.6904599], [106.4222431, 33.6905491], [106.4221144, 33.6907009], [106.4218676, 33.6916829], [106.4217603, 33.6918525], [106.4214599, 33.692147], [106.4212775, 33.6922631], [106.4208269, 33.6923345], [106.4206016, 33.6923166], [106.4203977, 33.6921827], [106.4199686, 33.6917364], [106.4197862, 33.6916382], [106.4193356, 33.6916561], [106.4186811, 33.6919239], [106.4184558, 33.6919685], [106.4174473, 33.6919685], [106.4170396, 33.6918078], [106.4164066, 33.6914686], [106.41572, 33.6911919], [106.4150977, 33.6914775], [106.4146578, 33.6919417], [106.4144218, 33.692031], [106.413703, 33.6921649], [106.4131343, 33.6928165], [106.4129841, 33.6929594], [106.4127803, 33.6930665], [106.4125335, 33.6930843], [106.4122975, 33.6930486], [106.4118254, 33.6928612], [106.4115786, 33.6928076], [106.4113533, 33.6928433], [106.4111709, 33.6929951], [106.4109135, 33.6933254], [106.4106345, 33.693861], [106.4103663, 33.6941466], [106.4102697, 33.6943251], [106.4101624, 33.6949232], [106.4097333, 33.6961997], [106.4097118, 33.6963871], [106.4091754, 33.6968959], [106.4086068, 33.6972797], [106.4084995, 33.6974493], [106.4084458, 33.6978421], [106.4084458, 33.6984848], [106.4083171, 33.6992792], [106.4080381, 33.6996005], [106.4076733, 33.6998326], [106.4076519, 33.700993], [106.4077806, 33.7013679], [106.4080381, 33.701707], [106.4083814, 33.7019391], [106.4086175, 33.7022604], [106.4087033, 33.7026353], [106.4086818, 33.7030102], [106.4085531, 33.7037421], [106.4084458, 33.7040991], [106.4078879, 33.7051344], [106.4071369, 33.7061698], [106.4069867, 33.7065268], [106.4067292, 33.7068659], [106.4063215, 33.7070801], [106.4059996, 33.7074015], [106.4058065, 33.7077406], [106.4056778, 33.7081155], [106.4054417, 33.7084368], [106.4050555, 33.7091151], [106.4049268, 33.7094721], [106.4049053, 33.7098558], [106.4051628, 33.7106769], [106.4054847, 33.7114087], [106.4053988, 33.7128991], [106.4051306, 33.7132383], [106.4047444, 33.7135149], [106.4046049, 33.7136667], [106.4044976, 33.7142378], [106.4044869, 33.7150499], [106.4040363, 33.7161209], [106.403811, 33.7164689], [106.4036608, 33.7166028], [106.4030599, 33.716933], [106.4029205, 33.7170936], [106.402899, 33.717281], [106.4031458, 33.7180038], [106.4031672, 33.7182002], [106.4030599, 33.7185928], [106.4030492, 33.7189676], [106.403178, 33.7193246], [106.4032423, 33.7197262], [106.4032102, 33.7199046], [106.4030385, 33.7202973], [106.4029205, 33.720449], [106.4023626, 33.7208416], [106.4022553, 33.7210112], [106.4022124, 33.7214038], [106.4022338, 33.7216002], [106.4024377, 33.7221713], [106.4024377, 33.7225461], [106.4023733, 33.7227424], [106.4021265, 33.7231796], [106.4017939, 33.7235723], [106.4009035, 33.7241701], [106.400603, 33.7244557], [106.4004743, 33.7246074], [106.4002275, 33.7251874], [106.4000988, 33.725348], [106.3999164, 33.725464], [106.3988006, 33.7256425], [106.398586, 33.7257228], [106.3984787, 33.7258834], [106.3981676, 33.7265973], [106.3981569, 33.7267936], [106.3980818, 33.7270077], [106.3974702, 33.7280963], [106.3973093, 33.72848], [106.3965475, 33.7295151], [106.3959789, 33.7301932], [106.3953674, 33.7310676], [106.3952064, 33.7312193], [106.3950026, 33.7315495], [106.394552, 33.7317101], [106.3941121, 33.7317279], [106.3938975, 33.7317814], [106.3937044, 33.7319064], [106.3931787, 33.7325755], [106.3929748, 33.7329057], [106.3929319, 33.7332893], [106.3929534, 33.7334946], [106.3932109, 33.7344314], [106.3931894, 33.7346455], [106.3931465, 33.7348418], [106.3928783, 33.7352523], [106.3925779, 33.7355378], [106.3914084, 33.735975], [106.3896704, 33.7368136], [106.3889837, 33.7370545], [106.3887691, 33.7370724], [106.3881576, 33.7372597], [106.3877284, 33.7374917], [106.3876104, 33.7376612], [106.3875675, 33.7380538], [106.3874709, 33.7384374], [106.3872778, 33.7388211], [106.3870096, 33.7391869], [106.3868165, 33.7395616], [106.3865268, 33.7399095], [106.3859904, 33.7402932], [106.3855076, 33.7404716], [106.3852715, 33.7404805], [106.385057, 33.7404181], [106.3847566, 33.7401326], [106.384542, 33.7400344], [106.3843274, 33.7399541], [106.3838553, 33.7399274], [106.3824928, 33.7402129], [106.380626, 33.7407482], [106.3804114, 33.7408731], [106.3800144, 33.741337], [106.3799178, 33.7414976], [106.379714, 33.7420507], [106.3795638, 33.7421935], [106.3793599, 33.7422827], [106.3791454, 33.7423273], [106.378448, 33.7424076], [106.377579, 33.7427109], [106.377418, 33.7428537], [106.3774073, 33.7432462], [106.3774931, 33.7434246], [106.3778365, 33.7438975], [106.3778257, 33.744174], [106.3776755, 33.7443346], [106.3774931, 33.7444506], [106.3768923, 33.7447271], [106.376313, 33.7451286], [106.3757336, 33.7454587], [106.3749075, 33.7458512], [106.3747251, 33.7459761], [106.374253, 33.7460742], [106.3732123, 33.7460832], [106.3728154, 33.7462705], [106.372354, 33.7467166], [106.3719141, 33.746895], [106.3716888, 33.7469396], [106.3714313, 33.7469396], [106.3704765, 33.7466987], [106.3702512, 33.7466987], [106.3696611, 33.7469485], [106.3695109, 33.7471269], [106.3692748, 33.7475462], [106.3687491, 33.7488754], [106.3685346, 33.7492769], [106.3684165, 33.7494464], [106.3680839, 33.7497318], [106.3678372, 33.749821], [106.3669252, 33.7499102], [106.3666999, 33.7499638], [106.366303, 33.7501779], [106.3658631, 33.7505882], [106.3650155, 33.7509183], [106.3643932, 33.7510342], [106.3641465, 33.7514], [106.364007, 33.751962], [106.3639104, 33.7521493], [106.3635671, 33.7523991], [106.3633311, 33.7524437], [106.3631058, 33.7524348], [106.3624406, 33.7522207], [106.3622045, 33.752185], [106.3619792, 33.7522207], [106.3618183, 33.7523545], [106.3617432, 33.7525596], [106.3617647, 33.7531306], [106.3619685, 33.7534428], [106.3624084, 33.7538085], [106.3631058, 33.7550663], [106.3632131, 33.7554498], [106.3631916, 33.7558245], [106.3631379, 33.7560029], [106.3629663, 33.7563418], [106.3626659, 33.7566362], [106.3619363, 33.7571], [106.3612926, 33.7574479], [106.3604343, 33.7581526], [106.3602626, 33.7583399], [106.359694, 33.7592051], [106.3596189, 33.7594103], [106.3595545, 33.7601774], [106.3594258, 33.7605431], [106.3588786, 33.7611674], [106.3586748, 33.7612477], [106.3582134, 33.7612923], [106.3579774, 33.7613726], [106.3577843, 33.7615153], [106.3574088, 33.7620505], [106.3572907, 33.7624162], [106.3572693, 33.7627908], [106.3573658, 33.7633705], [106.35728, 33.7635489], [106.3570869, 33.7636916], [106.3557243, 33.7640306], [106.3553381, 33.7642089], [106.3535142, 33.7648511], [106.3534605, 33.7650563], [106.3532138, 33.7653684], [106.3526344, 33.7656717], [106.3520443, 33.766073], [106.3518941, 33.7662157], [106.3516581, 33.7669828], [106.3516581, 33.767393], [106.3517654, 33.7677587], [106.3517654, 33.768169], [106.3516152, 33.7696317], [106.3514972, 33.7699884], [106.3511538, 33.7706751], [106.3508963, 33.7710051], [106.3507247, 33.7711389], [106.3505316, 33.7712727], [106.3500488, 33.7715046], [106.3488364, 33.7718345], [106.3483965, 33.771897], [106.3469696, 33.771897], [106.3462615, 33.7720218], [106.3447179, 33.7726495]]}}, {"type": "Feature", "properties": {"id": "OSM_红崖河", "name": "红崖河", "source": "OSM", "waterway": "river", "chainage_km": 190.7}, "geometry": {"type": "LineString", "coordinates": [[106.4068598, 33.9847541], [106.4075121, 33.9835382], [106.4081451, 33.9828431], [106.4081518, 33.9809761], [106.4090295, 33.9791764], [106.4087578, 33.9783258], [106.4082092, 33.9770975], [106.4075446, 33.9763923], [106.4075339, 33.9759475], [106.4079201, 33.9751734], [106.4079871, 33.9743993], [106.4080576, 33.9732949], [106.4085424, 33.9723708], [106.4094534, 33.9714191], [106.4094758, 33.9707247], [106.4092497, 33.9699403], [106.4097052, 33.968701], [106.4102912, 33.9674859], [106.4098473, 33.9669809], [106.4080107, 33.9656806], [106.4074732, 33.9641574], [106.4064877, 33.9631914], [106.4065122, 33.9627446], [106.4065773, 33.9615567], [106.4076972, 33.9600334], [106.4071596, 33.9592531], [106.4073734, 33.9588418], [106.4076224, 33.9583627], [106.4089671, 33.9560205], [106.4098271, 33.9551458], [106.4102768, 33.954521], [106.411029, 33.953864], [106.4123351, 33.9525374], [106.4132254, 33.9515216], [106.4144804, 33.9490676], [106.4149076, 33.9475892], [106.4148988, 33.946379], [106.4151079, 33.9453493], [106.414839, 33.9439735], [106.4159171, 33.9419137], [106.4172119, 33.9411425], [106.4175079, 33.9409662], [106.419142, 33.9397715], [106.420311, 33.9384448], [106.4218785, 33.9369107], [106.422004, 33.936345], [106.4229673, 33.9347165], [106.4242322, 33.9314106], [106.4244412, 33.9305532], [106.4246817, 33.9298345], [106.4242305, 33.9277422], [106.4242942, 33.9269462], [106.4245976, 33.9239093], [106.4248409, 33.9224746], [106.4253002, 33.9213945], [106.4261025, 33.919081], [106.4267932, 33.917244], [106.4281019, 33.9160195], [106.4295879, 33.9139445], [106.4307306, 33.9128239], [106.4307787, 33.9118495], [106.4319769, 33.9107184], [106.4334443, 33.9097669], [106.435718, 33.9084419], [106.4391861, 33.9061273], [106.4406381, 33.9053495], [106.4423257, 33.9051925], [106.4430793, 33.9045393], [106.443821, 33.9037915], [106.445296, 33.902743], [106.4459885, 33.9024921], [106.4454117, 33.9014179], [106.4456091, 33.9004974], [106.4457988, 33.899185], [106.4473167, 33.8977151], [106.4480124, 33.8960878], [106.4484906, 33.8957548], [106.4482576, 33.8941136], [106.4482609, 33.8929481], [106.448166, 33.8926427], [106.4480138, 33.892329], [106.4480272, 33.8921843], [106.4481398, 33.8920529], [106.4482847, 33.8919861], [106.4485464, 33.8919881], [106.4490764, 33.8921042], [106.4494102, 33.8923215], [106.4496186, 33.8925609], [106.4498161, 33.8929135], [106.4499637, 33.8931328], [106.4501837, 33.8933153], [106.450476, 33.8934178], [106.4507255, 33.8934623], [106.4509851, 33.8934906], [106.4512244, 33.8934667], [106.4514443, 33.8934089], [106.4516689, 33.8933239], [106.4519403, 33.8931118], [106.4521223, 33.8927875], [106.4522532, 33.8923227], [106.4524877, 33.8916277], [106.4524716, 33.8912447], [106.4524555, 33.890982], [106.452618, 33.8904781], [106.4526647, 33.8901181], [106.4526379, 33.8898198], [106.4524844, 33.8894999], [106.4522946, 33.8893522], [106.4520961, 33.8893121], [106.4518118, 33.8892854], [106.4514631, 33.8892765], [106.4512163, 33.8891741], [106.4505464, 33.888577], [106.4502561, 33.8883502], [106.4500621, 33.8880534], [106.4499342, 33.8876645], [106.4498913, 33.887326], [106.4498757, 33.8870327], [106.4499868, 33.8867639], [106.4503099, 33.8864159], [106.4505595, 33.8862443], [106.4509734, 33.8861651], [106.4516884, 33.886284], [106.4522892, 33.8864844], [106.4526468, 33.8865489], [106.4533085, 33.8866046], [106.4536893, 33.8865556], [106.4540763, 33.886371], [106.4542365, 33.886186], [106.4542955, 33.8859856], [106.4543089, 33.8858325], [106.4541825, 33.8847782]]}}, {"type": "Feature", "properties": {"id": "OSM_两当河", "name": "两当河", "source": "OSM", "waterway": "river", "chainage_km": 177.6}, "geometry": {"type": "LineString", "coordinates": [[106.3002503, 33.9689082], [106.3002928, 33.9658663], [106.2985706, 33.9628772], [106.2980284, 33.9606815], [106.2986662, 33.959209], [106.2968802, 33.9565106], [106.2964133, 33.9557117], [106.2965763, 33.9551586], [106.296962, 33.9549096], [106.3003991, 33.9537328], [106.3006862, 33.9526305], [106.3012603, 33.9500025], [106.3002822, 33.9472685], [106.29974, 33.945734], [106.2980815, 33.9451254], [106.2979027, 33.9446893], [106.2978691, 33.9443946], [106.2986878, 33.9438217], [106.2989473, 33.9434935], [106.298847, 33.9430088], [106.2987488, 33.9425055], [106.2978691, 33.9421673], [106.2976278, 33.941721], [106.2980139, 33.9405562], [106.298016, 33.9391897], [106.2972097, 33.9369318], [106.2983367, 33.9356793], [106.3007084, 33.9338811], [106.3011086, 33.9333507], [106.3016536, 33.93156], [106.3015495, 33.9303869], [106.3011586, 33.9291582], [106.3009932, 33.9261392], [106.3019028, 33.9219848], [106.3033721, 33.919614], [106.3059873, 33.9168703], [106.3068093, 33.9153821], [106.3067532, 33.9134443], [106.3057236, 33.9061183], [106.3056137, 33.9053363], [106.3048665, 33.902003], [106.304911, 33.8998658], [106.3050735, 33.8986141], [106.3053933, 33.8980505], [106.3067345, 33.897181], [106.3062862, 33.8958631], [106.3060476, 33.8939223], [106.3059988, 33.8934499], [106.3076575, 33.8930179], [106.3077225, 33.8923295], [106.3076738, 33.8916816], [106.3058199, 33.8909526], [106.3051206, 33.8901427], [106.3036896, 33.8868218], [106.3044328, 33.8864286], [106.30517, 33.8862617], [106.3053846, 33.8860836], [106.3052881, 33.8856026], [106.3049126, 33.885184], [106.3049176, 33.8848442], [106.3051593, 33.8845516], [106.3054383, 33.8842043], [106.305449, 33.8839282], [106.3049555, 33.8835897], [106.304649, 33.8827853], [106.3048117, 33.8819213], [106.3049126, 33.8813274], [106.304529, 33.8794827], [106.3040636, 33.8780466], [106.3038826, 33.8775596], [106.3043114, 33.8764834], [106.3045478, 33.8742905], [106.3041449, 33.8720249], [106.3048442, 33.8707828], [106.3054784, 33.8682578], [106.3056735, 33.8670831], [106.3059337, 33.8657193], [106.3062427, 33.8631267], [106.3059012, 33.8620869], [106.3050556, 33.8608851], [106.3030879, 33.8601559], [106.3015593, 33.8597913], [106.3015593, 33.8589], [106.3033481, 33.8568744], [106.3035758, 33.8559426], [106.3029741, 33.8553079], [106.3014455, 33.854322], [106.3013967, 33.8537143], [106.3036408, 33.8522828], [106.3025187, 33.8510673], [106.3043075, 33.8493791], [106.3045352, 33.8482852], [106.3041449, 33.8468941], [106.3036787, 33.8463245], [106.3028419, 33.8461909], [106.3016096, 33.8464406], [106.300421, 33.8464619], [106.2996404, 33.845611], [106.2991851, 33.8449627], [106.3000307, 33.8436796], [106.3004372, 33.8426531], [106.2989574, 33.8392223], [106.2979004, 33.8373988], [106.2994778, 33.8362777], [106.3010714, 33.8352781], [106.3010552, 33.8341435], [106.2996404, 33.8327927], [106.2992664, 33.8309555], [106.3009088, 33.8303882], [106.3020309, 33.8297398], [106.3021935, 33.8270785], [106.3027593, 33.8258987], [106.3029599, 33.8239558], [106.3026488, 33.8224718], [106.3026488, 33.821391], [106.3043075, 33.8209182], [106.3043238, 33.8204588], [106.3028928, 33.8198914], [106.3025187, 33.8185809], [106.3015593, 33.814325], [106.3019496, 33.8116092], [106.3028764, 33.8105624], [106.3039263, 33.8100174], [106.3043086, 33.8099602], [106.3047894, 33.8104969], [106.3056085, 33.8106094], [106.3065029, 33.81015], [106.3067356, 33.8098707], [106.3067342, 33.8092432], [106.3064882, 33.8089276], [106.3059464, 33.8088424], [106.3053445, 33.8086379], [106.3049829, 33.8080853], [106.3049499, 33.8075534], [106.3063078, 33.8055423], [106.3061126, 33.8024209], [106.3061614, 33.8017317], [106.3065827, 33.7989976]]}}, {"type": "Feature", "properties": {"id": "OSM_徐杨河", "name": "徐杨河", "source": "OSM", "waterway": "river", "chainage_km": 195.0}, "geometry": {"type": "LineString", "coordinates": [[106.4499235, 34.0206705], [106.450063, 34.0203414], [106.4504492, 34.0200569], [106.4507496, 34.0198879], [106.4511251, 34.0194166], [106.4510715, 34.0190965], [106.4508784, 34.0186163], [106.4508247, 34.0177181], [106.4504385, 34.0169444], [106.4503205, 34.016651], [106.4505243, 34.0164464], [106.4507925, 34.0163753], [106.4513075, 34.0161441], [106.4514255, 34.0158239], [106.4512324, 34.0155038], [106.4506853, 34.0148813], [106.4501703, 34.0143477], [106.4499664, 34.0139653], [106.4501595, 34.0133517], [106.4502561, 34.0130938], [106.4502883, 34.0126936], [106.4499235, 34.0124179], [106.4493978, 34.0123556], [106.4490223, 34.0121333], [106.4490652, 34.0117242], [106.4493441, 34.0111372], [106.4496875, 34.0105147], [106.4497089, 34.0098921], [106.4490652, 34.0088605], [106.4487862, 34.0077399], [106.4492154, 34.0065659], [106.450181, 34.0052851], [106.4504599, 34.0048582], [106.4499664, 34.0042001], [106.4504814, 34.0030972], [106.4507389, 34.0024746], [106.4519405, 34.0016029], [106.4518761, 34.0010159], [106.4511037, 33.999824], [106.4500308, 33.9977782], [106.4494085, 33.9969599], [106.4484858, 33.9959103], [106.4474344, 33.9952165], [106.4469623, 33.9942024], [106.4467478, 33.9934019], [106.4457822, 33.9929215], [106.4444947, 33.9920498], [106.444087, 33.9915516], [106.4440441, 33.9902351], [106.444366, 33.9894522], [106.4441943, 33.9890075], [106.4435935, 33.9886872], [106.4428854, 33.9880111], [106.44207, 33.9866412], [106.440804, 33.985111], [106.4400959, 33.9847552], [106.4390445, 33.9840791], [106.4386153, 33.9832428], [106.4385295, 33.9818016], [106.4382934, 33.9813212], [106.437757, 33.9809475], [106.4370489, 33.9805917], [106.4362335, 33.9802358], [106.4326072, 33.9793995], [106.4307189, 33.9783319], [106.4296675, 33.9780116], [106.4284014, 33.9768372], [106.4278435, 33.9758051], [106.4274788, 33.9749332], [106.4265132, 33.9743282], [106.4254403, 33.9734562], [106.4248824, 33.9727978], [106.4249897, 33.9721038], [106.4246678, 33.9713386], [106.4229297, 33.9701286], [106.4214492, 33.9694879], [106.4161491, 33.9655372], [106.4065122, 33.9627446]]}}, {"type": "Feature", "properties": {"id": "OSM_褒河", "name": "褒河", "source": "OSM", "waterway": "river,stream", "chainage_km": 235.1}, "geometry": {"type": "LineString", "coordinates": [[106.9570397, 34.1299136], [106.9575118, 34.1293629], [106.9585846, 34.1279953], [106.9592713, 34.1257039], [106.9611596, 34.1224887], [106.9620581, 34.1215002], [106.9622258, 34.1210713], [106.9624479, 34.1208771], [106.9629139, 34.1206829], [106.963477, 34.1201617], [106.9644445, 34.1185201], [106.9645299, 34.1179214], [106.9651092, 34.1170229], [106.9659324, 34.116111], [106.966245, 34.115916], [106.9666124, 34.1155636], [106.9671213, 34.1152662], [106.966996, 34.1142283], [106.9668458, 34.1128071], [106.9671892, 34.1113147], [106.9676183, 34.1091118], [106.9678544, 34.1079747], [106.9685443, 34.1068321], [106.9693885, 34.1058781], [106.9691999, 34.1052609], [106.9680253, 34.1048581], [106.9672967, 34.1038372], [106.9680066, 34.1031721], [106.9685296, 34.1022441], [106.9680253, 34.1013933], [106.9675681, 34.1003215], [106.9674275, 34.0984853], [106.9665869, 34.0978511], [106.9648683, 34.0966136], [106.9648899, 34.0945362], [106.9653466, 34.0928518], [106.965298, 34.0925452], [106.9652793, 34.0909519], [106.9661199, 34.0897916], [106.9663814, 34.0881518], [106.9671929, 34.0870443], [106.9671286, 34.0861715], [106.966288, 34.0852742], [106.9660234, 34.0844231], [106.9662693, 34.0836498], [106.9666712, 34.0825004], [106.967534, 34.0804496], [106.9679546, 34.0785316], [106.9677451, 34.0768267], [106.9666803, 34.0745987], [106.9657276, 34.0729431], [106.9654101, 34.0713648], [106.9664607, 34.0698567], [106.9667637, 34.0689516], [106.9667852, 34.0680184], [106.9662595, 34.067334], [106.9654907, 34.066651], [106.964283, 34.0656467], [106.9633553, 34.0647884], [106.9626267, 34.0633183], [106.9612818, 34.0604708], [106.9619916, 34.0585983], [106.9620094, 34.0581867], [106.9624586, 34.0579793], [106.9630751, 34.0573757], [106.963019, 34.05654], [106.9638036, 34.054559], [106.9634673, 34.0516185], [106.9637849, 34.0496683], [106.9648683, 34.0471455], [106.9663067, 34.0460311], [106.9681047, 34.0449167], [106.9684013, 34.0445291], [106.9696691, 34.041047], [106.9707339, 34.0394681], [106.9718945, 34.0386618], [106.9726999, 34.0373837], [106.9733228, 34.0360862], [106.9735324, 34.035405], [106.973581, 34.0346971], [106.9731385, 34.0332633], [106.9726104, 34.03157], [106.9722624, 34.0310233], [106.9711057, 34.0300662], [106.9702082, 34.0295911], [106.9700491, 34.0292757], [106.9696432, 34.0277244], [106.9697065, 34.0258608], [106.9696288, 34.0253301], [106.9691446, 34.0242102], [106.9689456, 34.0233183], [106.9688277, 34.0228366], [106.9688576, 34.0221914], [106.9693096, 34.0216535], [106.970224, 34.0212065], [106.9705617, 34.0211773], [106.9709855, 34.0211995], [106.9719243, 34.0213729], [106.9722784, 34.0213685], [106.9724232, 34.0212796], [106.9725359, 34.0211219], [106.9725832, 34.0207982], [106.9725896, 34.0202008], [106.9723532, 34.0197737], [106.9720391, 34.0194228], [106.9712652, 34.0187665], [106.9706458, 34.018036], [106.97047, 34.0174145], [106.9702729, 34.0166857], [106.9699373, 34.0155503], [106.9696556, 34.0144973], [106.9696343, 34.0140101], [106.9696074, 34.0138814], [106.9696686, 34.0137652], [106.969867, 34.0137096], [106.9701675, 34.0135851], [106.9705284, 34.0132423], [106.9707385, 34.012561], [106.9706965, 34.0120655], [106.9691647, 34.0112603], [106.9670271, 34.0098951], [106.9663024, 34.0088916], [106.9656688, 34.0082525], [106.9656211, 34.0081645], [106.9656265, 34.0079844], [106.9657284, 34.0076153], [106.9660479, 34.0068747], [106.9664597, 34.0063194], [106.9671387, 34.0058981], [106.9684123, 34.0049568], [106.9685715, 34.0044091], [106.9682042, 34.0029878], [106.9683556, 34.0014832], [106.9684331, 34.0005713], [106.9686928, 33.9999929], [106.9691832, 33.9991673], [106.9699693, 33.9984234], [106.9706542, 33.9979318], [106.9711754, 33.9977626], [106.9714624, 33.9977569], [106.9730502, 33.9973542], [106.9738338, 33.9970474], [106.9744351, 33.9965977], [106.9752767, 33.9960357], [106.9754645, 33.9957338], [106.9756461, 33.99534], [106.9757135, 33.9949308], [106.9756884, 33.9946238], [106.9754905, 33.9943265], [106.9752802, 33.9940241], [106.9752918, 33.993405], [106.9753944, 33.9928382], [106.9754375, 33.9921246], [106.9754817, 33.9913047], [106.9752918, 33.9906482], [106.9735172, 33.9881081], [106.9747314, 33.9848554], [106.9747222, 33.9841907], [106.974702, 33.9838103], [106.9745395, 33.9835564], [106.974239, 33.9834052], [106.9738045, 33.983374], [106.9730489, 33.9832895], [106.9723796, 33.983059], [106.9718647, 33.9828015], [106.971774, 33.9825973], [106.9717974, 33.9823718], [106.9718689, 33.9821443], [106.9720228, 33.9818949], [106.9724823, 33.9814498], [106.9734704, 33.9803575], [106.9736121, 33.9799427], [106.9734611, 33.9793256], [106.97277, 33.9783807], [106.9703685, 33.9772527], [106.9680782, 33.9764632], [106.9672459, 33.9759473], [106.9668899, 33.9755979], [106.9666571, 33.9749758], [106.9665687, 33.9741923], [106.9670501, 33.9732229], [106.9681566, 33.9716969], [106.9684623, 33.9713831], [106.9687961, 33.9704148], [106.969049, 33.9699417], [106.9695753, 33.9697938], [106.9699824, 33.9690742], [106.9701128, 33.9684823], [106.9700092, 33.9680109], [106.9696622, 33.9676551], [106.9694513, 33.9672367], [106.9693655, 33.966863], [106.9696176, 33.9662491], [106.970381, 33.9654726], [106.9710338, 33.9654482], [106.9715488, 33.9653058], [106.9713788, 33.9649105], [106.9711304, 33.9645628], [106.9710016, 33.9642736], [106.9711089, 33.9640156], [106.9715229, 33.9638629], [106.9727665, 33.9640111], [106.9734585, 33.9638866], [106.9745937, 33.9634144], [106.9753253, 33.9632103], [106.9777377, 33.9630683], [106.9783361, 33.9631296], [106.9791502, 33.9628454], [106.9794398, 33.9625696], [106.9793835, 33.9623013], [106.9782561, 33.9608687], [106.9775634, 33.9599818], [106.9768059, 33.9595129], [106.9762954, 33.9592922], [106.9755346, 33.9592682], [106.9751636, 33.9589021], [106.9750464, 33.9581736], [106.9751636, 33.9576943], [106.9754809, 33.9570212], [106.9761034, 33.9567773], [106.9767255, 33.9571547], [106.9770741, 33.9573326], [106.977712, 33.9569178], [106.9779861, 33.956327], [106.9778067, 33.9558219], [106.9773424, 33.9551657], [106.9770658, 33.9544349], [106.9771063, 33.9539554], [106.9764439, 33.9521122], [106.9763917, 33.9516191], [106.9765645, 33.9513167], [106.9768064, 33.9511876], [106.9771492, 33.9511565], [106.9775569, 33.9507693], [106.9775768, 33.9504381], [106.9782865, 33.9492074], [106.9781309, 33.9483352], [106.9782999, 33.9480562], [106.9785607, 33.9479295], [106.978662, 33.9475431], [106.9786352, 33.9472672], [106.9781334, 33.9471793], [106.977691, 33.9470135], [106.9776106, 33.9467554], [106.9783241, 33.9459144], [106.9796122, 33.9451706], [106.9809366, 33.9442338], [106.9840051, 33.943112], [106.9835992, 33.9421777], [106.9832664, 33.9415224], [106.9835222, 33.9402981], [106.9828954, 33.9391951], [106.9817734, 33.9386425], [106.9814458, 33.9381717], [106.9823593, 33.9366017], [106.9852305, 33.9354648], [106.9869565, 33.9338288], [106.9913643, 33.9324871], [106.9924084, 33.9315126], [106.9911899, 33.9298535], [106.9911182, 33.9294473], [106.9914508, 33.9291446], [106.9922876, 33.9292603], [106.9928777, 33.9292514], [106.9932637, 33.9288426], [106.9934142, 33.9280675], [106.9931996, 33.9275155], [106.9931245, 33.9270971], [106.9937976, 33.9265106], [106.9943905, 33.926198], [106.9944227, 33.9257351], [106.9943014, 33.9256282], [106.9939745, 33.9253402]]}}, {"type": "Feature", "properties": {"id": "OSM_清姜河", "name": "清姜河", "source": "OSM", "waterway": "river", "chainage_km": 265.5}, "geometry": {"type": "LineString", "coordinates": [[107.0286458, 34.2709172], [107.0295223, 34.2714288], [107.0304148, 34.2717943], [107.0317656, 34.2723923], [107.0334138, 34.2727776], [107.0349657, 34.2728042], [107.0357054, 34.273256], [107.0361476, 34.2740002], [107.0361637, 34.2754221], [107.0364853, 34.2764652], [107.0372492, 34.2768638], [107.0383427, 34.2769303], [107.0402, 34.2763788], [107.0412453, 34.2765183], [107.0423066, 34.2769103], [107.042781, 34.2774751], [107.0433519, 34.277701], [107.0443569, 34.2780863], [107.045555, 34.2787241], [107.0470183, 34.2795347], [107.0473078, 34.2810295], [107.0480555, 34.2816806], [107.0491651, 34.2819397], [107.0502747, 34.2830957], [107.0509501, 34.2837999], [107.0528637, 34.2851419], [107.0532014, 34.2860255], [107.0534326, 34.2867139], [107.0535874, 34.2871748], [107.0542628, 34.2878989], [107.0552357, 34.2881579], [107.0573021, 34.28851], [107.0585242, 34.2891611], [107.0595682, 34.289311], [107.0600841, 34.2894201], [107.0613304, 34.2901841], [107.0622952, 34.2914795], [107.0638792, 34.2926353], [107.0655436, 34.2934524], [107.0661064, 34.2939639], [107.067224, 34.2960961], [107.0678512, 34.2972254], [107.068615, 34.2977169], [107.0694512, 34.2989989], [107.0703518, 34.2995568], [107.071791, 34.2998823], [107.0730292, 34.3007126], [107.0744202, 34.3010248], [107.0750715, 34.3019546], [107.0757228, 34.3034757], [107.0756665, 34.3046114], [107.0754173, 34.3058867], [107.0757952, 34.3065309], [107.0765429, 34.3069759], [107.0772344, 34.3079323], [107.0773791, 34.3089485], [107.0777008, 34.3095728], [107.0798476, 34.3116183], [107.0800003, 34.312123], [107.0807963, 34.3126012], [107.0818094, 34.3130063], [107.0822597, 34.3136372], [107.082316, 34.3145006], [107.0828306, 34.3152377], [107.0850578, 34.3165792], [107.0871564, 34.3173363], [107.0882016, 34.3175953], [107.0901554, 34.3179539], [107.0915786, 34.3177015], [107.0931385, 34.3178277], [107.0943928, 34.3180535], [107.0957195, 34.3184718], [107.0962742, 34.3191226], [107.0964138, 34.3201163], [107.0964431, 34.3203246], [107.0957436, 34.321666], [107.0958159, 34.3230605], [107.0962421, 34.3247206], [107.0968773, 34.3266595], [107.0972471, 34.3274364], [107.0980271, 34.3283461], [107.0992894, 34.3294749], [107.0997558, 34.3301588], [107.0998442, 34.3316593], [107.1008654, 34.3337575], [107.1019428, 34.3357028], [107.1020071, 34.3365726], [107.1029076, 34.3388233], [107.1039449, 34.3408548], [107.1051188, 34.3422689], [107.1063329, 34.3438954], [107.1068716, 34.3452033], [107.1069779, 34.3468848], [107.1076045, 34.3478837], [107.1082263, 34.3484527], [107.1091352, 34.3488881], [107.1100717, 34.3499033], [107.1104978, 34.350441], [107.1109642, 34.3516292], [107.111527, 34.3524988], [107.1122507, 34.352917], [107.1130467, 34.3537534], [107.1136497, 34.3550412], [107.1147754, 34.3570657], [107.1159252, 34.3578357], [107.1169543, 34.359057], [107.1188599, 34.3607031], [107.1215479, 34.362617], [107.1235649, 34.3645667]]}}, {"type": "Feature", "properties": {"id": "OSM_李家河", "name": "李家河", "source": "OSM", "waterway": "river", "chainage_km": 260.5}, "geometry": {"type": "LineString", "coordinates": [[107.0863705, 34.217446], [107.0856233, 34.2191605], [107.0842784, 34.2227595], [107.0837553, 34.224721], [107.0852684, 34.2262038], [107.0885748, 34.2279491], [107.0895648, 34.2289066], [107.0904241, 34.2298333], [107.0904054, 34.2324125], [107.0925349, 34.2321808], [107.0935623, 34.2338642], [107.0946831, 34.2359182], [107.0951501, 34.239084], [107.0942161, 34.2403348], [107.0929272, 34.2414158], [107.0919371, 34.2435159], [107.0936183, 34.2474072], [107.0928525, 34.251113], [107.0898263, 34.2518387], [107.0899384, 34.2518232], [107.0859969, 34.2546024], [107.0786113, 34.2570707], [107.0775055, 34.2584282], [107.0752614, 34.258146], [107.0749199, 34.2588987], [107.0722854, 34.2591271], [107.0711796, 34.2601217], [107.0698949, 34.2595169], [107.0679598, 34.2608878], [107.0668702, 34.2598529], [107.066171, 34.2606056], [107.0646911, 34.2610894], [107.0624795, 34.2616001], [107.0608859, 34.2618018], [107.0595686, 34.2631861], [107.058658, 34.2629038], [107.0549503, 34.2620168], [107.054375, 34.2602839], [107.0525771, 34.2601669], [107.0519117, 34.2594883], [107.0507933, 34.2586692], [107.0493352, 34.2578034], [107.0484999, 34.2565748], [107.0479195, 34.2567737], [107.0472742, 34.256715], [107.0463764, 34.2566333], [107.0447767, 34.2560716], [107.0447625, 34.2574523], [107.0445927, 34.2581778], [107.0426673, 34.2586809], [107.0408694, 34.2602956], [107.0394113, 34.2592191], [107.0390998, 34.2607168], [107.0369197, 34.2613954], [107.0345697, 34.2615124], [107.0330266, 34.260787], [107.0321347, 34.2621325], [107.0321489, 34.2626239], [107.0324178, 34.2630334], [107.0311862, 34.2637354], [107.0302344, 34.2642364], [107.0289636, 34.2640513], [107.0283973, 34.2645778], [107.0282699, 34.2655255], [107.0291759, 34.2667189], [107.0296107, 34.2677344], [107.0294579, 34.2683391], [107.0289273, 34.2686115], [107.0280589, 34.2687378], [107.0275202, 34.2691032], [107.02748, 34.2697743], [107.0278096, 34.2703391], [107.0286458, 34.2709172]]}}, {"type": "Feature", "properties": {"id": "OSM_神沙河", "name": "神沙河", "source": "OSM", "waterway": "river", "chainage_km": 256.8}, "geometry": {"type": "LineString", "coordinates": [[107.0616013, 34.2175867], [107.0613867, 34.217813], [107.0612848, 34.2179727], [107.0613009, 34.2182433], [107.0612311, 34.2184429], [107.0609361, 34.2187622], [107.0608127, 34.2189441], [107.0605713, 34.2191349], [107.0599812, 34.2195119], [107.0595145, 34.2198712], [107.0593268, 34.2199688], [107.0592248, 34.2199998], [107.0585597, 34.2201373], [107.0584577, 34.2201285], [107.0580178, 34.2199244], [107.0577925, 34.2198446], [107.0573312, 34.2199377], [107.0571434, 34.219991], [107.0570469, 34.2200531], [107.0569825, 34.2201329], [107.0569771, 34.2202305], [107.0570362, 34.2204168], [107.0570844, 34.2208382], [107.0570254, 34.221406], [107.0570469, 34.2216987], [107.0570952, 34.2219515], [107.0573527, 34.2224217], [107.0573795, 34.2225104], [107.0573151, 34.2227721], [107.0569771, 34.2228121], [107.056489, 34.2229363], [107.0561135, 34.2231625], [107.0557594, 34.2232334], [107.055636, 34.223229], [107.0555341, 34.2231802], [107.0554161, 34.2231004], [107.055164, 34.222852], [107.0548207, 34.2227012], [107.0543379, 34.2226701], [107.0539248, 34.2226834], [107.0537853, 34.2227145], [107.0533991, 34.222954], [107.0529699, 34.2231492], [107.0526856, 34.223331], [107.0526051, 34.2234064], [107.0523691, 34.2236726], [107.0522833, 34.2238012], [107.0522672, 34.2238943], [107.0522994, 34.224298], [107.0522296, 34.2243955], [107.0517415, 34.2246528], [107.0513499, 34.2249589], [107.0509422, 34.225123], [107.0506364, 34.225327], [107.0503789, 34.225571], [107.0500141, 34.2259923], [107.0497727, 34.2261964], [107.0492363, 34.2264004], [107.0483404, 34.2266044], [107.0481044, 34.2267109], [107.0479596, 34.2268883], [107.0478845, 34.2273629], [107.0477611, 34.2275979], [107.0472515, 34.2279616], [107.0467043, 34.2282011], [107.0466131, 34.2282588], [107.0463717, 34.2284894], [107.0461678, 34.228556], [107.0459157, 34.228587], [107.0456207, 34.2285781], [107.044993, 34.2284717], [107.0446444, 34.228485], [107.0445532, 34.2285249], [107.0444566, 34.2286269], [107.0443922, 34.2288132], [107.0444244, 34.229035], [107.0443386, 34.2294696], [107.0443547, 34.2295583], [107.0444995, 34.2299309], [107.044521, 34.2300418], [107.0445102, 34.2301438], [107.0444673, 34.2302414], [107.0443869, 34.2303256], [107.0442098, 34.2304498], [107.0440972, 34.2304942], [107.0438772, 34.2305208], [107.0433462, 34.230543], [107.0428473, 34.2305297], [107.0424449, 34.2306095], [107.0423162, 34.230645], [107.0422089, 34.2307026], [107.0418763, 34.2309909], [107.0417046, 34.231226], [107.0416516, 34.2316397], [107.0416349, 34.2317449], [107.0415974, 34.2318558], [107.0414203, 34.2322594], [107.0413291, 34.232317], [107.0411575, 34.2323702], [107.0404655, 34.2324501], [107.0403582, 34.2324767], [107.0399988, 34.2326896], [107.0396501, 34.2328271], [107.0395696, 34.2328847], [107.0395321, 34.233], [107.0397198, 34.2331996], [107.039752, 34.2332883], [107.0396823, 34.2335322], [107.0394945, 34.2336298], [107.0393765, 34.2336564], [107.03906, 34.2336653], [107.0383787, 34.2335677], [107.0378476, 34.2335234], [107.0374882, 34.2335234], [107.0365441, 34.2335943], [107.0359325, 34.2335145], [107.0357823, 34.2335189], [107.0356375, 34.2335633], [107.035439, 34.2337008], [107.0350689, 34.2340866], [107.0349508, 34.2341398], [107.0347363, 34.2341975], [107.0340711, 34.2343305], [107.0337224, 34.2343483], [107.0329767, 34.2343039], [107.0326495, 34.2343172], [107.0325167, 34.2343295], [107.0320755, 34.2343704], [107.03192, 34.2343971], [107.0317537, 34.2344503], [107.0316571, 34.2344991], [107.0314264, 34.2347119], [107.0311689, 34.2351111], [107.0305413, 34.2354348], [107.0304555, 34.2355102], [107.0300585, 34.2357497], [107.0295006, 34.2359936], [107.0293128, 34.2361045], [107.0291036, 34.2363307], [107.0288783, 34.2367564], [107.0282346, 34.2376168], [107.0280683, 34.237772], [107.0278805, 34.2378607], [107.0276606, 34.2378652], [107.0273495, 34.2378385], [107.0271349, 34.2378474], [107.0270222, 34.2380026], [107.0268506, 34.2383308], [107.0265394, 34.2387477], [107.026459, 34.2388098], [107.0262819, 34.2389295], [107.0260942, 34.2390315], [107.0259869, 34.2390847], [107.0256704, 34.2392222], [107.0253593, 34.2393907], [107.0247102, 34.2396213], [107.0242488, 34.2397056], [107.0239001, 34.2397366], [107.0226395, 34.2397588], [107.022264, 34.2397499], [107.0220065, 34.2397233], [107.0218778, 34.2397056], [107.0217705, 34.2396524], [107.0215774, 34.2395238], [107.0213789, 34.2393685], [107.0212394, 34.2393109], [107.0209926, 34.2392532], [107.0208371, 34.2392355], [107.020601, 34.2392355], [107.0203757, 34.2392843], [107.0201397, 34.2392976], [107.0193511, 34.2393065], [107.0190561, 34.2392887], [107.0183372, 34.2392], [107.0169747, 34.2389428], [107.0164812, 34.2388763], [107.016229, 34.2388807], [107.0156228, 34.2389428], [107.0145017, 34.2389605], [107.0142496, 34.2390049], [107.0140403, 34.2390758], [107.0139545, 34.2391246], [107.0138633, 34.2391956], [107.0137882, 34.2392798], [107.0137399, 34.2393597], [107.0136273, 34.2398076], [107.0135844, 34.2399096], [107.0133161, 34.2401624], [107.012887, 34.2406635], [107.0128602, 34.2407832], [107.0128655, 34.2408985], [107.0129836, 34.2412843], [107.0129567, 34.2414794], [107.0128763, 34.2416435], [107.0127636, 34.2418076], [107.0125598, 34.2419318], [107.0123291, 34.2420205], [107.0120984, 34.2420293], [107.011857, 34.241985], [107.0112455, 34.2417943], [107.0108592, 34.2418342], [107.010414, 34.2418342], [107.0099527, 34.2416657], [107.0097864, 34.2416435], [107.0095396, 34.2416391], [107.0091748, 34.2416701], [107.0087135, 34.2416258], [107.0083219, 34.2416214], [107.0077854, 34.2415504], [107.0073992, 34.2415371], [107.007131, 34.241546], [107.0067877, 34.2416036], [107.0066696, 34.2416568], [107.0063692, 34.2418564], [107.00616, 34.2420781], [107.0060688, 34.2422156], [107.005983, 34.2424107], [107.0060044, 34.2426058], [107.0061922, 34.2431291], [107.0062137, 34.2432888], [107.0062029, 34.2433863], [107.0058918, 34.2437278], [107.0055056, 34.2440382], [107.0051837, 34.2441623], [107.005071, 34.2441845], [107.0049584, 34.2441801], [107.0041859, 34.2441047], [107.0031881, 34.2440825], [107.0030755, 34.2440604], [107.0029682, 34.2440337], [107.0028609, 34.2439761], [107.0027912, 34.2439051], [107.0026195, 34.2436169], [107.0024103, 34.2434484], [107.0022815, 34.2433996], [107.0019221, 34.2433553], [107.0018148, 34.2433287], [107.0017022, 34.2432932], [107.0013267, 34.2431602], [107.0010906, 34.243067], [107.0007527, 34.2429163], [107.0005381, 34.2428586], [106.999889, 34.2428542], [106.9997603, 34.2428808], [106.9995296, 34.2430049], [106.9994491, 34.2430715], [106.9993257, 34.2432267], [106.9992346, 34.2433597], [106.9992131, 34.2434484], [106.9989932, 34.2438918], [106.9990307, 34.2440692], [106.9989288, 34.2440958], [106.9988215, 34.2440958], [106.9987303, 34.2440337], [106.9986606, 34.2439495], [106.998387, 34.2437056], [106.9982582, 34.2436834], [106.9980276, 34.24371], [106.9978505, 34.2437588], [106.9970888, 34.2438165], [106.9965631, 34.2440204], [106.9958872, 34.2441845], [106.995576, 34.2442067], [106.9948035, 34.2441801], [106.9944549, 34.2442333], [106.994369, 34.2443043], [106.9941384, 34.2445792], [106.9930601, 34.2448586], [106.992352, 34.2451202], [106.9921482, 34.2452577], [106.9920623, 34.2453597], [106.9919121, 34.2456257], [106.9914776, 34.2462022], [106.9913918, 34.2463973], [106.9913435, 34.2466013], [106.9911772, 34.246956], [106.9911128, 34.2470669], [106.9910324, 34.2471511], [106.9907212, 34.2473108], [106.9904584, 34.2472797], [106.9896698, 34.2470758], [106.989423, 34.2470935], [106.9893265, 34.247129], [106.9889671, 34.2474261], [106.9885915, 34.2479759], [106.9878352, 34.2486011], [106.987626, 34.2487519], [106.9871539, 34.2489426], [106.9869339, 34.2490712], [106.986832, 34.2491067], [106.9865262, 34.2491599], [106.9860113, 34.2492264], [106.9852334, 34.2494215], [106.9851208, 34.2494392], [106.9846165, 34.2494437], [106.9845092, 34.2494614], [106.9844073, 34.2495102], [106.984241, 34.2496388], [106.9841391, 34.249692], [106.9840318, 34.249723], [106.9837904, 34.2497407], [106.983549, 34.249794], [106.9831896, 34.2497806], [106.9828892, 34.2497186], [106.9827819, 34.2496698], [106.9826961, 34.2496033]]}}, {"type": "Feature", "properties": {"id": "OSM_宝鸡峡引渭灌溉工程干渠", "name": "宝鸡峡引渭灌溉工程干渠", "source": "OSM", "waterway": "canal", "chainage_km": 269.6}, "geometry": {"type": "LineString", "coordinates": [[107.0461651, 34.3849942], [107.0478848, 34.3834927], [107.0489618, 34.3822317], [107.0523741, 34.3800413], [107.0530526, 34.379399], [107.0544095, 34.3769286], [107.055351, 34.3763839], [107.0564249, 34.376035], [107.058398, 34.3756755], [107.0598929, 34.3751289], [107.0606784, 34.3749979], [107.0638514, 34.3748744], [107.0654842, 34.3751182], [107.065759, 34.375362], [107.0681408, 34.377009], [107.0705859, 34.3781549], [107.0719174, 34.3784967], [107.0741301, 34.3794064], [107.0757439, 34.3796579], [107.0777267, 34.3811869], [107.0787647, 34.3817111], [107.0822721, 34.3819971], [107.0839526, 34.3815899], [107.0913899, 34.3819395], [107.0924728, 34.3819978], [107.0964853, 34.3819269], [107.0969489, 34.381993], [107.0997583, 34.3830859], [107.1003543, 34.3831167], [107.1030835, 34.3826148], [107.1040599, 34.3825467], [107.1057657, 34.3826445], [107.1082816, 34.3820331], [107.1089352, 34.3819477]]}}, {"type": "Feature", "properties": {"id": "OSM_渭河", "name": "渭河", "source": "OSM", "waterway": "river", "chainage_km": 274.2}, "geometry": {"type": "LineString", "coordinates": [[106.9713342, 34.408467], [106.9720541, 34.4080186], [106.9723593, 34.4073092], [106.9719205, 34.4062266], [106.9719146, 34.4050227], [106.9725063, 34.4037002], [106.9736071, 34.4031373], [106.9746456, 34.402183], [106.9746349, 34.4012575], [106.9743811, 34.3996778], [106.9741237, 34.3988899], [106.9741022, 34.397199], [106.9743168, 34.3960747], [106.9745206, 34.3955267], [106.9762292, 34.3951898], [106.9787838, 34.3959105], [106.9804168, 34.3972826], [106.9821976, 34.3996016], [106.9839695, 34.3995383], [106.9861652, 34.3990267], [106.9878818, 34.396902], [106.9874387, 34.3942005], [106.9854431, 34.3932568], [106.9823393, 34.3940372], [106.9805565, 34.3937753], [106.9801175, 34.3930014], [106.9803969, 34.3914535], [106.9829247, 34.3891871], [106.9883524, 34.3876227], [106.9917847, 34.3880014], [106.9936205, 34.3893353], [106.9947338, 34.3907271], [106.995157, 34.3923488], [106.9964805, 34.3934625], [106.997534, 34.3939408], [106.9990427, 34.3933683], [107.0009351, 34.3917806], [107.0027543, 34.3901268], [107.003345, 34.3898727], [107.0054203, 34.3908937], [107.0054203, 34.3923427], [107.003784, 34.3938412], [107.0041432, 34.3955701], [107.0052207, 34.3970191], [107.0075954, 34.3974472], [107.0095709, 34.3969532], [107.0115664, 34.3945328], [107.0145397, 34.3943681], [107.0184708, 34.3962617], [107.0210849, 34.3977107], [107.0251157, 34.3977107], [107.0289072, 34.3963605], [107.0295457, 34.3943681], [107.0323195, 34.3906302], [107.0343948, 34.3899715], [107.041359, 34.3886212], [107.0440196, 34.386206], [107.044911, 34.385196], [107.0450098, 34.3850742]]}}, {"type": "Feature", "properties": {"id": "OSM_六川河", "name": "六川河", "source": "OSM", "waterway": "river", "chainage_km": 274.3}, "geometry": {"type": "LineString", "coordinates": [[106.9212565, 34.5304513], [106.9219217, 34.5298149], [106.92175, 34.5288603], [106.9224367, 34.5282416], [106.9233164, 34.5272516], [106.9238529, 34.5260849], [106.9234666, 34.5251833], [106.9238314, 34.5246883], [106.9242391, 34.5242817], [106.9243678, 34.5234508], [106.9246437, 34.522563], [106.9248131, 34.5219834], [106.9251778, 34.5205022], [106.9259985, 34.5192464], [106.9266499, 34.5190425], [106.9277781, 34.5180067], [106.9297307, 34.517052], [106.9314688, 34.5159381], [106.932209, 34.5149955], [106.9328805, 34.5144859], [106.9336227, 34.5139762], [106.9348245, 34.5135685], [106.9352309, 34.5130297], [106.9358318, 34.5115298], [106.9366447, 34.5106852], [106.9372456, 34.5092872], [106.9391188, 34.507962], [106.9413456, 34.5069571], [106.9424466, 34.5054641], [106.9432575, 34.5050673], [106.9446133, 34.5046496], [106.9469827, 34.5040336], [106.9482498, 34.5044199], [106.9522537, 34.5039187], [106.9544964, 34.5033235], [106.9560403, 34.5027725], [106.9567913, 34.5027504], [106.9575859, 34.5029265], [106.9578722, 34.5032566], [106.9585059, 34.5038339], [106.9605276, 34.5046705], [106.9633532, 34.505297], [106.9661154, 34.5060384], [106.9694098, 34.5060175], [106.9724507, 34.5054223], [106.9759098, 34.5046079], [106.978664, 34.5040017], [106.9801124, 34.5037011], [106.982065, 34.5035773], [106.9836744, 34.5022776], [106.9841464, 34.5011724], [106.9846292, 34.5008187], [106.9857879, 34.5014995], [106.9874831, 34.5021715], [106.9897898, 34.5024367], [106.9901975, 34.5016763], [106.9897791, 34.5006861], [106.9894787, 34.4995985], [106.9897576, 34.4992979], [106.9911309, 34.4990149], [106.9930514, 34.4982191], [106.994017, 34.4969812], [106.9942315, 34.4960263], [106.99465, 34.4944789], [106.9956477, 34.4937538], [106.9965382, 34.4930817], [106.9970961, 34.4907384], [106.9990166, 34.4901548], [107.0009692, 34.4898276], [107.0030828, 34.4886161], [107.0051428, 34.4887222], [107.0070739, 34.4891201], [107.008297, 34.4884834], [107.0103892, 34.4872984], [107.0103141, 34.4867148], [107.0106574, 34.4865379], [107.010829, 34.4847781], [107.0114728, 34.4829828], [107.0131679, 34.4811079], [107.0137902, 34.4795602], [107.0143696, 34.4777029], [107.0143159, 34.4748727], [107.0148631, 34.4733868], [107.0164724, 34.4726792], [107.0192297, 34.472007], [107.0195194, 34.4704857], [107.0192785, 34.4683039], [107.0196586, 34.4659117], [107.0206723, 34.4652013], [107.0210524, 34.4650341], [107.0224082, 34.464679], [107.0236245, 34.463697], [107.0235358, 34.4632791], [107.0236626, 34.4614091], [107.0242993, 34.4587376], [107.0251444, 34.4569165], [107.026604, 34.4562356], [107.0285629, 34.4555705], [107.0292735, 34.4546203], [107.0297344, 34.4532109], [107.0306562, 34.4522924], [107.0305986, 34.450392], [107.032039, 34.4484757], [107.0329993, 34.4466386], [107.0344781, 34.4435027], [107.0360884, 34.4402009], [107.0368758, 34.4378726], [107.0382585, 34.4347522], [107.0398671, 34.432679], [107.0413955, 34.430964], [107.041745, 34.4289415], [107.0424536, 34.4259258], [107.0430657, 34.4234215], [107.0433368, 34.4227845], [107.0435379, 34.4227094], [107.0437162, 34.4224841], [107.0438224, 34.4223621], [107.0437861, 34.421831], [107.0441851, 34.4208573], [107.0455621, 34.4178945], [107.0460775, 34.4158483], [107.0458843, 34.4145329], [107.0457876, 34.4105666], [107.0456749, 34.4090053], [107.0445072, 34.4065669], [107.0443139, 34.4056035], [107.0449259, 34.4024872], [107.0452077, 34.4018694], [107.0450467, 34.4014243], [107.0442898, 34.4006204], [107.0442818, 34.399956], [107.0444992, 34.3992983], [107.0451916, 34.3974779], [107.0466651, 34.3953652], [107.0461579, 34.3948071], [107.0445878, 34.3947406], [107.0437987, 34.3943619], [107.0437358, 34.3940025], [107.0441937, 34.3935063], [107.044139, 34.3933089], [107.0434283, 34.392869], [107.0433942, 34.3925589], [107.043688, 34.3923164], [107.0452188, 34.3920344], [107.045458, 34.3916284], [107.0449591, 34.3896998], [107.0445696, 34.388899], [107.0440196, 34.386206]]}}, {"type": "Feature", "properties": {"id": "OSM_交口河", "name": "交口河", "source": "OSM", "waterway": "stream", "chainage_km": 273.8}, "geometry": {"type": "LineString", "coordinates": [[107.0491597, 34.487023], [107.049338, 34.4868026], [107.0499885, 34.4864899], [107.0503418, 34.4861217], [107.0504276, 34.4859625], [107.0504115, 34.4856043], [107.0509319, 34.4847509], [107.0512108, 34.4843618], [107.0517741, 34.4839727], [107.0518385, 34.4837207], [107.0529097, 34.4822436], [107.0531297, 34.4820247], [107.0533725, 34.4812555], [107.0537139, 34.4804675], [107.0538125, 34.4799485], [107.054078, 34.4796671], [107.0546849, 34.4786289], [107.0549884, 34.4783663], [107.0558533, 34.47826], [107.0560808, 34.4781474], [107.0561036, 34.4780286], [107.0559595, 34.4777909], [107.0559746, 34.4775595], [107.0565284, 34.4769529], [107.0568167, 34.4764901], [107.0568395, 34.4762587], [107.0567636, 34.4759148], [107.0567181, 34.4750892], [107.0568471, 34.4747703], [107.0573554, 34.4742449], [107.0575905, 34.4738759], [107.0577347, 34.473582], [107.0580913, 34.4723624], [107.0581747, 34.4722498], [107.0586754, 34.4718996], [107.0593278, 34.4715306], [107.0596161, 34.4712179], [107.0601927, 34.4695855], [107.0606934, 34.4688412], [107.0614672, 34.4682283], [107.0615583, 34.4678592], [107.0613686, 34.4672213], [107.061361, 34.4668522], [107.0618769, 34.4659766], [107.0620362, 34.4654762], [107.0622334, 34.4650884], [107.062939, 34.4643191], [107.0640238, 34.464269], [107.0641604, 34.4642503], [107.0642514, 34.4641502], [107.0644108, 34.4633871], [107.0645852, 34.4630618], [107.0645852, 34.4629305], [107.0643501, 34.46233], [107.0643425, 34.4620735], [107.064479, 34.4618609], [107.0649646, 34.4614105], [107.0646004, 34.4606724], [107.0644108, 34.460466], [107.063948, 34.4601532], [107.0639328, 34.4600219], [107.0646687, 34.4594276], [107.0647066, 34.4590586], [107.0647825, 34.4589522], [107.0653515, 34.4587396], [107.0655866, 34.4585644], [107.0659963, 34.4583767], [107.0660646, 34.4582829], [107.066148, 34.4580515], [107.0662239, 34.4574009], [107.0661632, 34.4570006], [107.0663756, 34.4565001], [107.0663756, 34.4563688], [107.0661405, 34.4559184], [107.0661405, 34.4556807], [107.0662543, 34.4553366], [107.0662467, 34.4550864], [107.0662922, 34.4549613], [107.0665122, 34.4547674], [107.0672026, 34.4545797], [107.0674074, 34.4543357], [107.0675439, 34.4538415], [107.0675515, 34.4537227], [107.0674377, 34.4534912], [107.0670963, 34.453241], [107.0670281, 34.4531284], [107.0671874, 34.4525153], [107.0670053, 34.4521713], [107.0669977, 34.4520461], [107.0673391, 34.4513705], [107.0676957, 34.4509576], [107.067946, 34.4508012], [107.0680143, 34.4506949], [107.0679915, 34.4504759], [107.0693419, 34.4491997], [107.0691902, 34.4488994], [107.0695999, 34.4480361], [107.0695619, 34.4476983], [107.0694481, 34.4473667], [107.0691978, 34.4469913], [107.0692206, 34.4468599], [107.0695619, 34.4464158], [107.0696606, 34.446178], [107.0696606, 34.4452771], [107.0694406, 34.4447891], [107.0693723, 34.44442], [107.0694557, 34.4443324], [107.070093, 34.4442511], [107.0702523, 34.4440634], [107.0701916, 34.4436004], [107.0699413, 34.4432376], [107.070222, 34.4430499], [107.0711854, 34.4421489], [107.071231, 34.4417798], [107.0716634, 34.4410728], [107.0716634, 34.44081], [107.0719137, 34.4396213], [107.071982, 34.4386264], [107.0721262, 34.4382135], [107.0725055, 34.4373938], [107.0726951, 34.4367869], [107.0734386, 34.436374], [107.0734462, 34.4361049], [107.0732945, 34.4355543], [107.0732338, 34.4347409], [107.0734765, 34.4340088], [107.0737572, 34.4321129], [107.073871, 34.4318501], [107.0741897, 34.4314246], [107.0741366, 34.4311931], [107.0742959, 34.4310116], [107.075009, 34.4305611], [107.0753125, 34.4302544], [107.0758207, 34.4300229], [107.0764125, 34.429053], [107.076587, 34.4282083], [107.0767387, 34.4277515], [107.0770497, 34.4272008], [107.0772242, 34.4264874]]}}, {"type": "Feature", "properties": {"id": "OSM_金陵河", "name": "金陵河", "source": "OSM", "waterway": "river", "chainage_km": 274.3}, "geometry": {"type": "LineString", "coordinates": [[106.8721605, 34.6355301], [106.8740488, 34.6372073], [106.8776322, 34.6384431], [106.8794346, 34.640438], [106.8802929, 34.6421504], [106.8816019, 34.6431037], [106.8816448, 34.6431214], [106.8826962, 34.6439687], [106.8833614, 34.6429625], [106.8834687, 34.6429625], [106.8842841, 34.6430861], [106.8853355, 34.6445513], [106.8879962, 34.6444277], [106.8903351, 34.6444454], [106.8925882, 34.6444454], [106.8958927, 34.6444983], [106.8971158, 34.6451692], [106.8979097, 34.6442335], [106.8991971, 34.6438805], [106.9012785, 34.6452398], [106.9019437, 34.6463342], [106.9050122, 34.6452751], [106.9074369, 34.6446749], [106.9109989, 34.6442512], [106.9141746, 34.6438452], [106.9193674, 34.6422917], [106.92029, 34.6417621], [106.920333, 34.6417621], [106.9219852, 34.6410383], [106.9252468, 34.6407028], [106.92971, 34.6399084], [106.9311476, 34.6391669], [106.9321347, 34.6384254], [106.9330359, 34.6386549], [106.9350529, 34.6392022], [106.9384432, 34.6396259], [106.9418121, 34.6396083], [106.9439149, 34.6398907], [106.9450093, 34.6407558], [106.9461251, 34.6404557], [106.9485927, 34.6402615], [106.9499445, 34.6404557], [106.9513822, 34.6413207], [106.9534636, 34.6429095], [106.9563604, 34.6440923], [106.9588709, 34.6446219], [106.9606519, 34.6460518], [106.962905, 34.6480112], [106.964407, 34.6489645], [106.967228, 34.6486514], [106.9691163, 34.6463212], [106.9694167, 34.6427553], [106.9693738, 34.6410958], [106.9683653, 34.6398071], [106.9687086, 34.6387479], [106.9707471, 34.6361879], [106.9728285, 34.6348638], [106.9752103, 34.6337868], [106.9779139, 34.6331159], [106.9815832, 34.6312268], [106.9838792, 34.6285077], [106.9831925, 34.6235108], [106.9839436, 34.6222394], [106.9859391, 34.620968], [106.9896942, 34.6185135], [106.9916469, 34.6176482], [106.9938141, 34.6166417], [106.9954663, 34.6140104], [106.9960671, 34.6123151], [106.9976765, 34.6089773], [106.9984275, 34.6062222], [106.9993072, 34.6047916], [107.0031696, 34.6017184], [107.0058948, 34.5979386], [107.0109588, 34.5952008], [107.0123321, 34.5917033], [107.0142203, 34.5908025], [107.0155078, 34.5899192], [107.0179969, 34.588506], [107.0202929, 34.5850789], [107.0220095, 34.5812101], [107.0241981, 34.577447], [107.0262795, 34.573136], [107.0277491, 34.5724512], [107.03085, 34.5690015], [107.0354634, 34.5681004], [107.0382315, 34.565662], [107.0398408, 34.5621633], [107.0385533, 34.5596894], [107.0393473, 34.5580459], [107.0404201, 34.5580459], [107.0409995, 34.5574098], [107.0413428, 34.5546529], [107.0424586, 34.5513305], [107.044025, 34.5505882], [107.045334, 34.5507473], [107.0456344, 34.5504468], [107.0471149, 34.5497222], [107.0464712, 34.54746], [107.0467716, 34.5466647], [107.0480805, 34.5456573], [107.0476728, 34.5425289], [107.0481878, 34.5422461], [107.0519644, 34.5425466], [107.0545822, 34.5415568], [107.0574575, 34.5390822], [107.0603626, 34.5368727], [107.0618706, 34.5346276], [107.0624702, 34.5322927], [107.0638661, 34.5306032], [107.0639419, 34.5305115], [107.0650139, 34.528835], [107.0649594, 34.5279369], [107.0638147, 34.526904], [107.0629971, 34.5253772], [107.0639419, 34.5241497], [107.0672487, 34.5219791], [107.0691019, 34.520572], [107.0687204, 34.5174132], [107.0663039, 34.513925], [107.0654863, 34.5117691], [107.0653046, 34.5106013], [107.0670125, 34.5094785], [107.0717365, 34.5056156], [107.0752795, 34.5023814], [107.0768166, 34.5016622], [107.0784954, 34.499821], [107.0821805, 34.4952172], [107.0837036, 34.4950144], [107.0875651, 34.4945325], [107.0894728, 34.4937971], [107.0923959, 34.4926559], [107.0943497, 34.4918571], [107.0963344, 34.4914893], [107.0976421, 34.4897141], [107.0975344, 34.4879261], [107.098119, 34.4873174], [107.1002267, 34.485187], [107.1006575, 34.4828029], [107.1016882, 34.4805963], [107.1026267, 34.4790745], [107.1053652, 34.4787828], [107.1077498, 34.4777048], [107.109719, 34.4754854], [107.1104729, 34.4735956], [107.111519, 34.4717946], [107.1135652, 34.4702727], [107.1166575, 34.4686618], [107.1181652, 34.4669242], [107.1191191, 34.464844], [107.1202114, 34.4634487], [107.1205345, 34.4615079], [107.1215191, 34.4592881], [107.1221345, 34.4588822], [107.1252883, 34.4597574], [107.1257652, 34.4594276], [107.1277707, 34.4563657], [107.1282266, 34.4546793], [107.1296596, 34.4524557], [107.1319002, 34.4518005], [107.1351178, 34.4499313], [107.1337891, 34.4470631], [107.1342972, 34.444979], [107.1348052, 34.4434428], [107.1360037, 34.4435932], [107.1381922, 34.4434857], [107.1389868, 34.4432709], [107.1388175, 34.4419172], [107.1368217, 34.439977], [107.1368217, 34.4391828], [107.137712, 34.4381339], [107.1389839, 34.4373847], [107.1377847, 34.4362608], [107.1370556, 34.434996], [107.14264, 34.4328722], [107.1428749, 34.431874], [107.1425488, 34.4308015], [107.141802, 34.4297502], [107.1423599, 34.4290953], [107.1427891, 34.4284758], [107.1434499, 34.4263768], [107.1439049, 34.425874], [107.1452953, 34.4266423], [107.1478702, 34.4242351], [107.1493492, 34.4210556], [107.150175, 34.4200942], [107.1512729, 34.4193542], [107.1546661, 34.4183221], [107.1553991, 34.4177873], [107.1556639, 34.4173091], [107.1558597, 34.4167529], [107.1557998, 34.4164234], [107.1558551, 34.416113], [107.1558988, 34.4152507], [107.1555182, 34.4139033], [107.1549517, 34.4128113], [107.1546559, 34.4119574], [107.1544126, 34.4116388], [107.1544654, 34.4113029], [107.1542833, 34.4107541], [107.154444, 34.4102792], [107.1548055, 34.4099026], [107.1553447, 34.4095673], [107.1554622, 34.4089723], [107.1554354, 34.4086125], [107.1555756, 34.4082843], [107.1555915, 34.4079161], [107.1557642, 34.4074662], [107.1561268, 34.4070913], [107.1570559, 34.4067153], [107.157363, 34.4063185], [107.1577106, 34.4056657], [107.1575669, 34.4052433], [107.1573284, 34.4048719], [107.1574186, 34.4040932], [107.1577112, 34.4035904], [107.1578456, 34.403011], [107.1577868, 34.4026281], [107.1574304, 34.4022008], [107.1573722, 34.4018609], [107.1579858, 34.4011305], [107.158146, 34.4005593], [107.1581395, 34.4001528], [107.158504, 34.3993222], [107.1588758, 34.3989623], [107.1589292, 34.3985387], [107.1588999, 34.3982012], [107.1587436, 34.3977984], [107.1586553, 34.3973775], [107.1581949, 34.3961128], [107.1580454, 34.3952342], [107.1577498, 34.3945047], [107.1574392, 34.3941324], [107.1567373, 34.393586], [107.1566885, 34.3930796], [107.1567526, 34.3925842], [107.1565911, 34.3918605], [107.1564538, 34.3915776], [107.1564591, 34.3908977], [107.1566037, 34.3905621], [107.1564334, 34.3897766], [107.1560611, 34.3893994], [107.1556936, 34.3888709], [107.1557339, 34.3884465], [107.1555705, 34.3883022], [107.1555297, 34.3880463], [107.155614, 34.3877367], [107.1556419, 34.3874525], [107.1557392, 34.3871256], [107.1557561, 34.3866326], [107.1559216, 34.3862767], [107.1560219, 34.3856848], [107.1561191, 34.3854495], [107.1560746, 34.3851281], [107.156118, 34.3848441], [107.1566313, 34.3840857], [107.1568542, 34.3840173], [107.1571251, 34.3835022], [107.1575712, 34.3834372], [107.1578089, 34.3831209], [107.1582018, 34.3827572], [107.1585129, 34.3824424], [107.1585429, 34.3819864], [107.158386, 34.3815439], [107.1583901, 34.3812847], [107.1596794, 34.3794322], [107.1603942, 34.3780324], [107.1614502, 34.3768644], [107.1614639, 34.3759884], [107.1614794, 34.3751525], [107.1619815, 34.374375], [107.1616819, 34.3734186], [107.1611171, 34.3725989], [107.1596571, 34.3704855], [107.1578579, 34.3687456], [107.1573633, 34.367511], [107.156501, 34.3669932], [107.1555182, 34.3658328], [107.154926, 34.3647389], [107.154566, 34.3642569], [107.1547256, 34.3637822], [107.1547055, 34.3633214], [107.1542222, 34.3630292], [107.1539537, 34.3621039], [107.151077, 34.3597635]]}}, {"type": "Feature", "properties": {"id": "OSM_晁峪河", "name": "晁峪河", "source": "OSM", "waterway": "river", "chainage_km": 260.3}, "geometry": {"type": "LineString", "coordinates": [[106.9371227, 34.3111161], [106.9375304, 34.3116478], [106.9376806, 34.3120732], [106.9384316, 34.3126226], [106.9394401, 34.3128885], [106.9386032, 34.3156533], [106.9391397, 34.3162381], [106.9399122, 34.3178509], [106.9398907, 34.3178863], [106.939998, 34.3188965], [106.9399336, 34.3198003], [106.9405344, 34.3205978], [106.9409636, 34.3210763], [106.9403628, 34.3220687], [106.9400838, 34.3226535], [106.9405988, 34.3236104], [106.9411996, 34.3243902], [106.9403413, 34.3246737], [106.9408992, 34.32478], [106.9410065, 34.3252939], [106.9404915, 34.3258256], [106.9412854, 34.3258078], [106.9419506, 34.3264103], [106.942015, 34.3274027], [106.9411782, 34.3276862], [106.9411138, 34.3282355], [106.9419935, 34.3282178], [106.9421652, 34.3287671], [106.9414786, 34.3291747], [106.9408563, 34.3299012], [106.9419506, 34.3305569], [106.9422081, 34.3307872], [106.9419506, 34.3313188], [106.9422081, 34.3317086], [106.9422725, 34.3326478], [106.9422296, 34.3334628], [106.9427875, 34.3336932], [106.9441608, 34.3333034], [106.9442466, 34.3338704], [106.9434741, 34.3344551], [106.943045, 34.3348626], [106.943281, 34.335908], [106.943796, 34.3367762], [106.9444826, 34.3372015], [106.9446114, 34.3380697], [106.9449547, 34.3383177], [106.9461778, 34.3384772], [106.9479588, 34.3381937], [106.9502548, 34.3393985], [106.9512847, 34.3399655], [106.9515637, 34.3408337], [106.9529584, 34.3412412], [106.9533447, 34.3421802], [106.9541008, 34.3444421], [106.9536665, 34.3460779], [106.9533017, 34.3476546], [106.953173, 34.3484873], [106.9530872, 34.3506305], [106.9537094, 34.3513657], [106.9533364, 34.3514881], [106.9532994, 34.3521698], [106.953755, 34.3530965], [106.9541734, 34.353309], [106.9551927, 34.3538405], [106.9554716, 34.3542745], [106.9552356, 34.3548857], [106.9561153, 34.3558954], [106.9560939, 34.3565951], [106.9560831, 34.3571993], [106.9566254, 34.3578301], [106.9572786, 34.3587051], [106.9577962, 34.3607296], [106.9583015, 34.362571], [106.9590902, 34.3646973], [106.9598913, 34.3670472], [106.960335, 34.3675966], [106.9607417, 34.3688682], [106.9611977, 34.369682], [106.9619248, 34.370099], [106.9618509, 34.3710044], [106.9619248, 34.3713808], [106.9626026, 34.3721437], [106.9633791, 34.3729168], [106.9641555, 34.3736085], [106.963983, 34.3747884], [106.9638351, 34.3754496], [106.9640446, 34.3765888], [106.9643897, 34.3783383], [106.9644213, 34.379282], [106.9643373, 34.3794979], [106.9640571, 34.3805077], [106.9641411, 34.3822574], [106.9641972, 34.3834676], [106.9637021, 34.3841613], [106.9636835, 34.3842307], [106.9632071, 34.3852173], [106.9623385, 34.3855411], [106.9611897, 34.3866741], [106.9609375, 34.3869362], [106.9604238, 34.3883158], [106.9593123, 34.3894103], [106.9588453, 34.3896184], [106.9581132, 34.390527], [106.9579229, 34.3913781], [106.957435, 34.3925164], [106.9568933, 34.3931484], [106.9562301, 34.3941195], [106.955044, 34.3947206], [106.9526684, 34.395415], [106.9511402, 34.3955778], [106.9501912, 34.3960455], [106.9481577, 34.3962184], [106.9463954, 34.3966049], [106.9456066, 34.3972964], [106.9437826, 34.3976218], [106.9425111, 34.3977836], [106.9417708, 34.3979253], [106.9410949, 34.3984299], [106.9408803, 34.3991204], [106.9406442, 34.4000234], [106.9407571, 34.4002617]]}}, {"type": "Feature", "properties": {"id": "OSM_清水河", "name": "清水河", "source": "OSM", "waterway": "river", "chainage_km": 274.3}, "geometry": {"type": "LineString", "coordinates": [[107.2471446, 34.2678484], [107.2474605, 34.2684393], [107.2480924, 34.2693669], [107.2487575, 34.269415], [107.2491483, 34.2687004], [107.2494642, 34.2685424], [107.2503206, 34.2691951], [107.2512684, 34.2697791], [107.252183, 34.2704456], [107.2525987, 34.271277], [107.2530976, 34.2738054], [107.2532805, 34.2751176], [107.2539622, 34.2755711], [107.2560408, 34.2761344], [107.2566643, 34.2775085], [107.2573129, 34.2780512], [107.2575207, 34.2785321], [107.2579032, 34.2789443], [107.2580029, 34.2794046], [107.257845, 34.2801191], [107.2581193, 34.2806275], [107.2589258, 34.2811702], [107.2591337, 34.2820633], [107.2582108, 34.2831212], [107.2579697, 34.2836708], [107.2579281, 34.2841517], [107.2583189, 34.2843921], [107.2595161, 34.2845913], [107.2603559, 34.2852577], [107.2608131, 34.2862332], [107.2613203, 34.2865766], [107.2624843, 34.2869751], [107.2629166, 34.2874147], [107.2632658, 34.2881085], [107.2631744, 34.2885962], [107.2622681, 34.2893244], [107.2619522, 34.2897846], [107.2621102, 34.2908425], [107.2621185, 34.2912134], [107.2613702, 34.2916049], [107.2610875, 34.2917492], [107.2609877, 34.2926009], [107.2610792, 34.2934115], [107.2616196, 34.2942769], [107.2624095, 34.2958018], [107.263615, 34.2972923], [107.2639975, 34.2980272], [107.2641638, 34.2989614], [107.2638478, 34.3003488], [107.2632159, 34.3009394], [107.2625259, 34.3020864], [107.2618025, 34.3026908], [107.2615531, 34.3036318], [107.2613782, 34.3039239], [107.2611707, 34.3042705], [107.2605138, 34.3057334], [107.2604667, 34.3060087], [107.2604057, 34.3063652], [107.2607716, 34.3069833], [107.2607965, 34.3076564], [107.2603891, 34.3085629], [107.259117, 34.3094831], [107.2589175, 34.3098265], [107.2590239, 34.310308], [107.2594745, 34.3110525], [107.2602551, 34.3117902], [107.2608023, 34.3132658], [107.2606413, 34.3139637], [107.26007, 34.3143558], [107.259732, 34.3147413], [107.2591366, 34.31516], [107.2590084, 34.3153864], [107.2587262, 34.3158844], [107.2582434, 34.3167817], [107.2575352, 34.3174397], [107.2572697, 34.3181508], [107.2570927, 34.3188553], [107.2572214, 34.3193537], [107.257157, 34.3197658], [107.2560707, 34.3209953], [107.2558695, 34.3217861], [107.2560224, 34.3229624], [107.2558213, 34.32372], [107.2549683, 34.3250425], [107.2550649, 34.3256605], [107.2551775, 34.3261922], [107.2549281, 34.327189], [107.2549602, 34.3276209], [107.255427, 34.3284449], [107.2552258, 34.3297673], [107.2545901, 34.3310166], [107.253713, 34.332133], [107.2521036, 34.3333224], [107.251908, 34.3336973], [107.2518137, 34.3342097], [107.2517967, 34.3347603], [107.2518702, 34.336173], [107.2517254, 34.3378208], [107.2513793, 34.3403596], [107.2511298, 34.3415757], [107.250832, 34.3435694], [107.2506549, 34.3446061], [107.2511539, 34.3461013], [107.2515644, 34.3468722], [107.2522405, 34.3483873], [107.251983, 34.3500419], [107.2521359, 34.3509789], [107.2521359, 34.3522813], [107.2531983, 34.3527331], [107.2530914, 34.3530329], [107.2529861, 34.353328]]}}, {"type": "Feature", "properties": {"id": "OSM_茵香河", "name": "茵香河", "source": "OSM", "waterway": "river", "chainage_km": 273.0}, "geometry": {"type": "LineString", "coordinates": [[107.1524832, 34.2583101], [107.1542856, 34.2592855], [107.1554014, 34.2616797], [107.1585342, 34.2647831], [107.1587059, 34.2665742], [107.158134, 34.2673249], [107.1583626, 34.2687021], [107.1592638, 34.2688086], [107.1602637, 34.2688676], [107.1608537, 34.269311], [107.1608484, 34.2697853], [107.1623236, 34.2711463], [107.1633408, 34.2712911], [107.1644136, 34.2733835], [107.1650574, 34.2751034], [107.1660699, 34.2762979], [107.167877, 34.2769406], [107.1687568, 34.2767988], [107.1707523, 34.2758945], [107.1733702, 34.2759654], [107.1771467, 34.2769938], [107.1787453, 34.2777474], [107.1800495, 34.2781869], [107.1807838, 34.2794495], [107.1813083, 34.2793648], [107.1818138, 34.2795027], [107.1830463, 34.2812353], [107.1836042, 34.2813993], [107.1840561, 34.2808679], [107.1842962, 34.2808585], [107.1847039, 34.281683], [107.1851599, 34.2817583], [107.1855688, 34.2816658], [107.1866632, 34.2820913], [107.1867705, 34.2830664], [107.1881438, 34.2839529], [107.1880639, 34.2853995], [107.1889222, 34.2867469], [107.1902311, 34.2875447], [107.1902096, 34.2888212], [107.1886272, 34.2905497], [107.188139, 34.2915026], [107.1881015, 34.2927391], [107.1874291, 34.2931757], [107.1865386, 34.2938582], [107.1862722, 34.29476], [107.1863508, 34.2952498], [107.1875382, 34.2958237], [107.1886754, 34.2980573], [107.1893668, 34.2986769], [107.1893107, 34.2993405], [107.1888437, 34.3003898], [107.1889824, 34.3016617], [107.1887984, 34.3034627], [107.1896902, 34.3039187], [107.1897752, 34.3044216], [107.1891806, 34.3053454], [107.1893788, 34.3056378], [107.1901716, 34.3063628], [107.1900442, 34.3074153], [107.1901857, 34.3079766], [107.1904405, 34.3089589], [107.1900158, 34.309754], [107.1901149, 34.3103621], [107.1911713, 34.3102437], [107.1914073, 34.3106336], [107.1907207, 34.311378], [107.1907207, 34.3127427], [107.191064, 34.3141251], [107.1901628, 34.3147986], [107.1902701, 34.3158088], [107.189986, 34.3162784], [107.1888487, 34.3167215], [107.1883981, 34.3179089], [107.1881406, 34.318476], [107.1882086, 34.3193277], [107.189412, 34.319368], [107.1895421, 34.3200798], [107.1888266, 34.3207916], [107.1880501, 34.3212412], [107.1876927, 34.3227577], [107.1868054, 34.3232158], [107.1864649, 34.3244522], [107.1874093, 34.3252005], [107.1869527, 34.3258355], [107.1874081, 34.3261578], [107.18742, 34.3270818], [107.1864544, 34.3279146], [107.1867119, 34.3300233], [107.1854459, 34.3301651], [107.1854996, 34.3311662], [107.1857168, 34.3317665], [107.1856162, 34.3320976], [107.1852612, 34.3326632], [107.1850563, 34.3334946], [107.185065, 34.3340412], [107.1855183, 34.3346281], [107.1855425, 34.3347632], [107.1857892, 34.3355694], [107.1862988, 34.3361098], [107.1862613, 34.3368274], [107.1858804, 34.3372482], [107.1850382, 34.3375362], [107.1849738, 34.3401053], [107.1850888, 34.3404263], [107.1847782, 34.3411842], [107.1847838, 34.3414453], [107.1853003, 34.3418457], [107.1854932, 34.3426089], [107.1854245, 34.3434184], [107.1858287, 34.3440966], [107.1864169, 34.3446099], [107.1868299, 34.3447029], [107.1874844, 34.3448844], [107.188404, 34.3449854], [107.1895507, 34.34474], [107.1904001, 34.3448686], [107.1913628, 34.345453], [107.1939677, 34.3479777], [107.1938634, 34.3482737], [107.1928351, 34.349053], [107.1923962, 34.3497543], [107.1928493, 34.3506893], [107.1924104, 34.3514958], [107.1919715, 34.3520918], [107.1921839, 34.3533891], [107.1923231, 34.3541276], [107.1920442, 34.3543225], [107.1920587, 34.3547994]]}}, {"type": "Feature", "properties": {"id": "OSM_千河", "name": "千河", "source": "OSM", "waterway": "river", "chainage_km": 274.3}, "geometry": {"type": "LineString", "coordinates": [[107.1859678, 34.5345926], [107.1852226, 34.5345464], [107.1847123, 34.5344938], [107.1840744, 34.5344544], [107.1834126, 34.5340406], [107.1827986, 34.5339289], [107.1813793, 34.5335085], [107.1797128, 34.5327071], [107.1791786, 34.5327334], [107.1782696, 34.5330619], [107.1773845, 34.5333574], [107.176946, 34.533318], [107.1765872, 34.5329699], [107.1764596, 34.5325823], [107.177249, 34.5316758], [107.1783333, 34.5303195], [107.1799279, 34.5287628], [107.1817935, 34.5271995], [107.1821762, 34.5262799], [107.1821284, 34.5254063], [107.1820089, 34.5251838], [107.1810839, 34.523462], [107.1809085, 34.522135], [107.1811557, 34.5215767], [107.1828938, 34.5202892], [107.1845681, 34.5195534], [107.1862504, 34.5193301], [107.1879326, 34.5196388], [107.1890648, 34.5201118], [107.190476, 34.5211103], [107.1912015, 34.5213336], [107.1926047, 34.5208672], [107.1956583, 34.5202235], [107.1971333, 34.5196388], [107.1988634, 34.5186929], [107.1996926, 34.5178652], [107.199868, 34.5155987], [107.1993179, 34.5140089], [107.198114, 34.5122483], [107.1978907, 34.5114336], [107.1979067, 34.5103365], [107.1982256, 34.5084246], [107.1979864, 34.5065916], [107.1973186, 34.5056028], [107.1971539, 34.5049242], [107.1963881, 34.5043745], [107.1959105, 34.5023998], [107.1961163, 34.5009882], [107.1958281, 34.5001806], [107.196281, 34.4984976], [107.1963963, 34.4975814], [107.1971045, 34.4962308], [107.1990726, 34.4946292], [107.2002749, 34.4921112], [107.2031323, 34.4895253], [107.2041452, 34.4887312], [107.2048781, 34.4884054], [107.2065909, 34.48679], [107.2073155, 34.4864506], [107.2080896, 34.4851066], [107.2079908, 34.4841428], [107.2078755, 34.4834097], [107.2080649, 34.482826], [107.2088966, 34.4815363], [107.2097942, 34.481034], [107.2100495, 34.4806063], [107.2099589, 34.4790451], [107.2107823, 34.4776127], [107.2122646, 34.4763365], [107.2126351, 34.4758885], [107.2137221, 34.4752776], [107.2149985, 34.4737569], [107.2157396, 34.4732546], [107.2169007, 34.4730713], [107.2181359, 34.4721344], [107.2181936, 34.4719104], [107.2196017, 34.4704916], [107.2203758, 34.4699756], [107.2211169, 34.4687197], [107.2230026, 34.4669545], [107.2375149, 34.448773], [107.2495668, 34.4276586], [107.2494706, 34.4248409], [107.2501568, 34.423905]]}}, {"type": "Feature", "properties": {"id": "HYRIV_40533983", "name": "", "source": "HydroRIVERS", "ORD_STRA": 6, "MAIN_RIV": 40417973, "chainage_km": 268.9, "dist_km": 11.65}, "geometry": {"type": "LineString", "coordinates": [[107.01041666666586, 34.39791666666611], [107.01458333333258, 34.39374999999945], [107.01874999999919, 34.39791666666611], [107.02708333333251, 34.39791666666611], [107.0354166666659, 34.3895833333328]]}}, {"type": "Feature", "properties": {"id": "HYRIV_40534124", "name": "", "source": "HydroRIVERS", "ORD_STRA": 6, "MAIN_RIV": 40417973, "chainage_km": 269.6, "dist_km": 9.62}, "geometry": {"type": "LineString", "coordinates": [[107.0354166666659, 34.3895833333328], [107.03958333333256, 34.3895833333328], [107.04374999999922, 34.385416666666096]]}}, {"type": "Feature", "properties": {"id": "HYRIV_40534276", "name": "", "source": "HydroRIVERS", "ORD_STRA": 6, "MAIN_RIV": 40417973, "chainage_km": 269.4, "dist_km": 8.42}, "geometry": {"type": "LineString", "coordinates": [[107.04374999999922, 34.385416666666096], [107.04791666666588, 34.38124999999943]]}}, {"type": "Feature", "properties": {"id": "HYRIV_40534556", "name": "", "source": "HydroRIVERS", "ORD_STRA": 6, "MAIN_RIV": 40417973, "chainage_km": 269.3, "dist_km": 7.22}, "geometry": {"type": "LineString", "coordinates": [[107.04791666666588, 34.38124999999943], [107.05624999999927, 34.37291666666612], [107.07708333333258, 34.37291666666612]]}}, {"type": "Feature", "properties": {"id": "HYRIV_40534558", "name": "", "source": "HydroRIVERS", "ORD_STRA": 6, "MAIN_RIV": 40417973, "chainage_km": 270.9, "dist_km": 5.56}, "geometry": {"type": "LineString", "coordinates": [[107.07708333333258, 34.37291666666612], [107.0812499999993, 34.37291666666612]]}}, {"type": "Feature", "properties": {"id": "HYRIV_40534559", "name": "", "source": "HydroRIVERS", "ORD_STRA": 6, "MAIN_RIV": 40417973, "chainage_km": 272.5, "dist_km": 3.9}, "geometry": {"type": "LineString", "coordinates": [[107.0812499999993, 34.37291666666612], [107.10624999999933, 34.37291666666612]]}}, {"type": "Feature", "properties": {"id": "HYRIV_40534816", "name": "", "source": "HydroRIVERS", "ORD_STRA": 6, "MAIN_RIV": 40417973, "chainage_km": 272.7, "dist_km": 3.03}, "geometry": {"type": "LineString", "coordinates": [[107.10624999999933, 34.37291666666612], [107.110416666666, 34.36874999999946], [107.11458333333255, 34.36874999999946], [107.11874999999921, 34.36458333333281]]}}, {"type": "Feature", "properties": {"id": "HYRIV_40534960", "name": "", "source": "HydroRIVERS", "ORD_STRA": 6, "MAIN_RIV": 40417973, "chainage_km": 273.5, "dist_km": 1.6}, "geometry": {"type": "LineString", "coordinates": [[107.11874999999921, 34.36458333333281], [107.12291666666587, 34.36458333333281], [107.12708333333254, 34.36874999999946], [107.1312499999992, 34.36458333333281], [107.14374999999919, 34.36458333333281], [107.1479166666659, 34.360416666666104]]}}, {"type": "Feature", "properties": {"id": "HYRIV_40534961", "name": "", "source": "HydroRIVERS", "ORD_STRA": 6, "MAIN_RIV": 40417973, "chainage_km": 274.3, "dist_km": 0.2}, "geometry": {"type": "LineString", "coordinates": [[107.1479166666659, 34.360416666666104], [107.15208333333268, 34.360416666666104]]}}, {"type": "Feature", "properties": {"id": "HYRIV_40535099", "name": "", "source": "HydroRIVERS", "ORD_STRA": 6, "MAIN_RIV": 40417973, "chainage_km": 274.3, "dist_km": 6.77}, "geometry": {"type": "LineString", "coordinates": [[107.20624999999924, 34.35624999999944], [107.22291666666584, 34.35624999999944]]}}, {"type": "Feature", "properties": {"id": "HYRIV_40535100", "name": "", "source": "HydroRIVERS", "ORD_STRA": 6, "MAIN_RIV": 40417973, "chainage_km": 274.3, "dist_km": 7.92}, "geometry": {"type": "LineString", "coordinates": [[107.22291666666584, 34.35624999999944], [107.22708333333262, 34.35624999999944], [107.23124999999916, 34.360416666666104], [107.235416666666, 34.360416666666104], [107.23958333333266, 34.35624999999944], [107.2562499999992, 34.35624999999944]]}}, {"type": "Feature", "properties": {"id": "HYRIV_40535187", "name": "", "source": "HydroRIVERS", "ORD_STRA": 6, "MAIN_RIV": 40417973, "chainage_km": 274.3, "dist_km": 1.31}, "geometry": {"type": "LineString", "coordinates": [[107.15208333333268, 34.360416666666104], [107.1604166666659, 34.35208333333279]]}}, {"type": "Feature", "properties": {"id": "HYRIV_40535188", "name": "", "source": "HydroRIVERS", "ORD_STRA": 6, "MAIN_RIV": 40417973, "chainage_km": 274.3, "dist_km": 4.15}, "geometry": {"type": "LineString", "coordinates": [[107.1604166666659, 34.35208333333279], [107.19374999999926, 34.35208333333279]]}}, {"type": "Feature", "properties": {"id": "HYRIV_40535189", "name": "", "source": "HydroRIVERS", "ORD_STRA": 6, "MAIN_RIV": 40417973, "chainage_km": 274.3, "dist_km": 4.46}, "geometry": {"type": "LineString", "coordinates": [[107.19374999999926, 34.35208333333279], [107.19791666666592, 34.35624999999944], [107.20624999999924, 34.35624999999944]]}}, {"type": "Feature", "properties": {"id": "HYRIV_40535190", "name": "", "source": "HydroRIVERS", "ORD_STRA": 6, "MAIN_RIV": 40417973, "chainage_km": 274.3, "dist_km": 11.42}, "geometry": {"type": "LineString", "coordinates": [[107.2562499999992, 34.35624999999944], [107.26874999999919, 34.35624999999944], [107.27291666666585, 34.35208333333279], [107.29791666666588, 34.35208333333279]]}}, {"type": "Feature", "properties": {"id": "HYRIV_40555208", "name": "", "source": "HydroRIVERS", "ORD_STRA": 5, "MAIN_RIV": 40613666, "chainage_km": 163.0, "dist_km": 7.96}, "geometry": {"type": "LineString", "coordinates": [[106.20624999999919, 33.74374999999947], [106.2104166666659, 33.73958333333281], [106.20624999999919, 33.73541666666616], [106.20208333333258, 33.73541666666616], [106.19791666666586, 33.731249999999456]]}}, {"type": "Feature", "properties": {"id": "HYRIV_40555798", "name": "", "source": "HydroRIVERS", "ORD_STRA": 5, "MAIN_RIV": 40613666, "chainage_km": 161.5, "dist_km": 9.32}, "geometry": {"type": "LineString", "coordinates": [[106.19791666666586, 33.731249999999456], [106.19791666666586, 33.71874999999944], [106.1937499999992, 33.714583333332776]]}}, {"type": "Feature", "properties": {"id": "HYRIV_40557555", "name": "", "source": "HydroRIVERS", "ORD_STRA": 5, "MAIN_RIV": 40613666, "chainage_km": 144.1, "dist_km": 10.28}, "geometry": {"type": "LineString", "coordinates": [[106.1937499999992, 33.714583333332776], [106.1937499999992, 33.706249999999464], [106.20208333333258, 33.69791666666615], [106.1937499999992, 33.689583333332784], [106.20208333333258, 33.68124999999947], [106.20624999999919, 33.68124999999947], [106.2104166666659, 33.67708333333281], [106.2104166666659, 33.66458333333279], [106.21458333333257, 33.660416666666144]]}}, {"type": "Feature", "properties": {"id": "HYRIV_40557927", "name": "", "source": "HydroRIVERS", "ORD_STRA": 5, "MAIN_RIV": 40613666, "chainage_km": 140.4, "dist_km": 10.07}, "geometry": {"type": "LineString", "coordinates": [[106.21458333333257, 33.660416666666144], [106.20208333333258, 33.64791666666613], [106.19791666666586, 33.64791666666613]]}}, {"type": "Feature", "properties": {"id": "HYRIV_40558312", "name": "", "source": "HydroRIVERS", "ORD_STRA": 5, "MAIN_RIV": 40613666, "chainage_km": 140.4, "dist_km": 9.3}, "geometry": {"type": "LineString", "coordinates": [[106.19791666666586, 33.64791666666613], [106.1937499999992, 33.64791666666613], [106.18124999999921, 33.63541666666614]]}}, {"type": "Feature", "properties": {"id": "HYRIV_40558561", "name": "", "source": "HydroRIVERS", "ORD_STRA": 5, "MAIN_RIV": 40613666, "chainage_km": 138.7, "dist_km": 6.88}, "geometry": {"type": "LineString", "coordinates": [[106.18124999999921, 33.63541666666614], [106.17708333333255, 33.63124999999949], [106.16874999999933, 33.63124999999949], [106.16458333333262, 33.627083333332784]]}}, {"type": "Feature", "properties": {"id": "HYRIV_40559539", "name": "", "source": "HydroRIVERS", "ORD_STRA": 5, "MAIN_RIV": 40613666, "chainage_km": 137.0, "dist_km": 4.07}, "geometry": {"type": "LineString", "coordinates": [[106.16458333333262, 33.627083333332784], [106.16041666666595, 33.627083333332784], [106.15624999999929, 33.62291666666612], [106.15208333333251, 33.62291666666612], [106.1437499999993, 33.61458333333281], [106.13958333333258, 33.61458333333281], [106.13541666666592, 33.61041666666615], [106.13124999999926, 33.61041666666615], [106.12708333333259, 33.6062499999995], [106.11874999999927, 33.6062499999995], [106.10624999999922, 33.59374999999948]]}}, {"type": "Feature", "properties": {"id": "HYRIV_40560152", "name": "", "source": "HydroRIVERS", "ORD_STRA": 5, "MAIN_RIV": 40613666, "chainage_km": 133.2, "dist_km": 2.72}, "geometry": {"type": "LineString", "coordinates": [[106.08124999999919, 33.57291666666614], [106.07291666666592, 33.57291666666614], [106.06874999999926, 33.5770833333328], [106.06041666666587, 33.5770833333328], [106.05624999999921, 33.57291666666614]]}}, {"type": "Feature", "properties": {"id": "HYRIV_40560153", "name": "", "source": "HydroRIVERS", "ORD_STRA": 5, "MAIN_RIV": 40613666, "chainage_km": 133.6, "dist_km": 1.15}, "geometry": {"type": "LineString", "coordinates": [[106.10624999999922, 33.59374999999948], [106.10208333333256, 33.58958333333282], [106.09374999999923, 33.58958333333282], [106.0854166666659, 33.581249999999464], [106.0854166666659, 33.5770833333328], [106.08124999999919, 33.57291666666614]]}}, {"type": "Feature", "properties": {"id": "HYRIV_40560436", "name": "", "source": "HydroRIVERS", "ORD_STRA": 5, "MAIN_RIV": 40613666, "chainage_km": 132.4, "dist_km": 4.7}, "geometry": {"type": "LineString", "coordinates": [[106.05624999999921, 33.57291666666614], [106.05208333333255, 33.57291666666614], [106.04791666666588, 33.56874999999945], [106.04791666666588, 33.564583333332784]]}}, {"type": "Feature", "properties": {"id": "HYRIV_40560578", "name": "", "source": "HydroRIVERS", "ORD_STRA": 5, "MAIN_RIV": 40613666, "chainage_km": 131.5, "dist_km": 4.37}, "geometry": {"type": "LineString", "coordinates": [[106.04791666666588, 33.564583333332784], [106.05208333333255, 33.56041666666612]]}}, {"type": "Feature", "properties": {"id": "HYRIV_40562059", "name": "", "source": "HydroRIVERS", "ORD_STRA": 5, "MAIN_RIV": 40613666, "chainage_km": 130.1, "dist_km": 5.26}, "geometry": {"type": "LineString", "coordinates": [[106.05208333333255, 33.56041666666612], [106.05208333333255, 33.55624999999947], [106.04374999999933, 33.54791666666615], [106.04374999999933, 33.5437499999995], [106.03958333333267, 33.539583333332835], [106.03958333333267, 33.53124999999947], [106.02291666666596, 33.5145833333328]]}}, {"type": "Feature", "properties": {"id": "HYRIV_40563634", "name": "", "source": "HydroRIVERS", "ORD_STRA": 5, "MAIN_RIV": 40613666, "chainage_km": 125.7, "dist_km": 9.42}, "geometry": {"type": "LineString", "coordinates": [[106.02291666666596, 33.5145833333328], [106.03124999999929, 33.506249999999476], [106.02291666666596, 33.49791666666612], [106.0187499999993, 33.50208333333283], [106.01458333333264, 33.50208333333283], [106.01041666666598, 33.49791666666612], [106.01041666666598, 33.49374999999946], [106.02291666666596, 33.481249999999484], [106.02291666666596, 33.47708333333279], [106.0187499999993, 33.47291666666613], [106.02291666666596, 33.46874999999947], [106.03541666666601, 33.46874999999947], [106.03958333333267, 33.46458333333282]]}}, {"type": "Feature", "properties": {"id": "HYRIV_40564138", "name": "", "source": "HydroRIVERS", "ORD_STRA": 5, "MAIN_RIV": 40613666, "chainage_km": 121.4, "dist_km": 7.17}, "geometry": {"type": "LineString", "coordinates": [[106.03958333333267, 33.46458333333282], [106.04374999999933, 33.46041666666611], [106.04374999999933, 33.44791666666614]]}}, {"type": "Feature", "properties": {"id": "HYRIV_40564426", "name": "", "source": "HydroRIVERS", "ORD_STRA": 5, "MAIN_RIV": 40613666, "chainage_km": 119.6, "dist_km": 7.55}, "geometry": {"type": "LineString", "coordinates": [[106.04374999999933, 33.44791666666614], [106.04374999999933, 33.443749999999476], [106.03958333333267, 33.439583333332784]]}}, {"type": "Feature", "properties": {"id": "HYRIV_40564544", "name": "", "source": "HydroRIVERS", "ORD_STRA": 5, "MAIN_RIV": 40613666, "chainage_km": 120.7, "dist_km": 10.48}, "geometry": {"type": "LineString", "coordinates": [[105.97708333333256, 33.44791666666614], [105.98541666666594, 33.44791666666614], [105.99374999999927, 33.439583333332784], [105.99791666666593, 33.443749999999476], [106.00208333333259, 33.443749999999476], [106.00624999999926, 33.44791666666614], [106.01041666666598, 33.44791666666614], [106.0187499999993, 33.439583333332784], [106.02291666666596, 33.439583333332784], [106.02708333333251, 33.435416666666164], [106.03541666666601, 33.435416666666164], [106.03958333333267, 33.439583333332784]]}}, {"type": "Feature", "properties": {"id": "HYRIV_40565465", "name": "", "source": "HydroRIVERS", "ORD_STRA": 6, "MAIN_RIV": 40613666, "chainage_km": 118.1, "dist_km": 7.08}, "geometry": {"type": "LineString", "coordinates": [[106.03958333333267, 33.439583333332784], [106.04374999999933, 33.435416666666164], [106.04791666666588, 33.435416666666164], [106.05208333333255, 33.43124999999946], [106.04791666666588, 33.427083333332796], [106.04791666666588, 33.41458333333282], [106.05624999999921, 33.40624999999947]]}}, {"type": "Feature", "properties": {"id": "HYRIV_40566223", "name": "", "source": "HydroRIVERS", "ORD_STRA": 6, "MAIN_RIV": 40613666, "chainage_km": 114.6, "dist_km": 8.61}, "geometry": {"type": "LineString", "coordinates": [[106.05624999999921, 33.40624999999947], [106.05208333333255, 33.402083333332804], [106.04791666666588, 33.402083333332804], [106.04374999999933, 33.397916666666156], [106.04374999999933, 33.38541666666614], [106.04791666666588, 33.381249999999476]]}}, {"type": "Feature", "properties": {"id": "HYRIV_40567230", "name": "", "source": "HydroRIVERS", "ORD_STRA": 6, "MAIN_RIV": 40613666, "chainage_km": 112.4, "dist_km": 7.1}, "geometry": {"type": "LineString", "coordinates": [[106.04791666666588, 33.381249999999476], [106.05208333333255, 33.381249999999476], [106.05624999999921, 33.38541666666614], [106.06041666666587, 33.38541666666614], [106.06458333333254, 33.381249999999476], [106.06458333333254, 33.37708333333281], [106.06874999999926, 33.37291666666612], [106.06874999999926, 33.36041666666615], [106.07708333333258, 33.35208333333282]]}}, {"type": "Feature", "properties": {"id": "HYRIV_40567487", "name": "", "source": "HydroRIVERS", "ORD_STRA": 6, "MAIN_RIV": 40613666, "chainage_km": 107.8, "dist_km": 5.33}, "geometry": {"type": "LineString", "coordinates": [[106.07708333333258, 33.35208333333282], [106.0854166666659, 33.34374999999947], [106.09374999999923, 33.34374999999947], [106.09791666666595, 33.34791666666613]]}}, {"type": "Feature", "properties": {"id": "HYRIV_40568081", "name": "", "source": "HydroRIVERS", "ORD_STRA": 6, "MAIN_RIV": 40613666, "chainage_km": 106.8, "dist_km": 2.78}, "geometry": {"type": "LineString", "coordinates": [[106.09791666666595, 33.34791666666613], [106.10208333333256, 33.34791666666613], [106.10624999999922, 33.34374999999947], [106.11874999999927, 33.34374999999947], [106.12291666666593, 33.339583333332804], [106.12708333333259, 33.339583333332804], [106.13124999999926, 33.33541666666614], [106.13958333333258, 33.33541666666614], [106.14791666666596, 33.32708333333279]]}}, {"type": "Feature", "properties": {"id": "HYRIV_40569426", "name": "", "source": "HydroRIVERS", "ORD_STRA": 6, "MAIN_RIV": 40613666, "chainage_km": 102.4, "dist_km": 1.06}, "geometry": {"type": "LineString", "coordinates": [[106.14791666666596, 33.32708333333279], [106.14791666666596, 33.318749999999476], [106.1437499999993, 33.31458333333277], [106.1437499999993, 33.3062499999995], [106.13958333333258, 33.302083333332796], [106.13958333333258, 33.28958333333282], [106.13541666666592, 33.285416666666116]]}}, {"type": "Feature", "properties": {"id": "HYRIV_40569677", "name": "", "source": "HydroRIVERS", "ORD_STRA": 6, "MAIN_RIV": 40613666, "chainage_km": 99.6, "dist_km": 2.14}, "geometry": {"type": "LineString", "coordinates": [[106.13541666666592, 33.285416666666116], [106.13124999999926, 33.28124999999947], [106.13124999999926, 33.277083333332804]]}}, {"type": "Feature", "properties": {"id": "HYRIV_40569982", "name": "", "source": "HydroRIVERS", "ORD_STRA": 6, "MAIN_RIV": 40613666, "chainage_km": 98.7, "dist_km": 2.12}, "geometry": {"type": "LineString", "coordinates": [[106.13124999999926, 33.277083333332804], [106.13124999999926, 33.27291666666614], [106.12708333333259, 33.26874999999949]]}}, {"type": "Feature", "properties": {"id": "HYRIV_40570789", "name": "", "source": "HydroRIVERS", "ORD_STRA": 6, "MAIN_RIV": 40613666, "chainage_km": 95.3, "dist_km": 6.27}, "geometry": {"type": "LineString", "coordinates": [[106.08958333333257, 33.24374999999946], [106.0854166666659, 33.24374999999946]]}}, {"type": "Feature", "properties": {"id": "HYRIV_40570790", "name": "", "source": "HydroRIVERS", "ORD_STRA": 6, "MAIN_RIV": 40613666, "chainage_km": 95.4, "dist_km": 5.11}, "geometry": {"type": "LineString", "coordinates": [[106.12708333333259, 33.26874999999949], [106.12291666666593, 33.26874999999949], [106.09791666666595, 33.24374999999946], [106.08958333333257, 33.24374999999946]]}}, {"type": "Feature", "properties": {"id": "HYRIV_40572169", "name": "", "source": "HydroRIVERS", "ORD_STRA": 6, "MAIN_RIV": 40613666, "chainage_km": 93.0, "dist_km": 7.75}, "geometry": {"type": "LineString", "coordinates": [[106.0854166666659, 33.24374999999946], [106.08124999999919, 33.23958333333284], [106.08124999999919, 33.23541666666613], [106.0854166666659, 33.23124999999947], [106.08124999999919, 33.22708333333282], [106.07708333333258, 33.22708333333282], [106.07291666666592, 33.222916666666116], [106.06874999999926, 33.222916666666116], [106.06458333333254, 33.21874999999945], [106.06874999999926, 33.214583333332804], [106.06458333333254, 33.21041666666614], [106.06458333333254, 33.20624999999948], [106.06041666666587, 33.20208333333283], [106.05624999999921, 33.20208333333283], [106.05208333333255, 33.20624999999948]]}}, {"type": "Feature", "properties": {"id": "HYRIV_40572310", "name": "", "source": "HydroRIVERS", "ORD_STRA": 6, "MAIN_RIV": 40613666, "chainage_km": 90.6, "dist_km": 10.0}, "geometry": {"type": "LineString", "coordinates": [[106.05208333333255, 33.20624999999948], [106.04791666666588, 33.20624999999948], [106.04374999999933, 33.20208333333283], [106.04374999999933, 33.197916666666124]]}}, {"type": "Feature", "properties": {"id": "HYRIV_40573326", "name": "", "source": "HydroRIVERS", "ORD_STRA": 6, "MAIN_RIV": 40613666, "chainage_km": 88.3, "dist_km": 8.01}, "geometry": {"type": "LineString", "coordinates": [[106.04374999999933, 33.197916666666124], [106.05208333333255, 33.18958333333281], [106.06458333333254, 33.18958333333281], [106.06874999999926, 33.18541666666615], [106.06458333333254, 33.181249999999444], [106.06041666666587, 33.181249999999444], [106.05624999999921, 33.177083333332796], [106.05624999999921, 33.17291666666613], [106.05208333333255, 33.16874999999947]]}}, {"type": "Feature", "properties": {"id": "HYRIV_40574156", "name": "", "source": "HydroRIVERS", "ORD_STRA": 6, "MAIN_RIV": 40613666, "chainage_km": 82.3, "dist_km": 9.05}, "geometry": {"type": "LineString", "coordinates": [[106.05208333333255, 33.16874999999947], [106.05208333333255, 33.16041666666616], [106.04791666666588, 33.15624999999945], [106.04791666666588, 33.152083333332804], [106.05208333333255, 33.14791666666614], [106.05208333333255, 33.14374999999948]]}}, {"type": "Feature", "properties": {"id": "HYRIV_40574994", "name": "", "source": "HydroRIVERS", "ORD_STRA": 6, "MAIN_RIV": 40613666, "chainage_km": 80.1, "dist_km": 7.07}, "geometry": {"type": "LineString", "coordinates": [[106.05208333333255, 33.14374999999948], [106.05624999999921, 33.13958333333283], [106.05624999999921, 33.13124999999946], [106.06041666666587, 33.1270833333328], [106.05624999999921, 33.12291666666615], [106.05208333333255, 33.12291666666615], [106.04791666666588, 33.11874999999949]]}}, {"type": "Feature", "properties": {"id": "HYRIV_40575415", "name": "", "source": "HydroRIVERS", "ORD_STRA": 6, "MAIN_RIV": 40613666, "chainage_km": 78.1, "dist_km": 7.21}, "geometry": {"type": "LineString", "coordinates": [[106.04791666666588, 33.11874999999949], [106.05208333333255, 33.114583333332824], [106.05208333333255, 33.11041666666613], [106.05624999999921, 33.10624999999947]]}}, {"type": "Feature", "properties": {"id": "HYRIV_40575662", "name": "", "source": "HydroRIVERS", "ORD_STRA": 6, "MAIN_RIV": 40613666, "chainage_km": 77.3, "dist_km": 6.56}, "geometry": {"type": "LineString", "coordinates": [[106.05624999999921, 33.10624999999947], [106.05624999999921, 33.10208333333281], [106.06041666666587, 33.09791666666616]]}}, {"type": "Feature", "properties": {"id": "HYRIV_40576315", "name": "", "source": "HydroRIVERS", "ORD_STRA": 6, "MAIN_RIV": 40613666, "chainage_km": 75.4, "dist_km": 5.09}, "geometry": {"type": "LineString", "coordinates": [[106.06041666666587, 33.09791666666616], [106.06458333333254, 33.093749999999496], [106.06041666666587, 33.08958333333279], [106.06041666666587, 33.08541666666614], [106.06458333333254, 33.08124999999948], [106.07291666666592, 33.08124999999948], [106.07708333333258, 33.08541666666614], [106.0854166666659, 33.077083333332816]]}}, {"type": "Feature", "properties": {"id": "HYRIV_40576470", "name": "", "source": "HydroRIVERS", "ORD_STRA": 6, "MAIN_RIV": 40613666, "chainage_km": 75.6, "dist_km": 2.75}, "geometry": {"type": "LineString", "coordinates": [[106.0854166666659, 33.077083333332816], [106.08958333333257, 33.077083333332816], [106.09374999999923, 33.07291666666617]]}}, {"type": "Feature", "properties": {"id": "HYRIV_40577238", "name": "", "source": "HydroRIVERS", "ORD_STRA": 6, "MAIN_RIV": 40613666, "chainage_km": 73.8, "dist_km": 2.53}, "geometry": {"type": "LineString", "coordinates": [[106.09374999999923, 33.07291666666617], [106.08958333333257, 33.06874999999946], [106.08958333333257, 33.0645833333328], [106.0854166666659, 33.06041666666615], [106.0854166666659, 33.056249999999444], [106.08124999999919, 33.05208333333278], [106.08124999999919, 33.04791666666613]]}}, {"type": "Feature", "properties": {"id": "HYRIV_40577500", "name": "", "source": "HydroRIVERS", "ORD_STRA": 6, "MAIN_RIV": 40613666, "chainage_km": 71.8, "dist_km": 2.67}, "geometry": {"type": "LineString", "coordinates": [[106.08124999999919, 33.04791666666613], [106.07708333333258, 33.04374999999947], [106.07708333333258, 33.03958333333281]]}}, {"type": "Feature", "properties": {"id": "HYRIV_40579894", "name": "", "source": "HydroRIVERS", "ORD_STRA": 6, "MAIN_RIV": 40613666, "chainage_km": 66.7, "dist_km": 3.41}, "geometry": {"type": "LineString", "coordinates": [[106.07708333333258, 33.03958333333281], [106.07708333333258, 33.02708333333279], [106.06458333333254, 33.014583333332816], [106.06458333333254, 33.01041666666615], [106.06041666666587, 33.006249999999504], [106.05624999999921, 33.006249999999504], [106.05208333333255, 33.0020833333328], [106.06458333333254, 32.989583333332824], [106.06458333333254, 32.98541666666612], [106.06041666666587, 32.98124999999947], [106.06041666666587, 32.972916666666144], [106.05624999999921, 32.968749999999496]]}}, {"type": "Feature", "properties": {"id": "HYRIV_40580047", "name": "", "source": "HydroRIVERS", "ORD_STRA": 6, "MAIN_RIV": 40613666, "chainage_km": 62.9, "dist_km": 2.97}, "geometry": {"type": "LineString", "coordinates": [[106.05624999999921, 32.968749999999496], [106.05208333333255, 32.96458333333279], [106.04791666666588, 32.96458333333279], [106.04374999999933, 32.968749999999496], [106.03958333333267, 32.968749999999496], [106.03541666666601, 32.96458333333279]]}}, {"type": "Feature", "properties": {"id": "HYRIV_40580319", "name": "", "source": "HydroRIVERS", "ORD_STRA": 6, "MAIN_RIV": 40613666, "chainage_km": 60.7, "dist_km": 5.09}, "geometry": {"type": "LineString", "coordinates": [[106.03541666666601, 32.96458333333279], [106.02291666666596, 32.96458333333279], [106.01458333333264, 32.95624999999948], [106.01041666666598, 32.95624999999948]]}}, {"type": "Feature", "properties": {"id": "HYRIV_40580830", "name": "", "source": "HydroRIVERS", "ORD_STRA": 6, "MAIN_RIV": 40613666, "chainage_km": 58.1, "dist_km": 7.07}, "geometry": {"type": "LineString", "coordinates": [[106.01041666666598, 32.95624999999948], [105.99791666666593, 32.95624999999948], [105.9895833333326, 32.94791666666615], [105.9895833333326, 32.943749999999504], [105.98541666666594, 32.93958333333284], [105.98124999999922, 32.943749999999504], [105.9729166666659, 32.943749999999504], [105.96874999999923, 32.93958333333284]]}}, {"type": "Feature", "properties": {"id": "HYRIV_40581087", "name": "", "source": "HydroRIVERS", "ORD_STRA": 6, "MAIN_RIV": 40613666, "chainage_km": 57.3, "dist_km": 9.63}, "geometry": {"type": "LineString", "coordinates": [[105.96874999999923, 32.93958333333284], [105.95624999999919, 32.93958333333284], [105.94791666666586, 32.93124999999947]]}}, {"type": "Feature", "properties": {"id": "HYRIV_40581814", "name": "", "source": "HydroRIVERS", "ORD_STRA": 6, "MAIN_RIV": 40613666, "chainage_km": 52.9, "dist_km": 10.43}, "geometry": {"type": "LineString", "coordinates": [[105.94791666666586, 32.93124999999947], [105.9437499999992, 32.93124999999947], [105.93958333333254, 32.927083333332824], [105.93958333333254, 32.92291666666616], [105.93541666666604, 32.918749999999456], [105.92708333333255, 32.918749999999456], [105.92291666666588, 32.91458333333281], [105.91874999999922, 32.91458333333281], [105.91458333333256, 32.910416666666144]]}}, {"type": "Feature", "properties": {"id": "HYRIV_40582372", "name": "", "source": "HydroRIVERS", "ORD_STRA": 6, "MAIN_RIV": 40613666, "chainage_km": 48.9, "dist_km": 12.29}, "geometry": {"type": "LineString", "coordinates": [[105.91458333333256, 32.910416666666144], [105.89791666666596, 32.893749999999464]]}}, {"type": "Feature", "properties": {"id": "HYRIV_40582663", "name": "", "source": "HydroRIVERS", "ORD_STRA": 6, "MAIN_RIV": 40613666, "chainage_km": 48.1, "dist_km": 11.88}, "geometry": {"type": "LineString", "coordinates": [[105.89791666666596, 32.893749999999464], [105.89791666666596, 32.88541666666615]]}}, {"type": "Feature", "properties": {"id": "HYRIV_40583491", "name": "", "source": "HydroRIVERS", "ORD_STRA": 6, "MAIN_RIV": 40613666, "chainage_km": 47.2, "dist_km": 10.56}, "geometry": {"type": "LineString", "coordinates": [[105.89791666666596, 32.88541666666615], [105.90208333333251, 32.88124999999949], [105.90208333333251, 32.87708333333284], [105.90624999999935, 32.872916666666136], [105.90624999999935, 32.864583333332824], [105.91041666666601, 32.86041666666612]]}}, {"type": "Feature", "properties": {"id": "HYRIV_40583911", "name": "", "source": "HydroRIVERS", "ORD_STRA": 6, "MAIN_RIV": 40613666, "chainage_km": 45.6, "dist_km": 8.49}, "geometry": {"type": "LineString", "coordinates": [[105.91041666666601, 32.86041666666612], [105.91874999999922, 32.85208333333281], [105.91874999999922, 32.847916666666144]]}}, {"type": "Feature", "properties": {"id": "HYRIV_40585058", "name": "", "source": "HydroRIVERS", "ORD_STRA": 6, "MAIN_RIV": 40613666, "chainage_km": 42.7, "dist_km": 7.04}, "geometry": {"type": "LineString", "coordinates": [[105.91874999999922, 32.847916666666144], [105.91874999999922, 32.831249999999464], [105.91458333333256, 32.8270833333328], [105.91874999999922, 32.82291666666615], [105.92291666666588, 32.82291666666615], [105.93124999999921, 32.81458333333283]]}}, {"type": "Feature", "properties": {"id": "HYRIV_40586272", "name": "", "source": "HydroRIVERS", "ORD_STRA": 6, "MAIN_RIV": 40613666, "chainage_km": 39.6, "dist_km": 5.04}, "geometry": {"type": "LineString", "coordinates": [[105.93124999999921, 32.81458333333283], [105.91874999999922, 32.80208333333281], [105.91874999999922, 32.79791666666616], [105.92291666666588, 32.7937499999995], [105.92291666666588, 32.78958333333279], [105.91874999999922, 32.785416666666144], [105.91874999999922, 32.78124999999948], [105.91458333333256, 32.77708333333282], [105.91041666666601, 32.77708333333282]]}}, {"type": "Feature", "properties": {"id": "HYRIV_40586405", "name": "", "source": "HydroRIVERS", "ORD_STRA": 6, "MAIN_RIV": 40613666, "chainage_km": 37.3, "dist_km": 5.59}, "geometry": {"type": "LineString", "coordinates": [[105.91041666666601, 32.77708333333282], [105.90624999999935, 32.77291666666613]]}}, {"type": "Feature", "properties": {"id": "HYRIV_40587236", "name": "", "source": "HydroRIVERS", "ORD_STRA": 6, "MAIN_RIV": 40613666, "chainage_km": 35.8, "dist_km": 4.42}, "geometry": {"type": "LineString", "coordinates": [[105.90624999999935, 32.77291666666613], [105.90624999999935, 32.768749999999464], [105.91041666666601, 32.7645833333328], [105.91041666666601, 32.75624999999949], [105.91458333333256, 32.75208333333283], [105.91874999999922, 32.75208333333283], [105.92291666666588, 32.74791666666618]]}}, {"type": "Feature", "properties": {"id": "HYRIV_40587506", "name": "", "source": "HydroRIVERS", "ORD_STRA": 6, "MAIN_RIV": 40613666, "chainage_km": 34.0, "dist_km": 3.94}, "geometry": {"type": "LineString", "coordinates": [[105.92291666666588, 32.74791666666618], [105.92291666666588, 32.74374999999947], [105.91874999999922, 32.73958333333281], [105.90624999999935, 32.73958333333281], [105.89791666666596, 32.74791666666618], [105.89374999999919, 32.74374999999947]]}}, {"type": "Feature", "properties": {"id": "HYRIV_40587929", "name": "", "source": "HydroRIVERS", "ORD_STRA": 6, "MAIN_RIV": 40613666, "chainage_km": 32.6, "dist_km": 4.56}, "geometry": {"type": "LineString", "coordinates": [[105.89374999999919, 32.74374999999947], [105.89374999999919, 32.7312499999995], [105.88958333333264, 32.72708333333279]]}}, {"type": "Feature", "properties": {"id": "HYRIV_40589953", "name": "", "source": "HydroRIVERS", "ORD_STRA": 6, "MAIN_RIV": 40613666, "chainage_km": 29.7, "dist_km": 3.11}, "geometry": {"type": "LineString", "coordinates": [[105.88958333333264, 32.72708333333279], [105.88958333333264, 32.72291666666613], [105.88124999999931, 32.71458333333282], [105.88124999999931, 32.710416666666156], [105.88541666666598, 32.706249999999464], [105.88958333333264, 32.706249999999464], [105.89374999999919, 32.7020833333328], [105.89791666666596, 32.7020833333328], [105.90208333333251, 32.69791666666614], [105.90208333333251, 32.685416666666164], [105.89791666666596, 32.681249999999515], [105.89374999999919, 32.681249999999515], [105.87708333333259, 32.66458333333279]]}}, {"type": "Feature", "properties": {"id": "HYRIV_40590654", "name": "", "source": "HydroRIVERS", "ORD_STRA": 6, "MAIN_RIV": 40613666, "chainage_km": 23.6, "dist_km": 1.85}, "geometry": {"type": "LineString", "coordinates": [[105.87708333333259, 32.66458333333279], [105.87708333333259, 32.64374999999951]]}}, {"type": "Feature", "properties": {"id": "HYRIV_40591514", "name": "", "source": "HydroRIVERS", "ORD_STRA": 6, "MAIN_RIV": 40613666, "chainage_km": 20.9, "dist_km": 2.71}, "geometry": {"type": "LineString", "coordinates": [[105.87708333333259, 32.64374999999951], [105.86041666666594, 32.62708333333283], [105.86041666666594, 32.622916666666164], [105.85624999999928, 32.61874999999946], [105.85624999999928, 32.61458333333281]]}}, {"type": "Feature", "properties": {"id": "HYRIV_40591744", "name": "", "source": "HydroRIVERS", "ORD_STRA": 6, "MAIN_RIV": 40613666, "chainage_km": 19.7, "dist_km": 1.96}, "geometry": {"type": "LineString", "coordinates": [[105.85624999999928, 32.61458333333281], [105.86041666666594, 32.61041666666615], [105.8645833333326, 32.61041666666615], [105.86874999999927, 32.606249999999484]]}}, {"type": "Feature", "properties": {"id": "HYRIV_40591911", "name": "", "source": "HydroRIVERS", "ORD_STRA": 6, "MAIN_RIV": 40613666, "chainage_km": 19.0, "dist_km": 0.96}, "geometry": {"type": "LineString", "coordinates": [[105.86874999999927, 32.606249999999484], [105.87291666666593, 32.602083333332835]]}}, {"type": "Feature", "properties": {"id": "HYRIV_40593296", "name": "", "source": "HydroRIVERS", "ORD_STRA": 6, "MAIN_RIV": 40613666, "chainage_km": 15.6, "dist_km": 2.81}, "geometry": {"type": "LineString", "coordinates": [[105.87291666666593, 32.602083333332835], [105.8645833333326, 32.59374999999947], [105.86041666666594, 32.59374999999947], [105.84374999999923, 32.577083333332844], [105.84374999999923, 32.560416666666164], [105.8479166666659, 32.5562499999995]]}}, {"type": "Feature", "properties": {"id": "HYRIV_40593542", "name": "", "source": "HydroRIVERS", "ORD_STRA": 6, "MAIN_RIV": 40613666, "chainage_km": 12.8, "dist_km": 2.42}, "geometry": {"type": "LineString", "coordinates": [[105.8479166666659, 32.5562499999995], [105.84374999999923, 32.55208333333285], [105.83958333333257, 32.55208333333285], [105.8354166666659, 32.54791666666615]]}}, {"type": "Feature", "properties": {"id": "HYRIV_40595468", "name": "", "source": "HydroRIVERS", "ORD_STRA": 6, "MAIN_RIV": 40613666, "chainage_km": 10.6, "dist_km": 1.79}, "geometry": {"type": "LineString", "coordinates": [[105.8354166666659, 32.54791666666615], [105.83958333333257, 32.543749999999484], [105.83958333333257, 32.539583333332835], [105.8354166666659, 32.53541666666617], [105.83958333333257, 32.53124999999947], [105.83958333333257, 32.527083333332804], [105.8479166666659, 32.51874999999949], [105.8479166666659, 32.489583333332796]]}}, {"type": "Feature", "properties": {"id": "HYRIV_40595882", "name": "", "source": "HydroRIVERS", "ORD_STRA": 6, "MAIN_RIV": 40613666, "chainage_km": 5.5, "dist_km": 0.46}, "geometry": {"type": "LineString", "coordinates": [[105.8479166666659, 32.489583333332796], [105.8479166666659, 32.481249999999484], [105.84374999999923, 32.47708333333282]]}}, {"type": "Feature", "properties": {"id": "HYRIV_40596288", "name": "", "source": "HydroRIVERS", "ORD_STRA": 6, "MAIN_RIV": 40613666, "chainage_km": 4.5, "dist_km": 0.35}, "geometry": {"type": "LineString", "coordinates": [[105.84374999999923, 32.47708333333282], [105.84374999999923, 32.47291666666617], [105.8354166666659, 32.464583333332804]]}}, {"type": "Feature", "properties": {"id": "HYRIV_40596945", "name": "", "source": "HydroRIVERS", "ORD_STRA": 6, "MAIN_RIV": 40613666, "chainage_km": 0.6, "dist_km": 1.37}, "geometry": {"type": "LineString", "coordinates": [[105.8354166666659, 32.464583333332804], [105.81458333333254, 32.443749999999476]]}}, {"type": "Feature", "properties": {"id": "HYRIV_40597338", "name": "", "source": "HydroRIVERS", "ORD_STRA": 6, "MAIN_RIV": 40613666, "chainage_km": 0.0, "dist_km": 1.22}, "geometry": {"type": "LineString", "coordinates": [[105.81458333333254, 32.443749999999476], [105.81458333333254, 32.4312499999995]]}}, {"type": "Feature", "properties": {"id": "HYRIV_40597992", "name": "", "source": "HydroRIVERS", "ORD_STRA": 6, "MAIN_RIV": 40613666, "chainage_km": 0.0, "dist_km": 4.12}, "geometry": {"type": "LineString", "coordinates": [[105.81458333333254, 32.4312499999995], [105.81458333333254, 32.42291666666613], [105.80208333333255, 32.41041666666616], [105.79374999999933, 32.41041666666616], [105.78958333333256, 32.41458333333282], [105.7854166666659, 32.41458333333282], [105.78124999999923, 32.41041666666616]]}}, {"type": "Feature", "properties": {"id": "HYRIV_40599923", "name": "", "source": "HydroRIVERS", "ORD_STRA": 6, "MAIN_RIV": 40613666, "chainage_km": 0.0, "dist_km": 8.19}, "geometry": {"type": "LineString", "coordinates": [[105.78124999999923, 32.41041666666616], [105.78958333333256, 32.402083333332804], [105.78958333333256, 32.39791666666614], [105.7854166666659, 32.39374999999949], [105.78124999999923, 32.39374999999949], [105.77708333333251, 32.38958333333279], [105.76458333333264, 32.38958333333279], [105.75624999999931, 32.39791666666614], [105.75208333333265, 32.39791666666614], [105.74791666666593, 32.402083333332804], [105.74374999999927, 32.39791666666614], [105.74374999999927, 32.385416666666124], [105.7395833333326, 32.38124999999952], [105.7395833333326, 32.37291666666615], [105.73124999999928, 32.36458333333284], [105.72708333333262, 32.36458333333284], [105.71874999999923, 32.35624999999953], [105.71874999999923, 32.34791666666616]]}}]}