{"type":"FeatureCollection","name":"chengdu-rivers-sample","crs":{"type":"name","properties":{"name":"urn:ogc:def:crs:OGC:1.3:CRS84"}},"bbox":[103.7,30.4,104.4,30.95],"properties":{"title_zh":"成都周边河网小样","fields":{"id":"河段唯一ID（HydroRIVERS HYRIV_ID 或 OSM osm_id）","name":"河名，可空","source":"hydrorivers | osm","waterway":"OSM 水道类型，可空","ord_stra":"HydroRIVERS 河序，可空","length_km":"河段长度公里，可空"},"note_zh":"首版小程序占位数据；坐标系 WGS84。"},"features":[{"type":"Feature","geometry":{"type":"LineString","coordinates":[[103.69792,30.84792],[103.70208,30.84375],[103.70208,30.83542],[103.70625,30.83125],[103.70625,30.82708],[103.71042,30.82292],[103.71042,30.81875],[103.71458,30.81458],[103.71458,30.80208]]},"properties":{"id":"40652698","name":"主河道 40652698","source":"hydrorivers","ord_stra":6,"length_km":5.69}},{"type":"Feature","geometry":{"type":"LineString","coordinates":[[103.71458,30.80208],[103.71458,30.79792],[103.72292,30.78958],[103.72292,30.76875],[103.72708,30.76458],[103.72708,30.75625]]},"properties":{"id":"40654363","name":"主河道 40654363","source":"hydrorivers","ord_stra":6,"length_km":5.54}},{"type":"Feature","geometry":{"type":"LineString","coordinates":[[103.72708,30.75625],[103.73125,30.75208]]},"properties":{"id":"40654536","name":"主河道 40654536","source":"hydrorivers","ord_stra":6,"length_km":0.61}},{"type":"Feature","geometry":{"type":"LineString","coordinates":[[103.73125,30.75208],[103.73125,30.73958]]},"properties":{"id":"40655007","name":"主河道 40655007","source":"hydrorivers","ord_stra":6,"length_km":1.39}},{"type":"Feature","geometry":{"type":"LineString","coordinates":[[103.73125,30.73958],[103.73125,30.73542],[103.73542,30.73125],[103.73958,30.73125],[103.75208,30.71875],[103.75208,30.71458],[103.75625,30.71042],[103.75625,30.70625],[103.76042,30.70208],[103.76042,30.69792],[103.77292,30.68542]]},"properties":{"id":"40656948","name":"主河道 40656948","source":"hydrorivers","ord_stra":6,"length_km":7.75}},{"type":"Feature","geometry":{"type":"LineString","coordinates":[[103.77292,30.68542],[103.77292,30.68125]]},"properties":{"id":"40657104","name":"主河道 40657104","source":"hydrorivers","ord_stra":6,"length_km":0.46}},{"type":"Feature","geometry":{"type":"LineString","coordinates":[[103.77292,30.68125],[103.78542,30.66875],[103.78542,30.66458],[103.78958,30.66042],[103.78958,30.64375],[103.79375,30.63958],[103.79375,30.63542],[103.79792,30.63125],[103.79792,30.62708]]},"properties":{"id":"40659178","name":"主河道 40659178","source":"hydrorivers","ord_stra":6,"length_km":6.91}},{"type":"Feature","geometry":{"type":"LineString","coordinates":[[103.79792,30.62708],[103.80625,30.61875]]},"properties":{"id":"40659492","name":"主河道 40659492","source":"hydrorivers","ord_stra":6,"length_km":1.22}},{"type":"Feature","geometry":{"type":"LineString","coordinates":[[103.80625,30.61875],[103.81042,30.61458],[103.81042,30.61042]]},"properties":{"id":"40659821","name":"主河道 40659821","source":"hydrorivers","ord_stra":6,"length_km":1.07}},{"type":"Feature","geometry":{"type":"LineString","coordinates":[[103.81042,30.61042],[103.81458,30.60625]]},"properties":{"id":"40659995","name":"主河道 40659995","source":"hydrorivers","ord_stra":6,"length_km":0.61}},{"type":"Feature","geometry":{"type":"LineString","coordinates":[[103.81458,30.60625],[103.81458,30.60208],[103.81875,30.59792],[103.81875,30.58542]]},"properties":{"id":"40660743","name":"主河道 40660743","source":"hydrorivers","ord_stra":6,"length_km":2.46}},{"type":"Feature","geometry":{"type":"LineString","coordinates":[[103.81875,30.58542],[103.81875,30.57708]]},"properties":{"id":"40661102","name":"主河道 40661102","source":"hydrorivers","ord_stra":6,"length_km":0.93}},{"type":"Feature","geometry":{"type":"LineString","coordinates":[[103.81875,30.57708],[103.81875,30.56458]]},"properties":{"id":"40661596","name":"主河道 40661596","source":"hydrorivers","ord_stra":6,"length_km":1.39}},{"type":"Feature","geometry":{"type":"LineString","coordinates":[[103.81875,30.56458],[103.81875,30.56042],[103.82292,30.55625],[103.82292,30.54792],[103.82708,30.54375]]},"properties":{"id":"40662462","name":"主河道 40662462","source":"hydrorivers","ord_stra":6,"length_km":2.61}},{"type":"Feature","geometry":{"type":"LineString","coordinates":[[103.82708,30.54375],[103.82292,30.53958],[103.82292,30.51458]]},"properties":{"id":"40663535","name":"主河道 40663535","source":"hydrorivers","ord_stra":6,"length_km":3.39}},{"type":"Feature","geometry":{"type":"LineString","coordinates":[[103.82292,30.51458],[103.82708,30.51042]]},"properties":{"id":"40663689","name":"主河道 40663689","source":"hydrorivers","ord_stra":6,"length_km":0.61}},{"type":"Feature","geometry":{"type":"LineString","coordinates":[[103.82708,30.51042],[103.82708,30.46875],[103.83125,30.46458]]},"properties":{"id":"40665518","name":"主河道 40665518","source":"hydrorivers","ord_stra":6,"length_km":5.25}},{"type":"Feature","geometry":{"type":"LineString","coordinates":[[103.83125,30.46458],[103.83958,30.45625]]},"properties":{"id":"40665833","name":"主河道 40665833","source":"hydrorivers","ord_stra":6,"length_km":1.22}},{"type":"Feature","geometry":{"type":"LineString","coordinates":[[103.83958,30.45625],[103.83542,30.45208],[103.83958,30.44792]]},"properties":{"id":"40666144","name":"主河道 40666144","source":"hydrorivers","ord_stra":6,"length_km":1.22}},{"type":"Feature","geometry":{"type":"LineString","coordinates":[[103.83958,30.44792],[103.83542,30.44375],[103.83542,30.43958],[103.83125,30.43542],[103.82708,30.43542]]},"properties":{"id":"40666641","name":"主河道 40666641","source":"hydrorivers","ord_stra":6,"length_km":2.09}},{"type":"Feature","geometry":{"type":"LineString","coordinates":[[103.82708,30.43542],[103.82708,30.41042]]},"properties":{"id":"40667704","name":"主河道 40667704","source":"hydrorivers","ord_stra":6,"length_km":2.78}},{"type":"Feature","geometry":{"type":"LineString","coordinates":[[103.82708,30.41042],[103.82708,30.40625],[103.83125,30.40208],[103.83542,30.40208],[103.83958,30.39792],[103.84375,30.39792],[103.84792,30.39375],[103.85208,30.39375],[103.85625,30.38958]]},"properties":{"id":"40668513","name":"主河道 40668513","source":"hydrorivers","ord_stra":6,"length_km":4.11}},{"type":"Feature","geometry":{"type":"LineString","coordinates":[[104.36875,30.96042],[104.37708,30.95208],[104.38125,30.95208],[104.38958,30.94375]]},"properties":{"id":"40647472","name":"河段 40647472","source":"hydrorivers","ord_stra":5,"length_km":2.84}},{"type":"Feature","geometry":{"type":"LineString","coordinates":[[104.38958,30.94375],[104.38958,30.92292],[104.41458,30.89792],[104.41875,30.89792],[104.42292,30.89375]]},"properties":{"id":"40649396","name":"河段 40649396","source":"hydrorivers","ord_stra":5,"length_km":6.99}},{"type":"Feature","geometry":{"type":"LineString","coordinates":[[103.78958,30.40625],[103.79792,30.41458],[103.80208,30.41458],[103.80625,30.41042],[103.82708,30.41042]]},"properties":{"id":"40667859","name":"河段 40667859","source":"hydrorivers","ord_stra":5,"length_km":4.23}},{"type":"Feature","geometry":{"type":"LineString","coordinates":[[103.75625,30.36042],[103.76875,30.37292],[103.77292,30.37292],[103.78958,30.38958],[103.78958,30.40625]]},"properties":{"id":"40669630","name":"河段 40669630","source":"hydrorivers","ord_stra":5,"length_km":6.54}},{"type":"Feature","geometry":{"type":"LineString","coordinates":[[104.09618,30.70883],[104.09599,30.70851]]},"properties":{"id":"1008156393","name":"凤凰河","source":"osm","waterway":"stream"}},{"type":"Feature","geometry":{"type":"LineString","coordinates":[[104.09599,30.70851],[104.09593,30.70841]]},"properties":{"id":"1008156394","name":"凤凰河","source":"osm","waterway":"stream"}},{"type":"Feature","geometry":{"type":"LineString","coordinates":[[103.98095,30.63273],[103.9851,30.63229]]},"properties":{"id":"1011006541","name":"黄堰河","source":"osm","waterway":"stream"}},{"type":"Feature","geometry":{"type":"LineString","coordinates":[[103.9851,30.63229],[103.98528,30.63208]]},"properties":{"id":"1011006542","name":"黄堰河","source":"osm","waterway":"stream"}},{"type":"Feature","geometry":{"type":"LineString","coordinates":[[103.98513,30.62879],[103.98518,30.62792]]},"properties":{"id":"1011006543","name":"黄堰河","source":"osm","waterway":"stream"}},{"type":"Feature","geometry":{"type":"LineString","coordinates":[[103.98512,30.62969],[103.9851,30.62951]]},"properties":{"id":"1011006544","name":"黄堰河","source":"osm","waterway":"stream"}},{"type":"Feature","geometry":{"type":"LineString","coordinates":[[103.98518,30.62792],[103.98529,30.62705]]},"properties":{"id":"1011006545","name":"黄堰河","source":"osm","waterway":"stream"}},{"type":"Feature","geometry":{"type":"LineString","coordinates":[[103.9851,30.62951],[103.98513,30.62879]]},"properties":{"id":"1011006546","name":"黄堰河","source":"osm","waterway":"stream"}},{"type":"Feature","geometry":{"type":"LineString","coordinates":[[103.98777,30.63852],[103.98688,30.63687],[103.98501,30.63718]]},"properties":{"id":"1011006557","name":"黄堰河","source":"osm","waterway":"stream"}},{"type":"Feature","geometry":{"type":"LineString","coordinates":[[103.98501,30.63718],[103.98421,30.63685]]},"properties":{"id":"1011006558","name":"黄堰河","source":"osm","waterway":"stream"}},{"type":"Feature","geometry":{"type":"LineString","coordinates":[[103.98421,30.63685],[103.98415,30.63682]]},"properties":{"id":"1011006559","name":"黄堰河","source":"osm","waterway":"stream"}},{"type":"Feature","geometry":{"type":"LineString","coordinates":[[103.98415,30.63682],[103.98226,30.63592]]},"properties":{"id":"1011006560","name":"黄堰河","source":"osm","waterway":"stream"}},{"type":"Feature","geometry":{"type":"LineString","coordinates":[[104.32245,30.66888],[104.31685,30.67109],[104.31479,30.67316],[104.31103,30.67471],[104.30945,30.67942],[104.30529,30.68031],[104.30324,30.68163],[104.2956,30.6824],[104.29173,30.68382]]},"properties":{"id":"1013016697","name":"深沟河","source":"osm","waterway":"stream"}},{"type":"Feature","geometry":{"type":"LineString","coordinates":[[103.74921,30.66475],[103.75038,30.65966],[103.75825,30.651],[103.76006,30.64601],[103.76088,30.64575],[103.76143,30.64364],[103.7648,30.63973],[103.76457,30.63753],[103.76727,30.63194],[103.76801,30.62748],[103.77019,30.62332],[103.77383,30.61917],[103.77514,30.61396],[103.77552,30.60569],[103.77663,30.60513],[103.777,30.60573],[103.7788,30.6045],[103.78394,30.59955]]},"properties":{"id":"1013545731","name":"羊马河","source":"osm","waterway":"stream"}},{"type":"Feature","geometry":{"type":"LineString","coordinates":[[103.74914,30.66504],[103.74921,30.66475]]},"properties":{"id":"1013545732","name":"羊马河","source":"osm","waterway":"stream"}},{"type":"Feature","geometry":{"type":"LineString","coordinates":[[103.75811,30.67192],[103.76104,30.67007]]},"properties":{"id":"1013545733","name":"石鱼河","source":"osm","waterway":"stream"}},{"type":"Feature","geometry":{"type":"LineString","coordinates":[[103.76104,30.67007],[103.76167,30.66949]]},"properties":{"id":"1013545734","name":"石鱼河","source":"osm","waterway":"stream"}},{"type":"Feature","geometry":{"type":"LineString","coordinates":[[103.71119,30.86735],[103.71322,30.86537],[103.71451,30.86218]]},"properties":{"id":"1014485967","name":"江安河","source":"osm","waterway":"river"}},{"type":"Feature","geometry":{"type":"LineString","coordinates":[[104.2392,30.78669],[104.24532,30.7862]]},"properties":{"id":"1014974463","name":"北干渠","source":"osm","waterway":"canal"}},{"type":"Feature","geometry":{"type":"LineString","coordinates":[[104.23827,30.78657],[104.2392,30.78669]]},"properties":{"id":"1014974464","name":"北干渠","source":"osm","waterway":"canal"}},{"type":"Feature","geometry":{"type":"LineString","coordinates":[[104.24891,30.78869],[104.25604,30.79168]]},"properties":{"id":"1014974469","name":"北干渠","source":"osm","waterway":"canal"}},{"type":"Feature","geometry":{"type":"LineString","coordinates":[[104.24874,30.78856],[104.24891,30.78869]]},"properties":{"id":"1014974470","name":"北干渠","source":"osm","waterway":"canal"}},{"type":"Feature","geometry":{"type":"LineString","coordinates":[[104.25812,30.79149],[104.25964,30.79109],[104.26172,30.79207],[104.26429,30.79544],[104.2681,30.79587],[104.27101,30.79829],[104.27281,30.79837],[104.27589,30.79578],[104.27988,30.79823],[104.28269,30.79883]]},"properties":{"id":"1014974473","name":"北干渠","source":"osm","waterway":"canal"}},{"type":"Feature","geometry":{"type":"LineString","coordinates":[[104.25718,30.79168],[104.25812,30.79149]]},"properties":{"id":"1014974474","name":"北干渠","source":"osm","waterway":"canal"}},{"type":"Feature","geometry":{"type":"LineString","coordinates":[[104.25654,30.79177],[104.25718,30.79168]]},"properties":{"id":"1014974475","name":"北干渠","source":"osm","waterway":"canal"}},{"type":"Feature","geometry":{"type":"LineString","coordinates":[[104.25604,30.79168],[104.25654,30.79177]]},"properties":{"id":"1014974476","name":"北干渠","source":"osm","waterway":"canal"}},{"type":"Feature","geometry":{"type":"LineString","coordinates":[[104.04958,30.79507],[104.0611,30.78859],[104.0647,30.79253]]},"properties":{"id":"1016225281","name":"海边堰","source":"osm","waterway":"stream"}},{"type":"Feature","geometry":{"type":"LineString","coordinates":[[104.02781,30.85771],[104.03776,30.85262],[104.03899,30.8498],[104.04266,30.84928],[104.04371,30.84602],[104.04509,30.84477],[104.04943,30.84412]]},"properties":{"id":"1016227074","name":"老锦水河","source":"osm","waterway":"stream"}},{"type":"Feature","geometry":{"type":"LineString","coordinates":[[104.04943,30.84412],[104.04971,30.84397]]},"properties":{"id":"1016227075","name":"老锦水河","source":"osm","waterway":"stream"}},{"type":"Feature","geometry":{"type":"LineString","coordinates":[[104.32139,30.71865],[104.31486,30.72295],[104.31434,30.72383],[104.31507,30.72534],[104.31154,30.72709],[104.31009,30.73252],[104.30885,30.73398],[104.3071,30.7343],[104.30584,30.73831],[104.30731,30.74392],[104.3064,30.74788]]},"properties":{"id":"1016537390","name":"东干渠","source":"osm","waterway":"canal"}},{"type":"Feature","geometry":{"type":"LineString","coordinates":[[104.3346,30.7025],[104.33451,30.70283]]},"properties":{"id":"1016537391","name":"东干渠","source":"osm","waterway":"canal"}},{"type":"Feature","geometry":{"type":"LineString","coordinates":[[104.31134,30.73031],[104.31446,30.72966],[104.31647,30.72725],[104.31732,30.72302],[104.32189,30.72054]]},"properties":{"id":"1016537403","name":"毗河供水工程","source":"osm","waterway":"canal"}},{"type":"Feature","geometry":{"type":"LineString","coordinates":[[104.31046,30.73045],[104.31134,30.73031]]},"properties":{"id":"1016537404","name":"毗河供水工程","source":"osm","waterway":"canal"}},{"type":"Feature","geometry":{"type":"LineString","coordinates":[[103.89448,30.48644],[103.89441,30.48619]]},"properties":{"id":"1016564577","name":"牧山干渠","source":"osm","waterway":"canal"}},{"type":"Feature","geometry":{"type":"LineString","coordinates":[[103.90077,30.41231],[103.90306,30.41151],[103.90461,30.41217],[103.90601,30.40823],[103.90777,30.40725],[103.90949,30.4096],[103.91069,30.40997],[103.90848,30.41517],[103.90985,30.41738],[103.91253,30.41632],[103.91228,30.41547],[103.9137,30.41435],[103.91333,30.41206]]},"properties":{"id":"1016564597","name":"牧山干渠","source":"osm","waterway":"canal"}},{"type":"Feature","geometry":{"type":"LineString","coordinates":[[103.90046,30.42294],[103.9002,30.42255]]},"properties":{"id":"1016564598","name":"牧山干渠","source":"osm","waterway":"canal"}},{"type":"Feature","geometry":{"type":"LineString","coordinates":[[103.9002,30.42255],[103.89871,30.42189],[103.89991,30.41765],[103.89715,30.41734],[103.89899,30.41499],[103.89642,30.41495],[103.89976,30.4125]]},"properties":{"id":"1016564603","name":"牧山干渠","source":"osm","waterway":"canal"}},{"type":"Feature","geometry":{"type":"LineString","coordinates":[[103.89976,30.4125],[103.90077,30.41231]]},"properties":{"id":"1016564604","name":"牧山干渠","source":"osm","waterway":"canal"}},{"type":"Feature","geometry":{"type":"LineString","coordinates":[[103.91333,30.41206],[103.91368,30.41172]]},"properties":{"id":"1016564606","name":"牧山干渠","source":"osm","waterway":"canal"}},{"type":"Feature","geometry":{"type":"LineString","coordinates":[[103.91368,30.41172],[103.921,30.40926],[103.92212,30.40602],[103.92313,30.40536],[103.92164,30.40449],[103.92234,30.4031]]},"properties":{"id":"1016564610","name":"牧山干渠","source":"osm","waterway":"canal"}},{"type":"Feature","geometry":{"type":"LineString","coordinates":[[104.07422,30.46073],[104.07381,30.45723]]},"properties":{"id":"1022842731","name":"老南干渠","source":"osm","waterway":"canal"}},{"type":"Feature","geometry":{"type":"LineString","coordinates":[[104.07436,30.46091],[104.07422,30.46073]]},"properties":{"id":"1022842732","name":"老南干渠","source":"osm","waterway":"canal"}},{"type":"Feature","geometry":{"type":"LineString","coordinates":[[103.82179,30.50856],[103.82449,30.5064],[103.82416,30.50387],[103.82308,30.50291],[103.81853,30.50196],[103.81803,30.50046],[103.82302,30.4922],[103.82255,30.48906],[103.82664,30.48543],[103.82546,30.48169]]},"properties":{"id":"1024585738","name":"石鱼河","source":"osm","waterway":"stream"}},{"type":"Feature","geometry":{"type":"LineString","coordinates":[[103.82161,30.50904],[103.82179,30.50856]]},"properties":{"id":"1024585739","name":"石鱼河","source":"osm","waterway":"stream"}},{"type":"Feature","geometry":{"type":"LineString","coordinates":[[104.15205,30.75029],[104.15227,30.75045]]},"properties":{"id":"1025422170","name":"北干渠","source":"osm","waterway":"canal"}},{"type":"Feature","geometry":{"type":"LineString","coordinates":[[103.98864,30.61973],[103.98794,30.6186]]},"properties":{"id":"1030872968","name":"黄堰河","source":"osm","waterway":"stream"}},{"type":"Feature","geometry":{"type":"LineString","coordinates":[[103.84894,30.76972],[103.85185,30.7696],[103.85244,30.77026],[103.85559,30.76969],[103.85672,30.76883],[103.85622,30.76745],[103.85773,30.76646],[103.8597,30.76675],[103.86171,30.76505],[103.86338,30.76574],[103.86334,30.76479],[103.86659,30.76304],[103.86672,30.76384],[103.86791,30.7627],[103.86908,30.76315],[103.87229,30.76033],[103.87331,30.7607],[103.87376,30.75952],[103.87661,30.75831]]},"properties":{"id":"1030900396","name":"桤木河","source":"osm","waterway":"stream"}},{"type":"Feature","geometry":{"type":"LineString","coordinates":[[103.87661,30.75831],[103.87699,30.75814]]},"properties":{"id":"1030900397","name":"桤木河","source":"osm","waterway":"stream"}},{"type":"Feature","geometry":{"type":"LineString","coordinates":[[103.84437,30.774],[103.84687,30.77497],[103.84722,30.77431],[103.84642,30.77346],[103.84717,30.77175]]},"properties":{"id":"1030900419","name":"桤木河","source":"osm","waterway":"stream"}},{"type":"Feature","geometry":{"type":"LineString","coordinates":[[103.84421,30.77413],[103.84437,30.774]]},"properties":{"id":"1030900420","name":"桤木河","source":"osm","waterway":"stream"}},{"type":"Feature","geometry":{"type":"LineString","coordinates":[[103.89602,30.68459],[103.89951,30.68333],[103.9005,30.6846],[103.90139,30.68429],[103.90176,30.68289],[103.90043,30.68271],[103.89977,30.68139],[103.90042,30.68034],[103.90293,30.68035]]},"properties":{"id":"1030907515","name":"文家排洪河","source":"osm","waterway":"canal"}},{"type":"Feature","geometry":{"type":"LineString","coordinates":[[103.90345,30.68],[103.90676,30.67389],[103.91307,30.67354],[103.91798,30.6723],[103.92077,30.67045],[103.92103,30.66868]]},"properties":{"id":"1030907516","name":"文家排洪河","source":"osm","waterway":"canal"}},{"type":"Feature","geometry":{"type":"LineString","coordinates":[[103.90802,30.68059],[103.90544,30.67671]]},"properties":{"id":"1030907519","name":"排洪河","source":"osm","waterway":"canal"}},{"type":"Feature","geometry":{"type":"LineString","coordinates":[[103.90832,30.68103],[103.90802,30.68059]]},"properties":{"id":"1030907520","name":"排洪河","source":"osm","waterway":"canal"}},{"type":"Feature","geometry":{"type":"LineString","coordinates":[[103.90293,30.68035],[103.90345,30.68]]},"properties":{"id":"1030907522","name":"文家排洪河","source":"osm","waterway":"canal"}},{"type":"Feature","geometry":{"type":"LineString","coordinates":[[103.90891,30.73126],[103.90901,30.7311]]},"properties":{"id":"1030907581","name":"桤木河","source":"osm","waterway":"stream"}},{"type":"Feature","geometry":{"type":"LineString","coordinates":[[104.17801,30.42814],[104.17602,30.42729],[104.17621,30.42612],[104.17479,30.42516],[104.17608,30.42072],[104.17878,30.41613],[104.17831,30.41528]]},"properties":{"id":"1035567305","name":"东风渠","source":"osm","waterway":"canal"}},{"type":"Feature","geometry":{"type":"LineString","coordinates":[[104.17257,30.40822],[104.17216,30.40753]]},"properties":{"id":"1035567306","name":"东风渠","source":"osm","waterway":"canal"}},{"type":"Feature","geometry":{"type":"LineString","coordinates":[[104.17655,30.41288],[104.17777,30.41055],[104.17611,30.41013]]},"properties":{"id":"1035567307","name":"新南干渠","source":"osm","waterway":"canal"}},{"type":"Feature","geometry":{"type":"LineString","coordinates":[[104.17274,30.40854],[104.17257,30.40822]]},"properties":{"id":"1035567308","name":"东风渠","source":"osm","waterway":"canal"}},{"type":"Feature","geometry":{"type":"LineString","coordinates":[[104.17516,30.41223],[104.17274,30.40854]]},"properties":{"id":"1035567309","name":"东风渠","source":"osm","waterway":"canal"}},{"type":"Feature","geometry":{"type":"LineString","coordinates":[[104.17216,30.40753],[104.17108,30.4061],[104.16682,30.40374],[104.16566,30.40187],[104.16259,30.40094],[104.1625,30.39904],[104.16044,30.39794]]},"properties":{"id":"1035567310","name":"东风渠","source":"osm","waterway":"canal"}},{"type":"Feature","geometry":{"type":"LineString","coordinates":[[103.93697,30.57772],[103.93802,30.57604]]},"properties":{"id":"1035571184","name":"三支渠","source":"osm","waterway":"canal"}},{"type":"Feature","geometry":{"type":"LineString","coordinates":[[103.93802,30.57604],[103.9383,30.57562]]},"properties":{"id":"1035571185","name":"三支渠","source":"osm","waterway":"canal"}},{"type":"Feature","geometry":{"type":"LineString","coordinates":[[103.93312,30.58405],[103.9335,30.58354]]},"properties":{"id":"1035571186","name":"三支渠","source":"osm","waterway":"canal"}},{"type":"Feature","geometry":{"type":"LineString","coordinates":[[103.93153,30.58507],[103.9325,30.58489]]},"properties":{"id":"1035571187","name":"三支渠","source":"osm","waterway":"canal"}},{"type":"Feature","geometry":{"type":"LineString","coordinates":[[103.9039,30.58864],[103.90684,30.58827]]},"properties":{"id":"1035571192","name":"三支渠","source":"osm","waterway":"canal"}},{"type":"Feature","geometry":{"type":"LineString","coordinates":[[103.90684,30.58827],[103.90718,30.58823]]},"properties":{"id":"1035571193","name":"三支渠","source":"osm","waterway":"canal"}},{"type":"Feature","geometry":{"type":"LineString","coordinates":[[103.90362,30.58868],[103.9039,30.58864]]},"properties":{"id":"1035571194","name":"三支渠","source":"osm","waterway":"canal"}},{"type":"Feature","geometry":{"type":"LineString","coordinates":[[103.90263,30.5888],[103.90285,30.58877]]},"properties":{"id":"1035571195","name":"三支渠","source":"osm","waterway":"canal"}},{"type":"Feature","geometry":{"type":"LineString","coordinates":[[103.90103,30.58901],[103.90263,30.5888]]},"properties":{"id":"1035571196","name":"三支渠","source":"osm","waterway":"canal"}},{"type":"Feature","geometry":{"type":"LineString","coordinates":[[103.90072,30.58906],[103.90103,30.58901]]},"properties":{"id":"1035571197","name":"三支渠","source":"osm","waterway":"canal"}},{"type":"Feature","geometry":{"type":"LineString","coordinates":[[103.89135,30.59023],[103.90072,30.58906]]},"properties":{"id":"1035571198","name":"三支渠","source":"osm","waterway":"canal"}},{"type":"Feature","geometry":{"type":"LineString","coordinates":[[103.89092,30.59029],[103.89135,30.59023]]},"properties":{"id":"1035571199","name":"三支渠","source":"osm","waterway":"canal"}},{"type":"Feature","geometry":{"type":"LineString","coordinates":[[103.88627,30.59092],[103.89092,30.59029]]},"properties":{"id":"1035571200","name":"三支渠","source":"osm","waterway":"canal"}},{"type":"Feature","geometry":{"type":"LineString","coordinates":[[103.88543,30.59103],[103.88627,30.59092]]},"properties":{"id":"1035571201","name":"三支渠","source":"osm","waterway":"canal"}},{"type":"Feature","geometry":{"type":"LineString","coordinates":[[103.89665,30.50984],[103.89521,30.50782],[103.89314,30.50817]]},"properties":{"id":"1035571208","name":"牧山干渠","source":"osm","waterway":"canal"}},{"type":"Feature","geometry":{"type":"LineString","coordinates":[[103.92257,30.40295],[103.92376,30.39906],[103.92488,30.39793],[103.92431,30.39651],[103.92666,30.39447],[103.92552,30.39302]]},"properties":{"id":"1035571264","name":"牧山干渠","source":"osm","waterway":"canal"}},{"type":"Feature","geometry":{"type":"LineString","coordinates":[[103.92234,30.4031],[103.92257,30.40295]]},"properties":{"id":"1035571265","name":"牧山干渠","source":"osm","waterway":"canal"}},{"type":"Feature","geometry":{"type":"LineString","coordinates":[[103.906,30.5363],[103.90423,30.53659],[103.90085,30.53519],[103.89697,30.53076],[103.89753,30.52974]]},"properties":{"id":"1035571284","name":"牧山干渠","source":"osm","waterway":"canal"}},{"type":"Feature","geometry":{"type":"LineString","coordinates":[[103.89753,30.52974],[103.89734,30.52958]]},"properties":{"id":"1035571285","name":"牧山干渠","source":"osm","waterway":"canal"}},{"type":"Feature","geometry":{"type":"LineString","coordinates":[[103.95908,30.55987],[103.95794,30.55797],[103.95076,30.55455]]},"properties":{"id":"1035571288","name":"牧山干渠","source":"osm","waterway":"canal"}},{"type":"Feature","geometry":{"type":"LineString","coordinates":[[103.96076,30.57528],[103.9606,30.57481]]},"properties":{"id":"1035571289","name":"牧山干渠","source":"osm","waterway":"canal"}},{"type":"Feature","geometry":{"type":"LineString","coordinates":[[104.08263,30.72421],[104.08507,30.72417],[104.0855,30.72321]]},"properties":{"id":"1036014547","name":"凤凰河","source":"osm","waterway":"stream"}},{"type":"Feature","geometry":{"type":"LineString","coordinates":[[104.0855,30.72321],[104.08651,30.72292]]},"properties":{"id":"1036014548","name":"凤凰河","source":"osm","waterway":"stream"}},{"type":"Feature","geometry":{"type":"LineString","coordinates":[[103.96135,30.64897],[103.96659,30.65239],[103.96942,30.65172],[103.97234,30.64921],[103.97379,30.64973],[103.97559,30.64917]]},"properties":{"id":"1037520286","name":"黄堰河","source":"osm","waterway":"stream"}},{"type":"Feature","geometry":{"type":"LineString","coordinates":[[104.06126,30.53569],[104.06131,30.53225]]},"properties":{"id":"1039094979","name":"肖家河","source":"osm","waterway":"stream"}},{"type":"Feature","geometry":{"type":"LineString","coordinates":[[104.06115,30.5365],[104.06125,30.53644]]},"properties":{"id":"1039094980","name":"肖家河","source":"osm","waterway":"stream"}},{"type":"Feature","geometry":{"type":"LineString","coordinates":[[104.06125,30.53644],[104.06125,30.53599]]},"properties":{"id":"1039094981","name":"肖家河","source":"osm","waterway":"stream"}},{"type":"Feature","geometry":{"type":"LineString","coordinates":[[104.06125,30.53599],[104.06125,30.53593]]},"properties":{"id":"1039094982","name":"肖家河","source":"osm","waterway":"stream"}},{"type":"Feature","geometry":{"type":"LineString","coordinates":[[104.06125,30.53593],[104.06126,30.53569]]},"properties":{"id":"1039094983","name":"肖家河","source":"osm","waterway":"stream"}},{"type":"Feature","geometry":{"type":"LineString","coordinates":[[104.05585,30.53659],[104.05618,30.53659]]},"properties":{"id":"1039094984","name":"肖家河","source":"osm","waterway":"stream"}},{"type":"Feature","geometry":{"type":"LineString","coordinates":[[104.0454,30.61653],[104.04587,30.61347]]},"properties":{"id":"1039094985","name":"肖家河","source":"osm","waterway":"stream"}},{"type":"Feature","geometry":{"type":"LineString","coordinates":[[104.04538,30.61668],[104.0454,30.61653]]},"properties":{"id":"1039094986","name":"肖家河","source":"osm","waterway":"stream"}},{"type":"Feature","geometry":{"type":"LineString","coordinates":[[104.04537,30.6217],[104.04526,30.61963]]},"properties":{"id":"1039094987","name":"肖家河","source":"osm","waterway":"stream"}},{"type":"Feature","geometry":{"type":"LineString","coordinates":[[104.04526,30.61963],[104.04528,30.61921]]},"properties":{"id":"1039094988","name":"肖家河","source":"osm","waterway":"stream"}},{"type":"Feature","geometry":{"type":"LineString","coordinates":[[104.04531,30.62191],[104.04537,30.6217]]},"properties":{"id":"1039094989","name":"肖家河","source":"osm","waterway":"stream"}},{"type":"Feature","geometry":{"type":"LineString","coordinates":[[104.04333,30.62604],[104.04531,30.62191]]},"properties":{"id":"1039094990","name":"肖家河","source":"osm","waterway":"stream"}},{"type":"Feature","geometry":{"type":"LineString","coordinates":[[104.04269,30.62666],[104.04333,30.62604]]},"properties":{"id":"1039094991","name":"肖家河","source":"osm","waterway":"stream"}},{"type":"Feature","geometry":{"type":"LineString","coordinates":[[104.03736,30.63362],[104.03988,30.63003]]},"properties":{"id":"1039094992","name":"肖家河","source":"osm","waterway":"stream"}},{"type":"Feature","geometry":{"type":"LineString","coordinates":[[104.0372,30.63388],[104.03736,30.63362]]},"properties":{"id":"1039094993","name":"肖家河","source":"osm","waterway":"stream"}},{"type":"Feature","geometry":{"type":"LineString","coordinates":[[104.03202,30.64202],[104.03227,30.64097]]},"properties":{"id":"1039095000","name":"肖家河","source":"osm","waterway":"stream"}},{"type":"Feature","geometry":{"type":"LineString","coordinates":[[104.03198,30.64219],[104.03202,30.64202]]},"properties":{"id":"1039095001","name":"肖家河","source":"osm","waterway":"stream"}},{"type":"Feature","geometry":{"type":"LineString","coordinates":[[104.03165,30.64371],[104.03198,30.64219]]},"properties":{"id":"1039095002","name":"肖家河","source":"osm","waterway":"stream"}},{"type":"Feature","geometry":{"type":"LineString","coordinates":[[104.03155,30.64407],[104.03165,30.64371]]},"properties":{"id":"1039095003","name":"肖家河","source":"osm","waterway":"stream"}},{"type":"Feature","geometry":{"type":"LineString","coordinates":[[104.05049,30.54014],[104.05175,30.54018]]},"properties":{"id":"1039095004","name":"艾家沟","source":"osm","waterway":"stream"}},{"type":"Feature","geometry":{"type":"LineString","coordinates":[[104.04414,30.57572],[104.04426,30.57512]]},"properties":{"id":"1039095005","name":"肖家河","source":"osm","waterway":"stream"}},{"type":"Feature","geometry":{"type":"LineString","coordinates":[[104.04426,30.57512],[104.04437,30.57475]]},"properties":{"id":"1039095006","name":"肖家河","source":"osm","waterway":"stream"}},{"type":"Feature","geometry":{"type":"LineString","coordinates":[[104.04437,30.58573],[104.04439,30.58482]]},"properties":{"id":"1039095007","name":"肖家河","source":"osm","waterway":"stream"}},{"type":"Feature","geometry":{"type":"LineString","coordinates":[[104.04437,30.58587],[104.04437,30.58573]]},"properties":{"id":"1039095008","name":"肖家河","source":"osm","waterway":"stream"}},{"type":"Feature","geometry":{"type":"LineString","coordinates":[[104.04474,30.59212],[104.04471,30.59136]]},"properties":{"id":"1039095009","name":"肖家河","source":"osm","waterway":"stream"}},{"type":"Feature","geometry":{"type":"LineString","coordinates":[[104.04471,30.59136],[104.04471,30.59108]]},"properties":{"id":"1039095010","name":"肖家河","source":"osm","waterway":"stream"}},{"type":"Feature","geometry":{"type":"LineString","coordinates":[[104.04536,30.59638],[104.04491,30.59414]]},"properties":{"id":"1039095011","name":"肖家河","source":"osm","waterway":"stream"}},{"type":"Feature","geometry":{"type":"LineString","coordinates":[[104.0455,30.59691],[104.04536,30.59638]]},"properties":{"id":"1039095012","name":"肖家河","source":"osm","waterway":"stream"}},{"type":"Feature","geometry":{"type":"LineString","coordinates":[[104.04641,30.59982],[104.04591,30.59869]]},"properties":{"id":"1039095013","name":"肖家河","source":"osm","waterway":"stream"}},{"type":"Feature","geometry":{"type":"LineString","coordinates":[[104.04591,30.59869],[104.04581,30.5984]]},"properties":{"id":"1039095014","name":"肖家河","source":"osm","waterway":"stream"}},{"type":"Feature","geometry":{"type":"LineString","coordinates":[[104.04427,30.58735],[104.04437,30.58587]]},"properties":{"id":"1039095015","name":"肖家河","source":"osm","waterway":"stream"}},{"type":"Feature","geometry":{"type":"LineString","coordinates":[[104.04427,30.5877],[104.04427,30.58735]]},"properties":{"id":"1039095016","name":"肖家河","source":"osm","waterway":"stream"}},{"type":"Feature","geometry":{"type":"LineString","coordinates":[[104.15455,30.65053],[104.15226,30.64561]]},"properties":{"id":"1039573441","name":"南三支渠","source":"osm","waterway":"canal"}},{"type":"Feature","geometry":{"type":"LineString","coordinates":[[104.15587,30.6547],[104.15489,30.65154]]},"properties":{"id":"1039573442","name":"南三支渠","source":"osm","waterway":"canal"}},{"type":"Feature","geometry":{"type":"LineString","coordinates":[[104.15489,30.65154],[104.15455,30.65053]]},"properties":{"id":"1039573443","name":"南三支渠","source":"osm","waterway":"canal"}},{"type":"Feature","geometry":{"type":"LineString","coordinates":[[104.15595,30.65492],[104.15587,30.6547]]},"properties":{"id":"1039573444","name":"南三支渠","source":"osm","waterway":"canal"}},{"type":"Feature","geometry":{"type":"LineString","coordinates":[[104.15547,30.65868],[104.15467,30.65623],[104.15595,30.65492]]},"properties":{"id":"1039573445","name":"南三支渠","source":"osm","waterway":"canal"}},{"type":"Feature","geometry":{"type":"LineString","coordinates":[[104.15226,30.64561],[104.15197,30.64499]]},"properties":{"id":"1039573446","name":"倒石桥渡槽","source":"osm","waterway":"canal"}},{"type":"Feature","geometry":{"type":"LineString","coordinates":[[104.15017,30.64398],[104.14793,30.64465],[104.14745,30.64369]]},"properties":{"id":"1039573447","name":"南三支渠","source":"osm","waterway":"canal"}},{"type":"Feature","geometry":{"type":"LineString","coordinates":[[104.14745,30.64369],[104.14718,30.64295]]},"properties":{"id":"1039573448","name":"南三支渠","source":"osm","waterway":"canal"}},{"type":"Feature","geometry":{"type":"LineString","coordinates":[[104.14718,30.64295],[104.14572,30.64033]]},"properties":{"id":"1039573449","name":"南三支渠","source":"osm","waterway":"canal"}},{"type":"Feature","geometry":{"type":"LineString","coordinates":[[104.15197,30.64499],[104.15132,30.64366],[104.1504,30.64391]]},"properties":{"id":"1039573450","name":"南三支渠","source":"osm","waterway":"canal"}},{"type":"Feature","geometry":{"type":"LineString","coordinates":[[104.1504,30.64391],[104.15017,30.64398]]},"properties":{"id":"1039573451","name":"南三支渠","source":"osm","waterway":"canal"}},{"type":"Feature","geometry":{"type":"LineString","coordinates":[[104.19322,30.68906],[104.19367,30.68593]]},"properties":{"id":"1052440554","name":"大庙河","source":"osm","waterway":"stream"}},{"type":"Feature","geometry":{"type":"LineString","coordinates":[[104.19321,30.6894],[104.19322,30.68906]]},"properties":{"id":"1052440555","name":"大庙河","source":"osm","waterway":"stream"}},{"type":"Feature","geometry":{"type":"LineString","coordinates":[[103.80125,30.84832],[103.80287,30.84715],[103.81011,30.84768],[103.81496,30.84629]]},"properties":{"id":"1053944359","name":"沱江河","source":"osm","waterway":"stream"}},{"type":"Feature","geometry":{"type":"LineString","coordinates":[[103.81496,30.84629],[103.81614,30.84573]]},"properties":{"id":"1053944360","name":"沱江河","source":"osm","waterway":"stream"}},{"type":"Feature","geometry":{"type":"LineString","coordinates":[[103.81614,30.84573],[103.82876,30.83972]]},"properties":{"id":"1053944365","name":"沱江河","source":"osm","waterway":"stream"}},{"type":"Feature","geometry":{"type":"LineString","coordinates":[[103.82876,30.83972],[103.82905,30.83956]]},"properties":{"id":"1053944366","name":"沱江河","source":"osm","waterway":"stream"}},{"type":"Feature","geometry":{"type":"LineString","coordinates":[[103.8701,30.8212],[103.87632,30.81962]]},"properties":{"id":"1053944368","name":"沱江河","source":"osm","waterway":"river"}},{"type":"Feature","geometry":{"type":"LineString","coordinates":[[103.99448,30.74506],[103.99546,30.74426],[103.99645,30.74454],[103.99751,30.7423],[103.99838,30.74283],[103.99971,30.74188]]},"properties":{"id":"1053944369","name":"马家堰","source":"osm","waterway":"canal"}},{"type":"Feature","geometry":{"type":"LineString","coordinates":[[103.99264,30.73716],[104.00104,30.74026]]},"properties":{"id":"1053944370","name":"金牛支渠","source":"osm","waterway":"canal"}},{"type":"Feature","geometry":{"type":"LineString","coordinates":[[103.99315,30.74546],[103.99428,30.74525]]},"properties":{"id":"1053944373","name":"马家堰","source":"osm","waterway":"canal"}},{"type":"Feature","geometry":{"type":"LineString","coordinates":[[103.99428,30.74525],[103.99448,30.74506]]},"properties":{"id":"1053944374","name":"马家堰","source":"osm","waterway":"canal"}},{"type":"Feature","geometry":{"type":"LineString","coordinates":[[103.98952,30.7467],[103.99199,30.74611]]},"properties":{"id":"1053944379","name":"马家堰","source":"osm","waterway":"canal"}},{"type":"Feature","geometry":{"type":"LineString","coordinates":[[103.99298,30.74533],[103.99315,30.74546]]},"properties":{"id":"1053944380","name":"马家堰","source":"osm","waterway":"canal"}},{"type":"Feature","geometry":{"type":"LineString","coordinates":[[103.96577,30.76126],[103.96973,30.75977]]},"properties":{"id":"1053944381","name":"马家堰","source":"osm","waterway":"canal"}},{"type":"Feature","geometry":{"type":"LineString","coordinates":[[103.96973,30.75977],[103.97112,30.75778]]},"properties":{"id":"1053944382","name":"马家堰","source":"osm","waterway":"canal"}},{"type":"Feature","geometry":{"type":"LineString","coordinates":[[103.97112,30.75778],[103.97212,30.75724]]},"properties":{"id":"1053944383","name":"马家堰","source":"osm","waterway":"canal"}},{"type":"Feature","geometry":{"type":"LineString","coordinates":[[103.97212,30.75724],[103.97232,30.75711]]},"properties":{"id":"1053944384","name":"马家堰","source":"osm","waterway":"canal"}},{"type":"Feature","geometry":{"type":"LineString","coordinates":[[103.97232,30.75711],[103.97402,30.75598]]},"properties":{"id":"1053944385","name":"马家堰","source":"osm","waterway":"canal"}},{"type":"Feature","geometry":{"type":"LineString","coordinates":[[103.97402,30.75598],[103.97533,30.75644]]},"properties":{"id":"1053944386","name":"马家堰","source":"osm","waterway":"canal"}},{"type":"Feature","geometry":{"type":"LineString","coordinates":[[103.97533,30.75644],[103.97762,30.7532]]},"properties":{"id":"1053944387","name":"马家堰","source":"osm","waterway":"canal"}},{"type":"Feature","geometry":{"type":"LineString","coordinates":[[103.97762,30.7532],[103.97855,30.75334]]},"properties":{"id":"1053944388","name":"马家堰","source":"osm","waterway":"canal"}},{"type":"Feature","geometry":{"type":"LineString","coordinates":[[103.97855,30.75334],[103.97944,30.75386],[103.982,30.75164]]},"properties":{"id":"1053944391","name":"马家堰","source":"osm","waterway":"canal"}},{"type":"Feature","geometry":{"type":"LineString","coordinates":[[103.982,30.75164],[103.98218,30.75149]]},"properties":{"id":"1053944392","name":"马家堰","source":"osm","waterway":"canal"}},{"type":"Feature","geometry":{"type":"LineString","coordinates":[[103.98218,30.75149],[103.98358,30.75033]]},"properties":{"id":"1053944393","name":"马家堰","source":"osm","waterway":"canal"}},{"type":"Feature","geometry":{"type":"LineString","coordinates":[[103.98358,30.75033],[103.9837,30.75019]]},"properties":{"id":"1053944394","name":"马家堰","source":"osm","waterway":"canal"}},{"type":"Feature","geometry":{"type":"LineString","coordinates":[[103.9837,30.75019],[103.9849,30.74951]]},"properties":{"id":"1053944395","name":"马家堰","source":"osm","waterway":"canal"}},{"type":"Feature","geometry":{"type":"LineString","coordinates":[[103.9849,30.74951],[103.98507,30.74957]]},"properties":{"id":"1053944396","name":"马家堰","source":"osm","waterway":"canal"}},{"type":"Feature","geometry":{"type":"LineString","coordinates":[[103.98507,30.74957],[103.98535,30.74928]]},"properties":{"id":"1053944397","name":"马家堰","source":"osm","waterway":"canal"}},{"type":"Feature","geometry":{"type":"LineString","coordinates":[[103.98535,30.74928],[103.98565,30.74893]]},"properties":{"id":"1053944398","name":"马家堰","source":"osm","waterway":"canal"}},{"type":"Feature","geometry":{"type":"LineString","coordinates":[[103.98565,30.74893],[103.98636,30.74824]]},"properties":{"id":"1053944399","name":"马家堰","source":"osm","waterway":"canal"}},{"type":"Feature","geometry":{"type":"LineString","coordinates":[[103.98636,30.74824],[103.98659,30.748]]},"properties":{"id":"1053944400","name":"马家堰","source":"osm","waterway":"canal"}},{"type":"Feature","geometry":{"type":"LineString","coordinates":[[103.98659,30.748],[103.98819,30.74641],[103.9893,30.74692]]},"properties":{"id":"1053944401","name":"马家堰","source":"osm","waterway":"canal"}},{"type":"Feature","geometry":{"type":"LineString","coordinates":[[103.9893,30.74692],[103.98952,30.7467]]},"properties":{"id":"1053944402","name":"马家堰","source":"osm","waterway":"canal"}},{"type":"Feature","geometry":{"type":"LineString","coordinates":[[103.99224,30.7459],[103.99298,30.74533]]},"properties":{"id":"1053944403","name":"马家堰","source":"osm","waterway":"canal"}},{"type":"Feature","geometry":{"type":"LineString","coordinates":[[103.99199,30.74611],[103.99224,30.7459]]},"properties":{"id":"1053944404","name":"马家堰","source":"osm","waterway":"canal"}},{"type":"Feature","geometry":{"type":"LineString","coordinates":[[104.02717,30.72261],[104.02891,30.72058]]},"properties":{"id":"1053944405","name":"马家堰","source":"osm","waterway":"canal"}},{"type":"Feature","geometry":{"type":"LineString","coordinates":[[104.02479,30.72354],[104.02584,30.72409],[104.02675,30.72313]]},"properties":{"id":"1053944406","name":"马家堰","source":"osm","waterway":"canal"}},{"type":"Feature","geometry":{"type":"LineString","coordinates":[[104.04329,30.71119],[104.04476,30.71037]]},"properties":{"id":"1053944409","name":"马家堰","source":"osm","waterway":"canal"}},{"type":"Feature","geometry":{"type":"LineString","coordinates":[[104.04476,30.71037],[104.04501,30.71029]]},"properties":{"id":"1053944410","name":"马家堰","source":"osm","waterway":"canal"}},{"type":"Feature","geometry":{"type":"LineString","coordinates":[[104.04257,30.71158],[104.04281,30.71146]]},"properties":{"id":"1053944411","name":"马家堰","source":"osm","waterway":"canal"}},{"type":"Feature","geometry":{"type":"LineString","coordinates":[[104.04281,30.71146],[104.04299,30.71136]]},"properties":{"id":"1053944412","name":"马家堰","source":"osm","waterway":"canal"}},{"type":"Feature","geometry":{"type":"LineString","coordinates":[[104.04501,30.71029],[104.04545,30.71017]]},"properties":{"id":"1053944413","name":"马家堰","source":"osm","waterway":"canal"}},{"type":"Feature","geometry":{"type":"LineString","coordinates":[[104.04545,30.71017],[104.04606,30.7102]]},"properties":{"id":"1053944414","name":"马家堰","source":"osm","waterway":"canal"}},{"type":"Feature","geometry":{"type":"LineString","coordinates":[[104.04606,30.7102],[104.04664,30.70949]]},"properties":{"id":"1053944415","name":"马家堰","source":"osm","waterway":"canal"}},{"type":"Feature","geometry":{"type":"LineString","coordinates":[[104.04664,30.70949],[104.04674,30.70943]]},"properties":{"id":"1053944416","name":"马家堰","source":"osm","waterway":"canal"}},{"type":"Feature","geometry":{"type":"LineString","coordinates":[[104.04674,30.70943],[104.04984,30.70779]]},"properties":{"id":"1053944417","name":"马家堰","source":"osm","waterway":"canal"}},{"type":"Feature","geometry":{"type":"LineString","coordinates":[[104.04984,30.70779],[104.05001,30.7077]]},"properties":{"id":"1053944418","name":"马家堰","source":"osm","waterway":"canal"}},{"type":"Feature","geometry":{"type":"LineString","coordinates":[[103.99284,30.69152],[103.99431,30.69082]]},"properties":{"id":"1053944433","name":"摸底河","source":"osm","waterway":"stream"}},{"type":"Feature","geometry":{"type":"LineString","coordinates":[[104.28491,30.6834],[104.28352,30.68302]]},"properties":{"id":"1056370602","name":"深沟河","source":"osm","waterway":"stream"}},{"type":"Feature","geometry":{"type":"LineString","coordinates":[[104.28558,30.68355],[104.28491,30.6834]]},"properties":{"id":"1056370603","name":"深沟河","source":"osm","waterway":"stream"}},{"type":"Feature","geometry":{"type":"LineString","coordinates":[[104.28352,30.68302],[104.2795,30.68236],[104.27772,30.68317],[104.27393,30.68209],[104.27309,30.68396],[104.27284,30.68275],[104.27195,30.6829],[104.27179,30.68498],[104.2704,30.68494],[104.27059,30.68581],[104.27141,30.68571],[104.27011,30.68675],[104.27086,30.687],[104.27085,30.68794],[104.26962,30.69061],[104.27094,30.69133],[104.26994,30.69162],[104.26887,30.69369],[104.27042,30.69393],[104.26914,30.69532],[104.26733,30.69559],[104.26752,30.69666],[104.26584,30.696],[104.26687,30.69748],[104.26625,30.69804],[104.26502,30.69778],[104.26353,30.69936],[104.26231,30.69899]]},"properties":{"id":"1056370604","name":"深沟河","source":"osm","waterway":"stream"}},{"type":"Feature","geometry":{"type":"LineString","coordinates":[[104.29046,30.68429],[104.28558,30.68355]]},"properties":{"id":"1056370608","name":"深沟河","source":"osm","waterway":"stream"}},{"type":"Feature","geometry":{"type":"LineString","coordinates":[[104.29087,30.68413],[104.29046,30.68429]]},"properties":{"id":"1056370609","name":"深沟河","source":"osm","waterway":"stream"}},{"type":"Feature","geometry":{"type":"LineString","coordinates":[[104.29136,30.68395],[104.29087,30.68413]]},"properties":{"id":"1056370610","name":"深沟河","source":"osm","waterway":"stream"}},{"type":"Feature","geometry":{"type":"LineString","coordinates":[[104.29173,30.68382],[104.29136,30.68395]]},"properties":{"id":"1056370611","name":"深沟河","source":"osm","waterway":"stream"}},{"type":"Feature","geometry":{"type":"LineString","coordinates":[[104.27104,30.72035],[104.27107,30.722],[104.27437,30.72241]]},"properties":{"id":"1056370632","name":"深沟河","source":"osm","waterway":"stream"}},{"type":"Feature","geometry":{"type":"LineString","coordinates":[[104.32294,30.66876],[104.32245,30.66888]]},"properties":{"id":"1056370650","name":"深沟河","source":"osm","waterway":"stream"}},{"type":"Feature","geometry":{"type":"LineString","coordinates":[[104.32426,30.66647],[104.32294,30.66876]]},"properties":{"id":"1056370651","name":"深沟河","source":"osm","waterway":"stream"}},{"type":"Feature","geometry":{"type":"LineString","coordinates":[[104.25473,30.59203],[104.2546,30.59206]]},"properties":{"id":"1056370688","name":"西江河","source":"osm","waterway":"stream"}},{"type":"Feature","geometry":{"type":"LineString","coordinates":[[104.23725,30.66723],[104.23612,30.66841],[104.23802,30.66946],[104.23857,30.67065],[104.23741,30.67376],[104.2411,30.6742],[104.23918,30.67639],[104.24012,30.67779]]},"properties":{"id":"1056370696","name":"西江河","source":"osm","waterway":"river"}},{"type":"Feature","geometry":{"type":"LineString","coordinates":[[104.25408,30.69638],[104.2527,30.70102],[104.25393,30.70298],[104.25089,30.70415],[104.25073,30.70484],[104.25547,30.70648],[104.25447,30.70855],[104.25619,30.70927],[104.25665,30.71291],[104.25945,30.71558],[104.26036,30.721],[104.26395,30.7213],[104.26621,30.7228],[104.26696,30.72461],[104.27022,30.72412],[104.27226,30.725],[104.27437,30.72241],[104.27791,30.72357],[104.27755,30.72591],[104.27297,30.72722],[104.27351,30.72802],[104.27788,30.72892],[104.27999,30.73296],[104.2821,30.73434],[104.28191,30.73571],[104.278,30.73866]]},"properties":{"id":"1056370708","name":"西江河","source":"osm","waterway":"river"}},{"type":"Feature","geometry":{"type":"LineString","coordinates":[[104.21436,30.60152],[104.21447,30.60159]]},"properties":{"id":"1056587149","name":"西河","source":"osm","waterway":"stream"}},{"type":"Feature","geometry":{"type":"LineString","coordinates":[[104.21426,30.60146],[104.21436,30.60152]]},"properties":{"id":"1056587150","name":"西河","source":"osm","waterway":"stream"}},{"type":"Feature","geometry":{"type":"LineString","coordinates":[[104.1507,30.68481],[104.15113,30.68444]]},"properties":{"id":"1056587154","name":"清水河","source":"osm","waterway":"stream"}},{"type":"Feature","geometry":{"type":"LineString","coordinates":[[104.15113,30.68444],[104.15334,30.68226]]},"properties":{"id":"1056587155","name":"清水河","source":"osm","waterway":"stream"}},{"type":"Feature","geometry":{"type":"LineString","coordinates":[[104.1537,30.6819],[104.15517,30.68115]]},"properties":{"id":"1056587158","name":"清水河","source":"osm","waterway":"stream"}},{"type":"Feature","geometry":{"type":"LineString","coordinates":[[104.15517,30.68115],[104.15553,30.68096]]},"properties":{"id":"1056587159","name":"清水河","source":"osm","waterway":"stream"}},{"type":"Feature","geometry":{"type":"LineString","coordinates":[[104.15553,30.68096],[104.15811,30.67979]]},"properties":{"id":"1056587163","name":"清水河","source":"osm","waterway":"stream"}},{"type":"Feature","geometry":{"type":"LineString","coordinates":[[104.16077,30.67929],[104.1621,30.67912]]},"properties":{"id":"1056587164","name":"清水河","source":"osm","waterway":"stream"}},{"type":"Feature","geometry":{"type":"LineString","coordinates":[[104.12215,30.42634],[104.11847,30.42667],[104.11703,30.42605],[104.12028,30.42141],[104.117,30.41815],[104.11493,30.41848],[104.11366,30.41784],[104.11539,30.41554],[104.11566,30.41298],[104.11209,30.41193],[104.11836,30.40468],[104.11856,30.40324],[104.11441,30.40223],[104.09904,30.40112],[104.09266,30.39897]]},"properties":{"id":"1056587166","name":"鹿溪河","source":"osm","waterway":"river"}},{"type":"Feature","geometry":{"type":"LineString","coordinates":[[104.04923,30.71174],[104.0527,30.71021]]},"properties":{"id":"1056587193","name":"府河","source":"osm","waterway":"river"}},{"type":"Feature","geometry":{"type":"LineString","coordinates":[[103.7594,30.91069],[103.76275,30.9077],[103.78116,30.90301],[103.78601,30.89984]]},"properties":{"id":"1056587194","name":"徐堰河","source":"osm","waterway":"canal"}},{"type":"Feature","geometry":{"type":"LineString","coordinates":[[104.31436,30.92572],[104.32141,30.92592],[104.32517,30.92252],[104.33025,30.92119],[104.33484,30.91738],[104.34003,30.91569],[104.35639,30.92198],[104.36002,30.9213],[104.36155,30.9176],[104.35863,30.91043],[104.35916,30.90922],[104.36195,30.90872]]},"properties":{"id":"1056587196","name":"青白江","source":"osm","waterway":"river"}},{"type":"Feature","geometry":{"type":"LineString","coordinates":[[104.05019,30.67743],[104.04877,30.67392]]},"properties":{"id":"1056587197","name":"饮马河","source":"osm","waterway":"stream"}},{"type":"Feature","geometry":{"type":"LineString","coordinates":[[104.05048,30.6778],[104.05019,30.67743]]},"properties":{"id":"1056587198","name":"饮马河","source":"osm","waterway":"stream"}},{"type":"Feature","geometry":{"type":"LineString","coordinates":[[104.1428,30.63943],[104.14121,30.63678]]},"properties":{"id":"1058135910","name":"南三支渠","source":"osm","waterway":"canal"}},{"type":"Feature","geometry":{"type":"LineString","coordinates":[[104.14572,30.64033],[104.1428,30.63943]]},"properties":{"id":"1058135911","name":"南三支渠","source":"osm","waterway":"canal"}},{"type":"Feature","geometry":{"type":"LineString","coordinates":[[103.92248,30.75057],[103.92295,30.75069]]},"properties":{"id":"1061419134","name":"走马河","source":"osm","waterway":"stream"}},{"type":"Feature","geometry":{"type":"LineString","coordinates":[[103.9223,30.75035],[103.92248,30.75057]]},"properties":{"id":"1061419135","name":"走马河","source":"osm","waterway":"stream"}},{"type":"Feature","geometry":{"type":"LineString","coordinates":[[103.97767,30.67991],[103.97833,30.67891]]},"properties":{"id":"1061433606","name":"苏坡排洪河","source":"osm","waterway":"canal"}},{"type":"Feature","geometry":{"type":"LineString","coordinates":[[104.04048,30.78943],[104.04131,30.78552]]},"properties":{"id":"1064544176","name":"九道堰","source":"osm","waterway":"canal"}},{"type":"Feature","geometry":{"type":"LineString","coordinates":[[104.04047,30.78959],[104.04048,30.78943]]},"properties":{"id":"1064544177","name":"九道堰","source":"osm","waterway":"canal"}},{"type":"Feature","geometry":{"type":"LineString","coordinates":[[104.07713,30.77769],[104.07708,30.77451]]},"properties":{"id":"1064544200","name":"海边堰","source":"osm","waterway":"canal"}},{"type":"Feature","geometry":{"type":"LineString","coordinates":[[104.07716,30.77841],[104.07713,30.77769]]},"properties":{"id":"1064544201","name":"海边堰","source":"osm","waterway":"canal"}},{"type":"Feature","geometry":{"type":"LineString","coordinates":[[103.89826,30.77124],[103.90089,30.76817]]},"properties":{"id":"1065537690","name":"走马河","source":"osm","waterway":"stream"}},{"type":"Feature","geometry":{"type":"LineString","coordinates":[[103.89792,30.77163],[103.89826,30.77124]]},"properties":{"id":"1065537691","name":"走马河","source":"osm","waterway":"stream"}},{"type":"Feature","geometry":{"type":"LineString","coordinates":[[103.89071,30.77424],[103.89228,30.77271],[103.89354,30.77374]]},"properties":{"id":"1065537693","name":"走马河","source":"osm","waterway":"stream"}},{"type":"Feature","geometry":{"type":"LineString","coordinates":[[103.89354,30.77374],[103.89384,30.77373]]},"properties":{"id":"1065537694","name":"走马河","source":"osm","waterway":"stream"}},{"type":"Feature","geometry":{"type":"LineString","coordinates":[[104.21637,30.556],[104.21373,30.55055],[104.21394,30.54619],[104.21292,30.54402],[104.21515,30.53739],[104.21759,30.53534],[104.21899,30.53274],[104.2188,30.53075],[104.22069,30.52922],[104.22407,30.52324],[104.2289,30.52011],[104.23252,30.52011],[104.23844,30.51564],[104.23904,30.51379],[104.23914,30.51031],[104.23595,30.50679],[104.23601,30.50519],[104.22749,30.49898],[104.22919,30.49501],[104.22687,30.49088],[104.22766,30.48585],[104.22632,30.48407],[104.22713,30.48074],[104.22644,30.47471],[104.22684,30.47126],[104.22488,30.46761]]},"properties":{"id":"1068311230","name":"东风渠","source":"osm","waterway":"canal"}},{"type":"Feature","geometry":{"type":"LineString","coordinates":[[104.22631,30.58496],[104.22629,30.58485]]},"properties":{"id":"1068311231","name":"东风渠","source":"osm","waterway":"canal"}},{"type":"Feature","geometry":{"type":"LineString","coordinates":[[104.09783,30.53295],[104.09707,30.5293],[104.09361,30.52853],[104.09338,30.52596]]},"properties":{"id":"1068575739","name":"大沙江","source":"osm","waterway":"stream"}},{"type":"Feature","geometry":{"type":"LineString","coordinates":[[104.09822,30.53335],[104.09783,30.53295]]},"properties":{"id":"1068575740","name":"大沙江","source":"osm","waterway":"stream"}},{"type":"Feature","geometry":{"type":"LineString","coordinates":[[104.03041,30.41908],[104.02835,30.41687],[104.02977,30.4154],[104.02942,30.41428],[104.02653,30.41209],[104.02449,30.41236],[104.02411,30.41177],[104.0251,30.41049],[104.02448,30.40946]]},"properties":{"id":"1073754381","name":"老南干渠","source":"osm","waterway":"canal"}},{"type":"Feature","geometry":{"type":"LineString","coordinates":[[104.16416,30.86474],[104.16555,30.86462],[104.16664,30.86558],[104.17036,30.86256]]},"properties":{"id":"1079019477","name":"秀川河","source":"osm","waterway":"stream"}},{"type":"Feature","geometry":{"type":"LineString","coordinates":[[104.24755,30.83756],[104.25201,30.83434],[104.26269,30.8299],[104.27324,30.82805]]},"properties":{"id":"1079019478","name":"羊叉河","source":"osm","waterway":"canal"}},{"type":"Feature","geometry":{"type":"LineString","coordinates":[[104.24686,30.83807],[104.24733,30.83773]]},"properties":{"id":"1079019618","name":"绣川河","source":"osm","waterway":"river"}},{"type":"Feature","geometry":{"type":"LineString","coordinates":[[104.24733,30.83773],[104.24755,30.83756]]},"properties":{"id":"1079019619","name":"绣川河","source":"osm","waterway":"river"}},{"type":"Feature","geometry":{"type":"LineString","coordinates":[[104.10367,30.73126],[104.10005,30.72914]]},"properties":{"id":"1079047291","name":"凤凰河","source":"osm","waterway":"stream"}},{"type":"Feature","geometry":{"type":"LineString","coordinates":[[104.09786,30.72933],[104.09722,30.72579]]},"properties":{"id":"1079047292","name":"凤凰河","source":"osm","waterway":"stream"}},{"type":"Feature","geometry":{"type":"LineString","coordinates":[[104.09918,30.72916],[104.09786,30.72933]]},"properties":{"id":"1079047293","name":"凤凰河","source":"osm","waterway":"stream"}},{"type":"Feature","geometry":{"type":"LineString","coordinates":[[104.09948,30.72914],[104.09918,30.72916]]},"properties":{"id":"1079047294","name":"凤凰河","source":"osm","waterway":"stream"}},{"type":"Feature","geometry":{"type":"LineString","coordinates":[[104.10328,30.74224],[104.09902,30.73645],[104.10009,30.72919],[104.09948,30.72914]]},"properties":{"id":"1079047295","name":"凤凰河","source":"osm","waterway":"stream"}},{"type":"Feature","geometry":{"type":"LineString","coordinates":[[104.1061,30.74595],[104.10608,30.74588]]},"properties":{"id":"1079047296","name":"凤凰河","source":"osm","waterway":"stream"}},{"type":"Feature","geometry":{"type":"LineString","coordinates":[[104.10608,30.74588],[104.1062,30.74369]]},"properties":{"id":"1079047297","name":"凤凰河","source":"osm","waterway":"stream"}},{"type":"Feature","geometry":{"type":"LineString","coordinates":[[104.18982,30.78946],[104.19328,30.78498],[104.19343,30.78375]]},"properties":{"id":"1081173967","name":"毗河供水工程","source":"osm","waterway":"canal"}},{"type":"Feature","geometry":{"type":"LineString","coordinates":[[104.17023,30.70865],[104.16989,30.70839]]},"properties":{"id":"1082601263","name":"大庙河","source":"osm","waterway":"stream"}},{"type":"Feature","geometry":{"type":"LineString","coordinates":[[104.17089,30.70897],[104.17023,30.70865]]},"properties":{"id":"1082601264","name":"大庙河","source":"osm","waterway":"stream"}},{"type":"Feature","geometry":{"type":"LineString","coordinates":[[104.17132,30.70902],[104.17089,30.70897]]},"properties":{"id":"1082601265","name":"大庙河","source":"osm","waterway":"stream"}},{"type":"Feature","geometry":{"type":"LineString","coordinates":[[104.17295,30.70371],[104.17394,30.70211]]},"properties":{"id":"1082601266","name":"大庙河","source":"osm","waterway":"stream"}},{"type":"Feature","geometry":{"type":"LineString","coordinates":[[104.17092,30.7063],[104.17133,30.7059]]},"properties":{"id":"1082601267","name":"大庙河","source":"osm","waterway":"stream"}},{"type":"Feature","geometry":{"type":"LineString","coordinates":[[104.17133,30.7059],[104.17239,30.70406]]},"properties":{"id":"1082601268","name":"大庙河","source":"osm","waterway":"stream"}},{"type":"Feature","geometry":{"type":"LineString","coordinates":[[104.17239,30.70406],[104.17295,30.70371]]},"properties":{"id":"1082601269","name":"大庙河","source":"osm","waterway":"stream"}},{"type":"Feature","geometry":{"type":"LineString","coordinates":[[104.17394,30.70211],[104.17414,30.70173]]},"properties":{"id":"1082601270","name":"大庙河","source":"osm","waterway":"stream"}},{"type":"Feature","geometry":{"type":"LineString","coordinates":[[103.99462,30.69067],[103.99511,30.69029]]},"properties":{"id":"1082678206","name":"摸底河","source":"osm","waterway":"stream"}},{"type":"Feature","geometry":{"type":"LineString","coordinates":[[103.99431,30.69082],[103.99462,30.69067]]},"properties":{"id":"1082678207","name":"摸底河","source":"osm","waterway":"stream"}},{"type":"Feature","geometry":{"type":"LineString","coordinates":[[103.99246,30.6917],[103.99284,30.69152]]},"properties":{"id":"1082678208","name":"摸底河","source":"osm","waterway":"stream"}},{"type":"Feature","geometry":{"type":"LineString","coordinates":[[104.08176,30.62628],[104.08216,30.62629]]},"properties":{"id":"1082678214","name":"火烧堰","source":"osm","waterway":"stream"}},{"type":"Feature","geometry":{"type":"LineString","coordinates":[[104.06473,30.6262],[104.06907,30.62615]]},"properties":{"id":"1082678223","name":"火烧堰","source":"osm","waterway":"stream"}},{"type":"Feature","geometry":{"type":"LineString","coordinates":[[104.06938,30.62614],[104.06973,30.62614]]},"properties":{"id":"1082678224","name":"火烧堰","source":"osm","waterway":"stream"}},{"type":"Feature","geometry":{"type":"LineString","coordinates":[[104.06973,30.62614],[104.06996,30.62613]]},"properties":{"id":"1082678225","name":"火烧堰","source":"osm","waterway":"stream"}},{"type":"Feature","geometry":{"type":"LineString","coordinates":[[104.06907,30.62615],[104.06938,30.62614]]},"properties":{"id":"1082678226","name":"火烧堰","source":"osm","waterway":"stream"}},{"type":"Feature","geometry":{"type":"LineString","coordinates":[[104.0721,30.6261],[104.0735,30.62609]]},"properties":{"id":"1082678227","name":"火烧堰","source":"osm","waterway":"stream"}},{"type":"Feature","geometry":{"type":"LineString","coordinates":[[104.07191,30.62611],[104.0721,30.6261]]},"properties":{"id":"1082678228","name":"火烧堰","source":"osm","waterway":"stream"}},{"type":"Feature","geometry":{"type":"LineString","coordinates":[[104.10974,30.5674],[104.1108,30.56709],[104.11218,30.56513]]},"properties":{"id":"1084472906","name":"小沙河","source":"osm","waterway":"stream"}},{"type":"Feature","geometry":{"type":"LineString","coordinates":[[104.10859,30.56748],[104.10974,30.5674]]},"properties":{"id":"1084472907","name":"小沙河","source":"osm","waterway":"stream"}},{"type":"Feature","geometry":{"type":"LineString","coordinates":[[104.09005,30.58791],[104.09303,30.58052],[104.10057,30.57139],[104.10186,30.56741],[104.10859,30.56748]]},"properties":{"id":"1084472910","name":"小沙河","source":"osm","waterway":"stream"}},{"type":"Feature","geometry":{"type":"LineString","coordinates":[[104.10859,30.56748],[104.10974,30.5674]]},"properties":{"id":"1084472911","name":"小沙河","source":"osm","waterway":"stream"}},{"type":"Feature","geometry":{"type":"LineString","coordinates":[[104.11236,30.48539],[104.10445,30.48629],[104.10171,30.48576],[104.1023,30.48406]]},"properties":{"id":"1103063131","name":"老南干渠","source":"osm","waterway":"canal"}},{"type":"Feature","geometry":{"type":"LineString","coordinates":[[104.12234,30.48579],[104.12213,30.48568]]},"properties":{"id":"1103063132","name":"老南干渠","source":"osm","waterway":"canal"}},{"type":"Feature","geometry":{"type":"LineString","coordinates":[[103.97262,30.74621],[103.97318,30.74685],[103.97405,30.74611],[103.97381,30.74511]]},"properties":{"id":"1103218298","name":"杨柳河","source":"osm","waterway":"stream"}},{"type":"Feature","geometry":{"type":"LineString","coordinates":[[103.9716,30.7467],[103.97262,30.74621]]},"properties":{"id":"1103218299","name":"杨柳河","source":"osm","waterway":"stream"}},{"type":"Feature","geometry":{"type":"LineString","coordinates":[[103.95336,30.7564],[103.95786,30.75437]]},"properties":{"id":"1103218300","name":"杨柳河","source":"osm","waterway":"stream"}},{"type":"Feature","geometry":{"type":"LineString","coordinates":[[103.95786,30.75437],[103.95812,30.75425]]},"properties":{"id":"1103218301","name":"杨柳河","source":"osm","waterway":"stream"}},{"type":"Feature","geometry":{"type":"LineString","coordinates":[[103.95812,30.75425],[103.96146,30.75269]]},"properties":{"id":"1103218302","name":"杨柳河","source":"osm","waterway":"stream"}},{"type":"Feature","geometry":{"type":"LineString","coordinates":[[103.96146,30.75269],[103.96172,30.75255]]},"properties":{"id":"1103218303","name":"杨柳河","source":"osm","waterway":"stream"}},{"type":"Feature","geometry":{"type":"LineString","coordinates":[[103.96172,30.75255],[103.96294,30.75194]]},"properties":{"id":"1103218304","name":"杨柳河","source":"osm","waterway":"stream"}},{"type":"Feature","geometry":{"type":"LineString","coordinates":[[103.96437,30.75122],[103.96455,30.75113]]},"properties":{"id":"1103218305","name":"杨柳河","source":"osm","waterway":"stream"}},{"type":"Feature","geometry":{"type":"LineString","coordinates":[[103.9631,30.75186],[103.96437,30.75122]]},"properties":{"id":"1103218306","name":"杨柳河","source":"osm","waterway":"stream"}},{"type":"Feature","geometry":{"type":"LineString","coordinates":[[103.96294,30.75194],[103.9631,30.75186]]},"properties":{"id":"1103218307","name":"杨柳河","source":"osm","waterway":"stream"}},{"type":"Feature","geometry":{"type":"LineString","coordinates":[[103.96455,30.75113],[103.96581,30.75048]]},"properties":{"id":"1103218309","name":"杨柳河","source":"osm","waterway":"stream"}},{"type":"Feature","geometry":{"type":"LineString","coordinates":[[103.96581,30.75048],[103.96592,30.75042]]},"properties":{"id":"1103218310","name":"杨柳河","source":"osm","waterway":"stream"}},{"type":"Feature","geometry":{"type":"LineString","coordinates":[[103.96592,30.75042],[103.96714,30.7498]]},"properties":{"id":"1103218311","name":"杨柳河","source":"osm","waterway":"stream"}},{"type":"Feature","geometry":{"type":"LineString","coordinates":[[103.96714,30.7498],[103.96748,30.74967]]},"properties":{"id":"1103218312","name":"杨柳河","source":"osm","waterway":"stream"}},{"type":"Feature","geometry":{"type":"LineString","coordinates":[[103.96436,30.60555],[103.9641,30.60534]]},"properties":{"id":"1115668417","name":"牧山干渠","source":"osm","waterway":"canal"}},{"type":"Feature","geometry":{"type":"LineString","coordinates":[[103.9641,30.60534],[103.96399,30.60519]]},"properties":{"id":"1115668418","name":"牧山干渠","source":"osm","waterway":"canal"}},{"type":"Feature","geometry":{"type":"LineString","coordinates":[[104.04609,30.54207],[104.04614,30.5405]]},"properties":{"id":"1117140520","name":"艾家沟","source":"osm","waterway":"stream"}},{"type":"Feature","geometry":{"type":"LineString","coordinates":[[104.05226,30.70727],[104.05351,30.70785]]},"properties":{"id":"1117571377","name":"马家堰","source":"osm","waterway":"canal"}},{"type":"Feature","geometry":{"type":"LineString","coordinates":[[104.05198,30.70718],[104.05226,30.70727]]},"properties":{"id":"1117571378","name":"马家堰","source":"osm","waterway":"canal"}},{"type":"Feature","geometry":{"type":"LineString","coordinates":[[104.10265,30.48347],[104.10249,30.48123],[104.10099,30.48033]]},"properties":{"id":"1119963060","name":"老南干渠","source":"osm","waterway":"canal"}},{"type":"Feature","geometry":{"type":"LineString","coordinates":[[104.10099,30.48033],[104.10074,30.48023]]},"properties":{"id":"1119963061","name":"老南干渠","source":"osm","waterway":"canal"}},{"type":"Feature","geometry":{"type":"LineString","coordinates":[[104.12213,30.48568],[104.11835,30.48427],[104.11729,30.48245],[104.11398,30.4847]]},"properties":{"id":"1119963064","name":"老南干渠","source":"osm","waterway":"canal"}},{"type":"Feature","geometry":{"type":"LineString","coordinates":[[104.11398,30.4847],[104.11236,30.48539]]},"properties":{"id":"1119963065","name":"老南干渠","source":"osm","waterway":"canal"}},{"type":"Feature","geometry":{"type":"LineString","coordinates":[[103.9339,30.56027],[103.93172,30.55694]]},"properties":{"id":"1126972807","name":"三支渠","source":"osm","waterway":"canal"}},{"type":"Feature","geometry":{"type":"LineString","coordinates":[[103.93403,30.56047],[103.9339,30.56027]]},"properties":{"id":"1126972808","name":"三支渠","source":"osm","waterway":"canal"}},{"type":"Feature","geometry":{"type":"LineString","coordinates":[[103.87674,30.55196],[103.87214,30.55071]]},"properties":{"id":"1137600613","name":"小白河","source":"osm","waterway":"stream"}},{"type":"Feature","geometry":{"type":"LineString","coordinates":[[103.87214,30.55071],[103.87165,30.55038]]},"properties":{"id":"1137600614","name":"小白河","source":"osm","waterway":"stream"}},{"type":"Feature","geometry":{"type":"LineString","coordinates":[[103.88152,30.65313],[103.88182,30.65002],[103.88298,30.64792],[103.88226,30.64605],[103.88265,30.64471],[103.88463,30.64371],[103.8868,30.64375],[103.89082,30.63702]]},"properties":{"id":"1143924459","name":"白河","source":"osm","waterway":"river"}},{"type":"Feature","geometry":{"type":"LineString","coordinates":[[103.89082,30.63702],[103.8911,30.63644]]},"properties":{"id":"1143924460","name":"白河","source":"osm","waterway":"river"}},{"type":"Feature","geometry":{"type":"LineString","coordinates":[[104.1062,30.74369],[104.10378,30.7425]]},"properties":{"id":"1143931231","name":"凤凰河","source":"osm","waterway":"stream"}},{"type":"Feature","geometry":{"type":"LineString","coordinates":[[104.10378,30.7425],[104.10328,30.74224]]},"properties":{"id":"1143931232","name":"凤凰河","source":"osm","waterway":"stream"}},{"type":"Feature","geometry":{"type":"LineString","coordinates":[[104.07785,30.80802],[104.08049,30.80651],[104.08278,30.80961],[104.0847,30.80908],[104.08725,30.80561],[104.08419,30.803],[104.084,30.80082],[104.08654,30.80101],[104.08866,30.80439],[104.09069,30.80383],[104.09145,30.80101],[104.08808,30.79776],[104.08891,30.79587],[104.09028,30.79574],[104.09526,30.79828],[104.09759,30.79796],[104.09956,30.79444],[104.10165,30.79282]]},"properties":{"id":"1147044584","name":"毗河","source":"osm","waterway":"river"}},{"type":"Feature","geometry":{"type":"LineString","coordinates":[[103.96163,30.57032],[103.95966,30.56444]]},"properties":{"id":"1153439352","name":"牧山干渠","source":"osm","waterway":"canal"}},{"type":"Feature","geometry":{"type":"LineString","coordinates":[[103.95966,30.56444],[103.95948,30.56384]]},"properties":{"id":"1153439353","name":"牧山干渠","source":"osm","waterway":"canal"}},{"type":"Feature","geometry":{"type":"LineString","coordinates":[[103.9606,30.57481],[103.96234,30.57219],[103.96174,30.57057]]},"properties":{"id":"1153439355","name":"牧山干渠","source":"osm","waterway":"canal"}},{"type":"Feature","geometry":{"type":"LineString","coordinates":[[103.96174,30.57057],[103.96163,30.57032]]},"properties":{"id":"1153439356","name":"牧山干渠","source":"osm","waterway":"canal"}},{"type":"Feature","geometry":{"type":"LineString","coordinates":[[104.01885,30.70767],[104.03081,30.69675],[104.03261,30.69599]]},"properties":{"id":"1161403018","name":"桃花江","source":"osm","waterway":"stream"}},{"type":"Feature","geometry":{"type":"LineString","coordinates":[[104.03818,30.67601],[104.0408,30.6755],[104.04207,30.67446],[104.04488,30.67524]]},"properties":{"id":"1161403039","name":"二道河","source":"osm","waterway":"stream"}},{"type":"Feature","geometry":{"type":"LineString","coordinates":[[104.05444,30.68021],[104.05048,30.6778]]},"properties":{"id":"1161403040","name":"饮马河","source":"osm","waterway":"stream"}},{"type":"Feature","geometry":{"type":"LineString","coordinates":[[104.05332,30.68098],[104.05444,30.68021]]},"properties":{"id":"1161403041","name":"桃花江","source":"osm","waterway":"stream"}},{"type":"Feature","geometry":{"type":"LineString","coordinates":[[104.05287,30.68133],[104.05332,30.68098]]},"properties":{"id":"1161403042","name":"桃花江","source":"osm","waterway":"stream"}},{"type":"Feature","geometry":{"type":"LineString","coordinates":[[104.04881,30.68643],[104.04983,30.68569],[104.04909,30.68518],[104.04944,30.68369],[104.05287,30.68133]]},"properties":{"id":"1161403043","name":"桃花江","source":"osm","waterway":"stream"}},{"type":"Feature","geometry":{"type":"LineString","coordinates":[[104.04865,30.68684],[104.04881,30.68643]]},"properties":{"id":"1161403044","name":"桃花江","source":"osm","waterway":"stream"}},{"type":"Feature","geometry":{"type":"LineString","coordinates":[[104.04516,30.68955],[104.04641,30.68847],[104.04667,30.68689],[104.04865,30.68684]]},"properties":{"id":"1161403045","name":"桃花江","source":"osm","waterway":"stream"}},{"type":"Feature","geometry":{"type":"LineString","coordinates":[[104.045,30.68972],[104.04516,30.68955]]},"properties":{"id":"1161403046","name":"桃花江","source":"osm","waterway":"stream"}},{"type":"Feature","geometry":{"type":"LineString","coordinates":[[104.04346,30.6913],[104.045,30.68972]]},"properties":{"id":"1161403047","name":"桃花江","source":"osm","waterway":"stream"}},{"type":"Feature","geometry":{"type":"LineString","coordinates":[[104.04317,30.69159],[104.04346,30.6913]]},"properties":{"id":"1161403048","name":"桃花江","source":"osm","waterway":"stream"}},{"type":"Feature","geometry":{"type":"LineString","coordinates":[[104.04022,30.69269],[104.04317,30.69159]]},"properties":{"id":"1161403051","name":"桃花江","source":"osm","waterway":"stream"}},{"type":"Feature","geometry":{"type":"LineString","coordinates":[[104.03998,30.69275],[104.04022,30.69269]]},"properties":{"id":"1161403052","name":"桃花江","source":"osm","waterway":"stream"}},{"type":"Feature","geometry":{"type":"LineString","coordinates":[[104.03923,30.69355],[104.03998,30.69275]]},"properties":{"id":"1161403053","name":"桃花江","source":"osm","waterway":"stream"}},{"type":"Feature","geometry":{"type":"LineString","coordinates":[[104.03859,30.69408],[104.03923,30.69355]]},"properties":{"id":"1161403054","name":"桃花江","source":"osm","waterway":"stream"}},{"type":"Feature","geometry":{"type":"LineString","coordinates":[[104.03433,30.69491],[104.0359,30.6952],[104.03859,30.69408]]},"properties":{"id":"1161403055","name":"桃花江","source":"osm","waterway":"stream"}},{"type":"Feature","geometry":{"type":"LineString","coordinates":[[104.03421,30.69523],[104.03433,30.69491]]},"properties":{"id":"1161403056","name":"桃花江","source":"osm","waterway":"stream"}},{"type":"Feature","geometry":{"type":"LineString","coordinates":[[104.03261,30.69599],[104.03354,30.69624],[104.03421,30.69523]]},"properties":{"id":"1161403057","name":"桃花江","source":"osm","waterway":"stream"}},{"type":"Feature","geometry":{"type":"LineString","coordinates":[[103.98259,30.73359],[103.98263,30.73355]]},"properties":{"id":"1161403058","name":"杨柳河","source":"osm","waterway":"stream"}},{"type":"Feature","geometry":{"type":"LineString","coordinates":[[103.98218,30.73373],[103.98225,30.73357]]},"properties":{"id":"1161403059","name":"杨柳河","source":"osm","waterway":"stream"}},{"type":"Feature","geometry":{"type":"LineString","coordinates":[[103.98225,30.73357],[103.9823,30.73349]]},"properties":{"id":"1161403060","name":"杨柳河","source":"osm","waterway":"stream"}},{"type":"Feature","geometry":{"type":"LineString","coordinates":[[103.97895,30.73363],[103.98026,30.73355],[103.98031,30.7344],[103.98148,30.73473],[103.98218,30.73373]]},"properties":{"id":"1161403061","name":"杨柳河","source":"osm","waterway":"stream"}},{"type":"Feature","geometry":{"type":"LineString","coordinates":[[103.97529,30.74126],[103.97679,30.73974],[103.97707,30.73732]]},"properties":{"id":"1161403062","name":"杨柳河","source":"osm","waterway":"stream"}},{"type":"Feature","geometry":{"type":"LineString","coordinates":[[104.00817,30.72612],[104.01225,30.72769],[104.01532,30.72444]]},"properties":{"id":"1161403063","name":"杨柳河","source":"osm","waterway":"stream"}},{"type":"Feature","geometry":{"type":"LineString","coordinates":[[104.00781,30.72671],[104.00817,30.72612]]},"properties":{"id":"1161403064","name":"杨柳河","source":"osm","waterway":"stream"}},{"type":"Feature","geometry":{"type":"LineString","coordinates":[[104.00654,30.72823],[104.00781,30.72671]]},"properties":{"id":"1161403067","name":"杨柳河","source":"osm","waterway":"stream"}},{"type":"Feature","geometry":{"type":"LineString","coordinates":[[103.99919,30.72581],[104.00034,30.72622]]},"properties":{"id":"1161403068","name":"杨柳河","source":"osm","waterway":"stream"}},{"type":"Feature","geometry":{"type":"LineString","coordinates":[[103.9935,30.73199],[103.99919,30.72731]]},"properties":{"id":"1161403069","name":"桃花江","source":"osm","waterway":"stream"}},{"type":"Feature","geometry":{"type":"LineString","coordinates":[[104.01189,30.71477],[104.01415,30.71541]]},"properties":{"id":"1161403070","name":"桃花江","source":"osm","waterway":"stream"}},{"type":"Feature","geometry":{"type":"LineString","coordinates":[[104.0113,30.7151],[104.01189,30.71477]]},"properties":{"id":"1161403071","name":"桃花江","source":"osm","waterway":"stream"}},{"type":"Feature","geometry":{"type":"LineString","coordinates":[[104.01064,30.71635],[104.0113,30.7151]]},"properties":{"id":"1161403072","name":"桃花江","source":"osm","waterway":"stream"}},{"type":"Feature","geometry":{"type":"LineString","coordinates":[[104.0105,30.71658],[104.01064,30.71635]]},"properties":{"id":"1161403073","name":"桃花江","source":"osm","waterway":"stream"}},{"type":"Feature","geometry":{"type":"LineString","coordinates":[[104.00925,30.71832],[104.0105,30.71658]]},"properties":{"id":"1161403074","name":"桃花江","source":"osm","waterway":"stream"}},{"type":"Feature","geometry":{"type":"LineString","coordinates":[[104.00913,30.71845],[104.00925,30.71832]]},"properties":{"id":"1161403077","name":"桃花江","source":"osm","waterway":"stream"}},{"type":"Feature","geometry":{"type":"LineString","coordinates":[[104.00795,30.71991],[104.00913,30.71845]]},"properties":{"id":"1161403078","name":"桃花江","source":"osm","waterway":"stream"}},{"type":"Feature","geometry":{"type":"LineString","coordinates":[[104.00776,30.72011],[104.00795,30.71991]]},"properties":{"id":"1161403079","name":"桃花江","source":"osm","waterway":"stream"}},{"type":"Feature","geometry":{"type":"LineString","coordinates":[[104.00512,30.72245],[104.00776,30.72011]]},"properties":{"id":"1161403080","name":"桃花江","source":"osm","waterway":"stream"}},{"type":"Feature","geometry":{"type":"LineString","coordinates":[[104.0033,30.72396],[104.00512,30.72245]]},"properties":{"id":"1161403081","name":"桃花江","source":"osm","waterway":"stream"}},{"type":"Feature","geometry":{"type":"LineString","coordinates":[[104.00205,30.725],[104.0033,30.72396]]},"properties":{"id":"1161403082","name":"桃花江","source":"osm","waterway":"stream"}},{"type":"Feature","geometry":{"type":"LineString","coordinates":[[104.00178,30.72519],[104.00205,30.725]]},"properties":{"id":"1161403083","name":"桃花江","source":"osm","waterway":"stream"}},{"type":"Feature","geometry":{"type":"LineString","coordinates":[[104.00065,30.72597],[104.00178,30.72519]]},"properties":{"id":"1161403084","name":"桃花江","source":"osm","waterway":"stream"}},{"type":"Feature","geometry":{"type":"LineString","coordinates":[[104.00035,30.7262],[104.00065,30.72597]]},"properties":{"id":"1161403085","name":"桃花江","source":"osm","waterway":"stream"}},{"type":"Feature","geometry":{"type":"LineString","coordinates":[[103.99927,30.72721],[104.00035,30.7262]]},"properties":{"id":"1161403086","name":"桃花江","source":"osm","waterway":"stream"}},{"type":"Feature","geometry":{"type":"LineString","coordinates":[[103.99919,30.72731],[103.99927,30.72721]]},"properties":{"id":"1161403087","name":"桃花江","source":"osm","waterway":"stream"}},{"type":"Feature","geometry":{"type":"LineString","coordinates":[[103.99067,30.73618],[103.99069,30.73612]]},"properties":{"id":"1161403088","name":"桃花江","source":"osm","waterway":"stream"}},{"type":"Feature","geometry":{"type":"LineString","coordinates":[[103.99069,30.73612],[103.99137,30.73614]]},"properties":{"id":"1161403089","name":"桃花江","source":"osm","waterway":"stream"}},{"type":"Feature","geometry":{"type":"LineString","coordinates":[[103.99137,30.73614],[103.9923,30.73553],[103.99142,30.73435],[103.99313,30.73328],[103.99309,30.73233]]},"properties":{"id":"1161403090","name":"桃花江","source":"osm","waterway":"stream"}},{"type":"Feature","geometry":{"type":"LineString","coordinates":[[103.99309,30.73233],[103.9935,30.73199]]},"properties":{"id":"1161403091","name":"桃花江","source":"osm","waterway":"stream"}},{"type":"Feature","geometry":{"type":"LineString","coordinates":[[104.01415,30.71541],[104.01723,30.7106],[104.01741,30.70836]]},"properties":{"id":"1161699573","name":"桃花江","source":"osm","waterway":"stream"}},{"type":"Feature","geometry":{"type":"LineString","coordinates":[[104.01741,30.70836],[104.01885,30.70767]]},"properties":{"id":"1161699574","name":"桃花江","source":"osm","waterway":"stream"}},{"type":"Feature","geometry":{"type":"LineString","coordinates":[[104.16813,30.68394],[104.16846,30.68318]]},"properties":{"id":"1163348129","name":"南支一渠","source":"osm","waterway":"canal"}},{"type":"Feature","geometry":{"type":"LineString","coordinates":[[104.16812,30.68404],[104.16813,30.68394]]},"properties":{"id":"1163348130","name":"南支一渠","source":"osm","waterway":"canal"}},{"type":"Feature","geometry":{"type":"LineString","coordinates":[[104.17414,30.70173],[104.17581,30.70175]]},"properties":{"id":"1163348200","name":"大庙河","source":"osm","waterway":"stream"}},{"type":"Feature","geometry":{"type":"LineString","coordinates":[[104.17655,30.70081],[104.17682,30.70069]]},"properties":{"id":"1163348201","name":"大庙河","source":"osm","waterway":"stream"}},{"type":"Feature","geometry":{"type":"LineString","coordinates":[[104.17848,30.69895],[104.17939,30.69656]]},"properties":{"id":"1163348202","name":"大庙河","source":"osm","waterway":"stream"}},{"type":"Feature","geometry":{"type":"LineString","coordinates":[[104.17816,30.6991],[104.17848,30.69895]]},"properties":{"id":"1163348203","name":"大庙河","source":"osm","waterway":"stream"}},{"type":"Feature","geometry":{"type":"LineString","coordinates":[[104.17581,30.70175],[104.17644,30.701]]},"properties":{"id":"1163348204","name":"大庙河","source":"osm","waterway":"stream"}},{"type":"Feature","geometry":{"type":"LineString","coordinates":[[104.17644,30.701],[104.17655,30.70081]]},"properties":{"id":"1163348205","name":"大庙河","source":"osm","waterway":"stream"}},{"type":"Feature","geometry":{"type":"LineString","coordinates":[[104.18018,30.69212],[104.18106,30.69208]]},"properties":{"id":"1163348240","name":"大庙河","source":"osm","waterway":"stream"}},{"type":"Feature","geometry":{"type":"LineString","coordinates":[[104.17977,30.69225],[104.18018,30.69212]]},"properties":{"id":"1163348241","name":"大庙河","source":"osm","waterway":"stream"}},{"type":"Feature","geometry":{"type":"LineString","coordinates":[[104.03996,30.63171],[104.04614,30.63088],[104.04977,30.62882],[104.056,30.62771]]},"properties":{"id":"116486198","name":"火烧堰","source":"osm","waterway":"stream"}},{"type":"Feature","geometry":{"type":"LineString","coordinates":[[103.92531,30.75563],[103.92561,30.75537]]},"properties":{"id":"1172471444","name":"走马河","source":"osm","waterway":"stream"}},{"type":"Feature","geometry":{"type":"LineString","coordinates":[[104.18318,30.67946],[104.18347,30.67928]]},"properties":{"id":"1172501143","name":"南支一渠","source":"osm","waterway":"canal"}},{"type":"Feature","geometry":{"type":"LineString","coordinates":[[104.21721,30.74179],[104.21955,30.74245],[104.22249,30.74542],[104.2248,30.74588],[104.22672,30.74568],[104.22977,30.74329],[104.23128,30.74311],[104.23302,30.74401]]},"properties":{"id":"1172501230","name":"北支一支渠","source":"osm","waterway":"canal"}},{"type":"Feature","geometry":{"type":"LineString","coordinates":[[104.19863,30.73747],[104.19929,30.73781]]},"properties":{"id":"1172501231","name":"北支一支渠","source":"osm","waterway":"canal"}},{"type":"Feature","geometry":{"type":"LineString","coordinates":[[104.19929,30.73781],[104.2013,30.73858]]},"properties":{"id":"1172501232","name":"北支一支渠","source":"osm","waterway":"canal"}},{"type":"Feature","geometry":{"type":"LineString","coordinates":[[104.2013,30.73858],[104.20144,30.73873]]},"properties":{"id":"1172501233","name":"北支一支渠","source":"osm","waterway":"canal"}},{"type":"Feature","geometry":{"type":"LineString","coordinates":[[104.19805,30.7371],[104.19863,30.73747]]},"properties":{"id":"1172501234","name":"北支一支渠","source":"osm","waterway":"canal"}},{"type":"Feature","geometry":{"type":"LineString","coordinates":[[104.19749,30.73678],[104.19805,30.7371]]},"properties":{"id":"1172501235","name":"北支一支渠","source":"osm","waterway":"canal"}},{"type":"Feature","geometry":{"type":"LineString","coordinates":[[104.18506,30.73157],[104.18838,30.73024],[104.18875,30.73197]]},"properties":{"id":"1172501236","name":"北支一支渠","source":"osm","waterway":"canal"}},{"type":"Feature","geometry":{"type":"LineString","coordinates":[[104.18481,30.73192],[104.18506,30.73157]]},"properties":{"id":"1172501237","name":"北支一支渠","source":"osm","waterway":"canal"}},{"type":"Feature","geometry":{"type":"LineString","coordinates":[[104.08484,30.82797],[104.09044,30.82839],[104.09114,30.82685],[104.09337,30.8271],[104.09409,30.82629],[104.09338,30.82429],[104.09556,30.82347]]},"properties":{"id":"1182023588","name":"老锦水河","source":"osm","waterway":"stream"}},{"type":"Feature","geometry":{"type":"LineString","coordinates":[[104.08417,30.82832],[104.08484,30.82797]]},"properties":{"id":"1182023589","name":"老锦水河","source":"osm","waterway":"stream"}},{"type":"Feature","geometry":{"type":"LineString","coordinates":[[104.29444,30.57341],[104.29396,30.57371]]},"properties":{"id":"1203484237","name":"百工溪","source":"osm","waterway":"stream"}},{"type":"Feature","geometry":{"type":"LineString","coordinates":[[103.87165,30.55038],[103.86943,30.54923],[103.87012,30.54639],[103.86953,30.54525]]},"properties":{"id":"1213543024","name":"小白河","source":"osm","waterway":"stream"}},{"type":"Feature","geometry":{"type":"LineString","coordinates":[[103.86953,30.54525],[103.86918,30.54464]]},"properties":{"id":"1213543025","name":"小白河","source":"osm","waterway":"stream"}},{"type":"Feature","geometry":{"type":"LineString","coordinates":[[103.87785,30.54761],[103.87573,30.54744],[103.87436,30.54646]]},"properties":{"id":"1213543028","name":"黄水河","source":"osm","waterway":"stream"}},{"type":"Feature","geometry":{"type":"LineString","coordinates":[[103.8739,30.54614],[103.87383,30.54577]]},"properties":{"id":"1213543029","name":"黄水河","source":"osm","waterway":"stream"}},{"type":"Feature","geometry":{"type":"LineString","coordinates":[[103.87436,30.54646],[103.87407,30.54633]]},"properties":{"id":"1213543030","name":"黄水河","source":"osm","waterway":"stream"}},{"type":"Feature","geometry":{"type":"LineString","coordinates":[[103.87407,30.54633],[103.8739,30.54614]]},"properties":{"id":"1213543031","name":"黄水河","source":"osm","waterway":"stream"}},{"type":"Feature","geometry":{"type":"LineString","coordinates":[[104.31125,30.42944],[104.31207,30.42935]]},"properties":{"id":"1215571344","name":"充水南干渠","source":"osm","waterway":"canal"}},{"type":"Feature","geometry":{"type":"LineString","coordinates":[[104.31164,30.42957],[104.31207,30.42935]]},"properties":{"id":"1215571345","name":"充水南干渠","source":"osm","waterway":"canal"}},{"type":"Feature","geometry":{"type":"LineString","coordinates":[[104.23374,30.45462],[104.23025,30.45541],[104.23081,30.45762],[104.22723,30.46037],[104.22587,30.46485],[104.22632,30.46552],[104.22441,30.46695]]},"properties":{"id":"1215571349","name":"文家河","source":"osm","waterway":"stream"}},{"type":"Feature","geometry":{"type":"LineString","coordinates":[[104.22418,30.46714],[104.2229,30.46808],[104.22176,30.46788],[104.22161,30.46885],[104.22019,30.46893]]},"properties":{"id":"1215571350","name":"文家河","source":"osm","waterway":"stream"}},{"type":"Feature","geometry":{"type":"LineString","coordinates":[[104.22441,30.46695],[104.22418,30.46714]]},"properties":{"id":"1215571351","name":"文家河","source":"osm","waterway":"stream"}},{"type":"Feature","geometry":{"type":"LineString","coordinates":[[104.28815,30.43425],[104.29009,30.43417]]},"properties":{"id":"1215571363","name":"东灌渠","source":"osm","waterway":"canal"}},{"type":"Feature","geometry":{"type":"LineString","coordinates":[[104.22504,30.46777],[104.2266,30.46584],[104.22729,30.46116],[104.22958,30.45848]]},"properties":{"id":"1215571364","name":"东灌渠","source":"osm","waterway":"canal"}},{"type":"Feature","geometry":{"type":"LineString","coordinates":[[104.24422,30.52337],[104.24253,30.52042],[104.23927,30.5205],[104.23809,30.52127],[104.23677,30.52012],[104.23361,30.51934]]},"properties":{"id":"1215571420","name":"鹿溪河","source":"osm","waterway":"stream"}},{"type":"Feature","geometry":{"type":"LineString","coordinates":[[104.23361,30.51934],[104.23335,30.51915]]},"properties":{"id":"1215571421","name":"鹿溪河","source":"osm","waterway":"stream"}},{"type":"Feature","geometry":{"type":"LineString","coordinates":[[104.02393,30.72295],[104.02479,30.72354]]},"properties":{"id":"1226224248","name":"马家堰","source":"osm","waterway":"canal"}},{"type":"Feature","geometry":{"type":"LineString","coordinates":[[104.02378,30.72294],[104.02393,30.72295]]},"properties":{"id":"1226224249","name":"马家堰","source":"osm","waterway":"canal"}},{"type":"Feature","geometry":{"type":"LineString","coordinates":[[104.01492,30.72983],[104.01653,30.72855]]},"properties":{"id":"1226224263","name":"马家堰","source":"osm","waterway":"canal"}},{"type":"Feature","geometry":{"type":"LineString","coordinates":[[104.01653,30.72855],[104.01676,30.72836]]},"properties":{"id":"1226224264","name":"马家堰","source":"osm","waterway":"canal"}},{"type":"Feature","geometry":{"type":"LineString","coordinates":[[104.01676,30.72836],[104.01845,30.72702]]},"properties":{"id":"1226224265","name":"马家堰","source":"osm","waterway":"canal"}},{"type":"Feature","geometry":{"type":"LineString","coordinates":[[104.01845,30.72702],[104.01875,30.72678]]},"properties":{"id":"1226224266","name":"马家堰","source":"osm","waterway":"canal"}},{"type":"Feature","geometry":{"type":"LineString","coordinates":[[104.00587,30.73316],[104.01276,30.72852]]},"properties":{"id":"1226224268","name":"金牛五斗渠","source":"osm","waterway":"canal"}},{"type":"Feature","geometry":{"type":"LineString","coordinates":[[104.01771,30.72417],[104.02019,30.72559]]},"properties":{"id":"1226224269","name":"金牛五斗渠","source":"osm","waterway":"canal"}},{"type":"Feature","geometry":{"type":"LineString","coordinates":[[104.016,30.72559],[104.01626,30.72536]]},"properties":{"id":"1226224270","name":"金牛五斗渠","source":"osm","waterway":"canal"}},{"type":"Feature","geometry":{"type":"LineString","coordinates":[[104.01445,30.72699],[104.016,30.72559]]},"properties":{"id":"1226224271","name":"金牛五斗渠","source":"osm","waterway":"canal"}},{"type":"Feature","geometry":{"type":"LineString","coordinates":[[104.01424,30.72718],[104.01445,30.72699]]},"properties":{"id":"1226224272","name":"金牛五斗渠","source":"osm","waterway":"canal"}},{"type":"Feature","geometry":{"type":"LineString","coordinates":[[104.07896,30.46873],[104.07771,30.46845]]},"properties":{"id":"1226918335","name":"老南干渠","source":"osm","waterway":"canal"}},{"type":"Feature","geometry":{"type":"LineString","coordinates":[[104.07971,30.46972],[104.07974,30.46943]]},"properties":{"id":"1226918336","name":"老南干渠","source":"osm","waterway":"canal"}},{"type":"Feature","geometry":{"type":"LineString","coordinates":[[104.09556,30.82045],[104.09662,30.81985]]},"properties":{"id":"1233512053","name":"老锦水河","source":"osm","waterway":"river"}},{"type":"Feature","geometry":{"type":"LineString","coordinates":[[104.09545,30.82111],[104.09556,30.82045]]},"properties":{"id":"1233512054","name":"老锦水河","source":"osm","waterway":"river"}},{"type":"Feature","geometry":{"type":"LineString","coordinates":[[104.41145,31.01638],[104.4145,31.01257],[104.41585,31.00869],[104.41535,31.00237],[104.41251,30.99724],[104.41069,30.99015],[104.41209,30.9851],[104.4115,30.97968],[104.40573,30.97214],[104.40022,30.95601],[104.39275,30.94451]]},"properties":{"id":"123426611","name":"绵远河","source":"osm","waterway":"river"}},{"type":"Feature","geometry":{"type":"LineString","coordinates":[[104.21527,30.90616],[104.21804,30.90724],[104.2247,30.90771],[104.23001,30.90949],[104.23945,30.91574],[104.25457,30.91638],[104.2563,30.91772],[104.25907,30.92599],[104.26172,30.92783],[104.26394,30.9271],[104.26805,30.9219],[104.26981,30.92106],[104.27186,30.92168],[104.27685,30.92585],[104.28356,30.9247],[104.28931,30.92816],[104.29293,30.92757],[104.296,30.92605],[104.29877,30.92123],[104.30198,30.92025],[104.31436,30.92572]]},"properties":{"id":"123426653","name":"青白江","source":"osm","waterway":"river"}},{"type":"Feature","geometry":{"type":"LineString","coordinates":[[104.31251,30.786],[104.3112,30.78302],[104.3086,30.78189],[104.30779,30.78068]]},"properties":{"id":"1235152165","name":"北干渠","source":"osm","waterway":"canal"}},{"type":"Feature","geometry":{"type":"LineString","coordinates":[[104.28757,30.79959],[104.28783,30.7995]]},"properties":{"id":"1235152166","name":"北干渠","source":"osm","waterway":"canal"}},{"type":"Feature","geometry":{"type":"LineString","coordinates":[[104.32816,30.78864],[104.32863,30.78886]]},"properties":{"id":"1237250789","name":"东干渠","source":"osm","waterway":"canal"}},{"type":"Feature","geometry":{"type":"LineString","coordinates":[[104.30721,30.74951],[104.31072,30.75524],[104.30974,30.75803],[104.31137,30.76159],[104.31651,30.76409],[104.31749,30.76628],[104.32285,30.76772],[104.32266,30.76907],[104.32569,30.77273],[104.32467,30.77379],[104.32515,30.77873],[104.32372,30.78566],[104.32434,30.78696],[104.32816,30.78864]]},"properties":{"id":"1254749522","name":"东干渠","source":"osm","waterway":"canal"}},{"type":"Feature","geometry":{"type":"LineString","coordinates":[[104.3064,30.74788],[104.30721,30.74951]]},"properties":{"id":"1254749523","name":"东干渠","source":"osm","waterway":"canal"}},{"type":"Feature","geometry":{"type":"LineString","coordinates":[[104.19198,30.73524],[104.19279,30.73541]]},"properties":{"id":"1261387480","name":"北支一支渠","source":"osm","waterway":"canal"}},{"type":"Feature","geometry":{"type":"LineString","coordinates":[[104.19279,30.73541],[104.19749,30.73678]]},"properties":{"id":"1261387481","name":"北支一支渠","source":"osm","waterway":"canal"}},{"type":"Feature","geometry":{"type":"LineString","coordinates":[[104.22483,30.46755],[104.22343,30.46615],[104.21382,30.46263],[104.21265,30.46294],[104.2108,30.46521],[104.2043,30.46706],[104.202,30.46655],[104.19695,30.46776],[104.19278,30.46623],[104.19158,30.46504]]},"properties":{"id":"1265853646","name":"东风渠","source":"osm","waterway":"canal"}},{"type":"Feature","geometry":{"type":"LineString","coordinates":[[104.22488,30.46761],[104.22483,30.46755]]},"properties":{"id":"1265853648","name":"东风渠","source":"osm","waterway":"canal"}},{"type":"Feature","geometry":{"type":"LineString","coordinates":[[104.21625,30.55617],[104.2155,30.55638]]},"properties":{"id":"1267685354","name":"老南干渠","source":"osm","waterway":"canal"}},{"type":"Feature","geometry":{"type":"LineString","coordinates":[[104.22629,30.58485],[104.22104,30.57068],[104.21958,30.5686],[104.2196,30.56343],[104.2164,30.5561]]},"properties":{"id":"1267685356","name":"东风渠","source":"osm","waterway":"canal"}},{"type":"Feature","geometry":{"type":"LineString","coordinates":[[104.2164,30.5561],[104.21637,30.556]]},"properties":{"id":"1267685357","name":"东风渠","source":"osm","waterway":"canal"}},{"type":"Feature","geometry":{"type":"LineString","coordinates":[[104.2164,30.55613],[104.21625,30.55617]]},"properties":{"id":"1267685358","name":"老南干渠","source":"osm","waterway":"canal"}},{"type":"Feature","geometry":{"type":"LineString","coordinates":[[104.03662,30.4246],[104.03643,30.42374],[104.03399,30.42424],[104.0335,30.42309],[104.03126,30.42333],[104.03244,30.42107],[104.03062,30.42036],[104.0305,30.41917]]},"properties":{"id":"1267685363","name":"老南干渠","source":"osm","waterway":"canal"}},{"type":"Feature","geometry":{"type":"LineString","coordinates":[[104.0305,30.41917],[104.03041,30.41908]]},"properties":{"id":"1267685364","name":"老南干渠","source":"osm","waterway":"canal"}},{"type":"Feature","geometry":{"type":"LineString","coordinates":[[104.0201,30.40515],[104.02373,30.40312]]},"properties":{"id":"1267685365","name":"老南干渠","source":"osm","waterway":"canal"}},{"type":"Feature","geometry":{"type":"LineString","coordinates":[[104.02002,30.40521],[104.0201,30.40515]]},"properties":{"id":"1267685366","name":"老南干渠","source":"osm","waterway":"canal"}},{"type":"Feature","geometry":{"type":"LineString","coordinates":[[104.02021,30.40594],[104.02002,30.40521]]},"properties":{"id":"1267685367","name":"老南干渠","source":"osm","waterway":"canal"}},{"type":"Feature","geometry":{"type":"LineString","coordinates":[[104.02034,30.40632],[104.02021,30.40594]]},"properties":{"id":"1267685368","name":"老南干渠","source":"osm","waterway":"canal"}},{"type":"Feature","geometry":{"type":"LineString","coordinates":[[104.02072,30.40738],[104.02034,30.40632]]},"properties":{"id":"1267685369","name":"老南干渠","source":"osm","waterway":"canal"}},{"type":"Feature","geometry":{"type":"LineString","coordinates":[[104.02113,30.40749],[104.02072,30.40738]]},"properties":{"id":"1267685370","name":"老南干渠","source":"osm","waterway":"canal"}},{"type":"Feature","geometry":{"type":"LineString","coordinates":[[104.02438,30.40945],[104.02189,30.41022],[104.02224,30.40834],[104.02113,30.40749]]},"properties":{"id":"1267685371","name":"老南干渠","source":"osm","waterway":"canal"}},{"type":"Feature","geometry":{"type":"LineString","coordinates":[[104.02448,30.40946],[104.02438,30.40945]]},"properties":{"id":"1267685372","name":"老南干渠","source":"osm","waterway":"canal"}},{"type":"Feature","geometry":{"type":"LineString","coordinates":[[104.02459,30.40231],[104.02615,30.40123]]},"properties":{"id":"1267685391","name":"老南干渠","source":"osm","waterway":"canal"}},{"type":"Feature","geometry":{"type":"LineString","coordinates":[[104.02615,30.40123],[104.02561,30.40025],[104.02632,30.39787]]},"properties":{"id":"1267685414","name":"老南干渠","source":"osm","waterway":"canal"}},{"type":"Feature","geometry":{"type":"LineString","coordinates":[[104.0238,30.40304],[104.02459,30.40231]]},"properties":{"id":"1267685416","name":"老南干渠","source":"osm","waterway":"canal"}},{"type":"Feature","geometry":{"type":"LineString","coordinates":[[104.02373,30.40312],[104.0238,30.40304]]},"properties":{"id":"1267685417","name":"老南干渠","source":"osm","waterway":"canal"}},{"type":"Feature","geometry":{"type":"LineString","coordinates":[[104.22683,30.58495],[104.22805,30.58466]]},"properties":{"id":"1267701695","name":"东干渠","source":"osm","waterway":"canal"}},{"type":"Feature","geometry":{"type":"LineString","coordinates":[[104.22805,30.58466],[104.22822,30.58462]]},"properties":{"id":"1267701696","name":"东干渠","source":"osm","waterway":"canal"}},{"type":"Feature","geometry":{"type":"LineString","coordinates":[[104.22632,30.58504],[104.22669,30.58498]]},"properties":{"id":"1267701699","name":"东干渠","source":"osm","waterway":"canal"}},{"type":"Feature","geometry":{"type":"LineString","coordinates":[[104.22669,30.58498],[104.22683,30.58495]]},"properties":{"id":"1267701700","name":"东干渠","source":"osm","waterway":"canal"}},{"type":"Feature","geometry":{"type":"LineString","coordinates":[[104.32863,30.78886],[104.33093,30.791],[104.33764,30.79138],[104.33929,30.79274],[104.33835,30.79397],[104.33989,30.79449]]},"properties":{"id":"1267701703","name":"东干渠","source":"osm","waterway":"canal"}},{"type":"Feature","geometry":{"type":"LineString","coordinates":[[104.33989,30.79449],[104.34011,30.79454]]},"properties":{"id":"1267701704","name":"东干渠","source":"osm","waterway":"canal"}},{"type":"Feature","geometry":{"type":"LineString","coordinates":[[104.34011,30.79454],[104.34218,30.79515],[104.34313,30.79438],[104.3442,30.79568],[104.34522,30.79443],[104.349,30.79444],[104.35124,30.79537],[104.3548,30.79731],[104.3545,30.79858],[104.35547,30.79976],[104.35779,30.80013],[104.35838,30.80234],[104.36137,30.80279],[104.3624,30.80621]]},"properties":{"id":"1267701709","name":"东干渠","source":"osm","waterway":"canal"}},{"type":"Feature","geometry":{"type":"LineString","coordinates":[[104.3624,30.80621],[104.36256,30.80631]]},"properties":{"id":"1267701710","name":"东干渠","source":"osm","waterway":"canal"}},{"type":"Feature","geometry":{"type":"LineString","coordinates":[[104.36256,30.80631],[104.36516,30.80669],[104.36638,30.80778],[104.36596,30.8088],[104.36672,30.81067],[104.36849,30.81022],[104.36832,30.81138],[104.36969,30.81222],[104.36831,30.81345],[104.37205,30.81529],[104.37187,30.81843],[104.37415,30.81907],[104.37733,30.8186],[104.37767,30.81992]]},"properties":{"id":"1267701711","name":"东干渠","source":"osm","waterway":"canal"}},{"type":"Feature","geometry":{"type":"LineString","coordinates":[[104.37767,30.81992],[104.37765,30.82002]]},"properties":{"id":"1267701712","name":"东干渠","source":"osm","waterway":"canal"}},{"type":"Feature","geometry":{"type":"LineString","coordinates":[[104.37765,30.82002],[104.37775,30.82115],[104.38012,30.82176],[104.38285,30.8238],[104.3852,30.82272],[104.3859,30.82156],[104.38721,30.82279],[104.39152,30.82321],[104.39203,30.8249],[104.39414,30.8261],[104.39567,30.82588],[104.39574,30.82685],[104.3993,30.82693],[104.40301,30.82841]]},"properties":{"id":"1267701717","name":"东干渠","source":"osm","waterway":"canal"}},{"type":"Feature","geometry":{"type":"LineString","coordinates":[[104.15143,30.74763],[104.1504,30.74872],[104.15205,30.75029]]},"properties":{"id":"1267701733","name":"北干渠","source":"osm","waterway":"canal"}},{"type":"Feature","geometry":{"type":"LineString","coordinates":[[104.15185,30.74742],[104.15143,30.74763]]},"properties":{"id":"1267701734","name":"北干渠","source":"osm","waterway":"canal"}},{"type":"Feature","geometry":{"type":"LineString","coordinates":[[104.14726,30.75639],[104.14634,30.76004]]},"properties":{"id":"1267701735","name":"北干渠","source":"osm","waterway":"canal"}},{"type":"Feature","geometry":{"type":"LineString","coordinates":[[104.14634,30.76004],[104.14631,30.76041]]},"properties":{"id":"1267701737","name":"北干渠","source":"osm","waterway":"canal"}},{"type":"Feature","geometry":{"type":"LineString","coordinates":[[104.14631,30.76041],[104.1463,30.76057]]},"properties":{"id":"1267701738","name":"北干渠","source":"osm","waterway":"canal"}},{"type":"Feature","geometry":{"type":"LineString","coordinates":[[104.1463,30.76057],[104.14625,30.76106]]},"properties":{"id":"1267701739","name":"北干渠","source":"osm","waterway":"canal"}},{"type":"Feature","geometry":{"type":"LineString","coordinates":[[104.14625,30.76106],[104.14622,30.7613]]},"properties":{"id":"1267701740","name":"北干渠","source":"osm","waterway":"canal"}},{"type":"Feature","geometry":{"type":"LineString","coordinates":[[104.17697,30.77269],[104.18236,30.77394],[104.1833,30.77311],[104.18308,30.77002],[104.18591,30.76888]]},"properties":{"id":"1267701749","name":"北干渠","source":"osm","waterway":"canal"}},{"type":"Feature","geometry":{"type":"LineString","coordinates":[[104.18591,30.76888],[104.18789,30.76841]]},"properties":{"id":"1267701750","name":"北干渠","source":"osm","waterway":"canal"}},{"type":"Feature","geometry":{"type":"LineString","coordinates":[[104.18789,30.76841],[104.19055,30.767],[104.19372,30.76709],[104.19448,30.76938],[104.1961,30.77038],[104.19449,30.77394],[104.19575,30.77535],[104.19964,30.77455],[104.20101,30.77586],[104.2021,30.77587],[104.20577,30.77208],[104.2105,30.77111]]},"properties":{"id":"1267701751","name":"北干渠","source":"osm","waterway":"canal"}},{"type":"Feature","geometry":{"type":"LineString","coordinates":[[104.2105,30.77111],[104.2109,30.77117]]},"properties":{"id":"1267701752","name":"北干渠","source":"osm","waterway":"canal"}},{"type":"Feature","geometry":{"type":"LineString","coordinates":[[104.2109,30.77117],[104.22431,30.77571],[104.22545,30.77665],[104.22442,30.77817],[104.22503,30.77866]]},"properties":{"id":"1267701753","name":"北干渠","source":"osm","waterway":"canal"}},{"type":"Feature","geometry":{"type":"LineString","coordinates":[[104.22503,30.77866],[104.22515,30.77872]]},"properties":{"id":"1267701754","name":"北干渠","source":"osm","waterway":"canal"}},{"type":"Feature","geometry":{"type":"LineString","coordinates":[[104.23718,30.7852],[104.23827,30.78657]]},"properties":{"id":"1267701755","name":"北干渠","source":"osm","waterway":"canal"}},{"type":"Feature","geometry":{"type":"LineString","coordinates":[[104.23699,30.78514],[104.23718,30.7852]]},"properties":{"id":"1267701756","name":"北干渠","source":"osm","waterway":"canal"}},{"type":"Feature","geometry":{"type":"LineString","coordinates":[[104.24555,30.78619],[104.24839,30.78675],[104.24874,30.78856]]},"properties":{"id":"1267701759","name":"北干渠","source":"osm","waterway":"canal"}},{"type":"Feature","geometry":{"type":"LineString","coordinates":[[104.24532,30.7862],[104.24555,30.78619]]},"properties":{"id":"1267701760","name":"北干渠","source":"osm","waterway":"canal"}},{"type":"Feature","geometry":{"type":"LineString","coordinates":[[104.28783,30.7995],[104.29636,30.79859],[104.29948,30.79648],[104.30021,30.79475],[104.30471,30.79283]]},"properties":{"id":"1267701761","name":"北干渠","source":"osm","waterway":"canal"}},{"type":"Feature","geometry":{"type":"LineString","coordinates":[[104.30471,30.79283],[104.30478,30.79284]]},"properties":{"id":"1267701762","name":"北干渠","source":"osm","waterway":"canal"}},{"type":"Feature","geometry":{"type":"LineString","coordinates":[[104.30764,30.78045],[104.30841,30.77883],[104.30995,30.77854],[104.31116,30.77619]]},"properties":{"id":"1267701763","name":"北干渠","source":"osm","waterway":"canal"}},{"type":"Feature","geometry":{"type":"LineString","coordinates":[[104.30779,30.78068],[104.30764,30.78045]]},"properties":{"id":"1267701764","name":"北干渠","source":"osm","waterway":"canal"}},{"type":"Feature","geometry":{"type":"LineString","coordinates":[[104.30478,30.79284],[104.30929,30.79437],[104.30982,30.79153],[104.31073,30.79081],[104.31034,30.78952]]},"properties":{"id":"1267701765","name":"北干渠","source":"osm","waterway":"canal"}},{"type":"Feature","geometry":{"type":"LineString","coordinates":[[104.31034,30.78952],[104.31038,30.78944]]},"properties":{"id":"1267701766","name":"北干渠","source":"osm","waterway":"canal"}},{"type":"Feature","geometry":{"type":"LineString","coordinates":[[104.31038,30.78944],[104.31099,30.78681],[104.31255,30.78609]]},"properties":{"id":"1267701767","name":"北干渠","source":"osm","waterway":"canal"}},{"type":"Feature","geometry":{"type":"LineString","coordinates":[[104.31255,30.78609],[104.31251,30.786]]},"properties":{"id":"1267701768","name":"北干渠","source":"osm","waterway":"canal"}},{"type":"Feature","geometry":{"type":"LineString","coordinates":[[104.28296,30.79893],[104.28589,30.79996],[104.28757,30.79959]]},"properties":{"id":"1267701769","name":"北干渠","source":"osm","waterway":"canal"}},{"type":"Feature","geometry":{"type":"LineString","coordinates":[[104.28269,30.79883],[104.28296,30.79893]]},"properties":{"id":"1267701770","name":"北干渠","source":"osm","waterway":"canal"}},{"type":"Feature","geometry":{"type":"LineString","coordinates":[[104.16404,30.73444],[104.16413,30.73442]]},"properties":{"id":"1267701771","name":"北支一支渠","source":"osm","waterway":"canal"}},{"type":"Feature","geometry":{"type":"LineString","coordinates":[[104.16413,30.73442],[104.1642,30.73441]]},"properties":{"id":"1267701772","name":"北支一支渠","source":"osm","waterway":"canal"}},{"type":"Feature","geometry":{"type":"LineString","coordinates":[[104.20144,30.73873],[104.2032,30.74105]]},"properties":{"id":"1267701773","name":"北支一支渠","source":"osm","waterway":"canal"}},{"type":"Feature","geometry":{"type":"LineString","coordinates":[[104.2032,30.74105],[104.20337,30.74117]]},"properties":{"id":"1267701774","name":"北支一支渠","source":"osm","waterway":"canal"}},{"type":"Feature","geometry":{"type":"LineString","coordinates":[[104.20337,30.74117],[104.20441,30.74168],[104.20637,30.74096]]},"properties":{"id":"1267701775","name":"北支一支渠","source":"osm","waterway":"canal"}},{"type":"Feature","geometry":{"type":"LineString","coordinates":[[104.20637,30.74096],[104.20659,30.74087]]},"properties":{"id":"1267701776","name":"北支一支渠","source":"osm","waterway":"canal"}},{"type":"Feature","geometry":{"type":"LineString","coordinates":[[104.20659,30.74087],[104.21258,30.74202]]},"properties":{"id":"1267701779","name":"北支一支渠","source":"osm","waterway":"canal"}},{"type":"Feature","geometry":{"type":"LineString","coordinates":[[104.21258,30.74202],[104.21302,30.74185]]},"properties":{"id":"1267701780","name":"北支一支渠","source":"osm","waterway":"canal"}},{"type":"Feature","geometry":{"type":"LineString","coordinates":[[104.21302,30.74185],[104.21334,30.74172]]},"properties":{"id":"1267701781","name":"北支一支渠","source":"osm","waterway":"canal"}},{"type":"Feature","geometry":{"type":"LineString","coordinates":[[104.21334,30.74172],[104.21366,30.7416]]},"properties":{"id":"1267701782","name":"北支一支渠","source":"osm","waterway":"canal"}},{"type":"Feature","geometry":{"type":"LineString","coordinates":[[104.21337,30.7418],[104.21372,30.74166]]},"properties":{"id":"1267701783","name":"北支一支渠","source":"osm","waterway":"canal"}},{"type":"Feature","geometry":{"type":"LineString","coordinates":[[104.2119,30.74224],[104.21261,30.74208]]},"properties":{"id":"1267701784","name":"北支一支渠","source":"osm","waterway":"canal"}},{"type":"Feature","geometry":{"type":"LineString","coordinates":[[104.21261,30.74208],[104.21304,30.74192]]},"properties":{"id":"1267701785","name":"北支一支渠","source":"osm","waterway":"canal"}},{"type":"Feature","geometry":{"type":"LineString","coordinates":[[104.21304,30.74192],[104.21337,30.7418]]},"properties":{"id":"1267701786","name":"北支一支渠","source":"osm","waterway":"canal"}},{"type":"Feature","geometry":{"type":"LineString","coordinates":[[104.21386,30.74161],[104.21396,30.74149]]},"properties":{"id":"1267701787","name":"北支一支渠","source":"osm","waterway":"canal"}},{"type":"Feature","geometry":{"type":"LineString","coordinates":[[104.21376,30.74165],[104.21386,30.74161]]},"properties":{"id":"1267701788","name":"北支一支渠","source":"osm","waterway":"canal"}},{"type":"Feature","geometry":{"type":"LineString","coordinates":[[104.21372,30.74166],[104.21376,30.74165]]},"properties":{"id":"1267701789","name":"北支一支渠","source":"osm","waterway":"canal"}},{"type":"Feature","geometry":{"type":"LineString","coordinates":[[104.21371,30.74158],[104.21382,30.74154]]},"properties":{"id":"1267701790","name":"北支一支渠","source":"osm","waterway":"canal"}},{"type":"Feature","geometry":{"type":"LineString","coordinates":[[104.21366,30.7416],[104.21371,30.74158]]},"properties":{"id":"1267701791","name":"北支一支渠","source":"osm","waterway":"canal"}},{"type":"Feature","geometry":{"type":"LineString","coordinates":[[104.21382,30.74154],[104.21648,30.74157]]},"properties":{"id":"1267701792","name":"北支一支渠","source":"osm","waterway":"canal"}},{"type":"Feature","geometry":{"type":"LineString","coordinates":[[104.21648,30.74157],[104.21721,30.74179]]},"properties":{"id":"1267701793","name":"北支一支渠","source":"osm","waterway":"canal"}},{"type":"Feature","geometry":{"type":"LineString","coordinates":[[104.2484,30.74948],[104.25378,30.75183],[104.25576,30.75647],[104.25756,30.7581],[104.26135,30.75842],[104.26275,30.7604],[104.2658,30.76038]]},"properties":{"id":"1267701795","name":"北支一支渠","source":"osm","waterway":"canal"}},{"type":"Feature","geometry":{"type":"LineString","coordinates":[[104.24781,30.7493],[104.2484,30.74948]]},"properties":{"id":"1267701796","name":"北支一支渠","source":"osm","waterway":"canal"}},{"type":"Feature","geometry":{"type":"LineString","coordinates":[[104.23955,30.74849],[104.24272,30.74758],[104.24781,30.7493]]},"properties":{"id":"1267701799","name":"北支一支渠","source":"osm","waterway":"canal"}},{"type":"Feature","geometry":{"type":"LineString","coordinates":[[104.23929,30.74856],[104.23955,30.74849]]},"properties":{"id":"1267701800","name":"北支一支渠","source":"osm","waterway":"canal"}},{"type":"Feature","geometry":{"type":"LineString","coordinates":[[104.27003,30.75835],[104.27324,30.75731],[104.27528,30.75796],[104.27463,30.75918]]},"properties":{"id":"1267701809","name":"北支一支渠","source":"osm","waterway":"canal"}},{"type":"Feature","geometry":{"type":"LineString","coordinates":[[104.2658,30.76038],[104.26751,30.75921]]},"properties":{"id":"1267701810","name":"北支一支渠","source":"osm","waterway":"canal"}},{"type":"Feature","geometry":{"type":"LineString","coordinates":[[104.26751,30.75921],[104.26764,30.75914]]},"properties":{"id":"1267701811","name":"北支一支渠","source":"osm","waterway":"canal"}},{"type":"Feature","geometry":{"type":"LineString","coordinates":[[104.26764,30.75914],[104.26965,30.75847]]},"properties":{"id":"1267701812","name":"北支一支渠","source":"osm","waterway":"canal"}},{"type":"Feature","geometry":{"type":"LineString","coordinates":[[104.26965,30.75847],[104.27003,30.75835]]},"properties":{"id":"1267701813","name":"北支一支渠","source":"osm","waterway":"canal"}},{"type":"Feature","geometry":{"type":"LineString","coordinates":[[104.10074,30.48023],[104.09947,30.47881],[104.09984,30.47723],[104.09858,30.472]]},"properties":{"id":"1267830583","name":"老南干渠","source":"osm","waterway":"canal"}},{"type":"Feature","geometry":{"type":"LineString","coordinates":[[104.09858,30.472],[104.0978,30.47144]]},"properties":{"id":"1267830584","name":"老南干渠","source":"osm","waterway":"canal"}},{"type":"Feature","geometry":{"type":"LineString","coordinates":[[104.15334,30.68226],[104.1537,30.6819]]},"properties":{"id":"1269005102","name":"清水河","source":"osm","waterway":"stream"}},{"type":"Feature","geometry":{"type":"LineString","coordinates":[[104.07974,30.46943],[104.07961,30.46878]]},"properties":{"id":"1283252865","name":"老南干渠","source":"osm","waterway":"canal"}},{"type":"Feature","geometry":{"type":"LineString","coordinates":[[104.07961,30.46878],[104.07896,30.46873]]},"properties":{"id":"1283252866","name":"老南干渠","source":"osm","waterway":"canal"}},{"type":"Feature","geometry":{"type":"LineString","coordinates":[[104.06018,30.62691],[104.06094,30.62674]]},"properties":{"id":"1285599772","name":"火烧堰","source":"osm","waterway":"stream"}},{"type":"Feature","geometry":{"type":"LineString","coordinates":[[103.73465,30.58963],[103.7315,30.58839],[103.73078,30.58762],[103.73122,30.58678]]},"properties":{"id":"1286184110","name":"黑水河","source":"osm","waterway":"river"}},{"type":"Feature","geometry":{"type":"LineString","coordinates":[[104.3535,30.71647],[104.37828,30.71224],[104.43228,30.70625],[104.4478,30.70377],[104.46756,30.69643],[104.47112,30.69064]]},"properties":{"id":"1287037951","name":"毗河供水工程","source":"osm","waterway":"canal"}},{"type":"Feature","geometry":{"type":"LineString","coordinates":[[104.35212,30.7172],[104.3535,30.71647]]},"properties":{"id":"1287037953","name":"毗河供水工程","source":"osm","waterway":"canal"}},{"type":"Feature","geometry":{"type":"LineString","coordinates":[[104.34222,30.71689],[104.34911,30.71791],[104.35212,30.7172]]},"properties":{"id":"1287037954","name":"毗河供水工程","source":"osm","waterway":"canal"}},{"type":"Feature","geometry":{"type":"LineString","coordinates":[[104.33025,30.71716],[104.34222,30.71689]]},"properties":{"id":"1287037955","name":"毗河供水工程","source":"osm","waterway":"canal"}},{"type":"Feature","geometry":{"type":"LineString","coordinates":[[104.32189,30.72054],[104.32609,30.71646],[104.33025,30.71716]]},"properties":{"id":"1287037956","name":"毗河供水工程","source":"osm","waterway":"canal"}},{"type":"Feature","geometry":{"type":"LineString","coordinates":[[104.19375,30.78219],[104.19577,30.77504],[104.2051,30.76793],[104.20917,30.76605],[104.21303,30.76197],[104.21952,30.75709]]},"properties":{"id":"1287037957","name":"毗河供水工程","source":"osm","waterway":"canal"}},{"type":"Feature","geometry":{"type":"LineString","coordinates":[[104.19347,30.78326],[104.19375,30.78219]]},"properties":{"id":"1287037958","name":"毗河供水工程","source":"osm","waterway":"canal"}},{"type":"Feature","geometry":{"type":"LineString","coordinates":[[104.19343,30.78375],[104.19347,30.78326]]},"properties":{"id":"1287037959","name":"毗河供水工程","source":"osm","waterway":"canal"}},{"type":"Feature","geometry":{"type":"LineString","coordinates":[[104.30254,30.73114],[104.31046,30.73045]]},"properties":{"id":"1287037964","name":"毗河供水工程","source":"osm","waterway":"canal"}},{"type":"Feature","geometry":{"type":"LineString","coordinates":[[104.29038,30.7326],[104.29102,30.73158],[104.29678,30.73196],[104.30254,30.73114]]},"properties":{"id":"1287037965","name":"毗河供水工程","source":"osm","waterway":"canal"}},{"type":"Feature","geometry":{"type":"LineString","coordinates":[[104.24615,30.75042],[104.24954,30.75046],[104.253,30.74869]]},"properties":{"id":"1287037972","name":"毗河供水工程","source":"osm","waterway":"canal"}},{"type":"Feature","geometry":{"type":"LineString","coordinates":[[104.00711,30.53733],[104.01041,30.537],[104.01315,30.53768],[104.01745,30.53567],[104.01807,30.53387],[104.01706,30.52815],[104.01739,30.52482]]},"properties":{"id":"1293441135","name":"江安河","source":"osm","waterway":"river"}},{"type":"Feature","geometry":{"type":"LineString","coordinates":[[104.00699,30.53734],[104.00711,30.53733]]},"properties":{"id":"1293441136","name":"江安河","source":"osm","waterway":"river"}},{"type":"Feature","geometry":{"type":"LineString","coordinates":[[103.99605,30.82426],[104.00222,30.82274],[104.00287,30.82079],[104.00906,30.81992],[104.01417,30.81707],[104.01332,30.81603],[104.01379,30.81517]]},"properties":{"id":"1303892640","name":"海边堰","source":"osm","waterway":"stream"}},{"type":"Feature","geometry":{"type":"LineString","coordinates":[[104.01379,30.81517],[104.01384,30.81506]]},"properties":{"id":"1303892641","name":"海边堰","source":"osm","waterway":"stream"}},{"type":"Feature","geometry":{"type":"LineString","coordinates":[[104.01384,30.81506],[104.01468,30.81416],[104.01412,30.81192],[104.01617,30.81117],[104.01615,30.80887],[104.02303,30.80718]]},"properties":{"id":"1303892644","name":"海边堰","source":"osm","waterway":"stream"}},{"type":"Feature","geometry":{"type":"LineString","coordinates":[[104.02303,30.80718],[104.02346,30.80739]]},"properties":{"id":"1303892645","name":"海边堰","source":"osm","waterway":"stream"}},{"type":"Feature","geometry":{"type":"LineString","coordinates":[[104.02346,30.80739],[104.02466,30.80743],[104.02554,30.80596],[104.02664,30.80642],[104.02908,30.80514]]},"properties":{"id":"1303892647","name":"海边堰","source":"osm","waterway":"stream"}},{"type":"Feature","geometry":{"type":"LineString","coordinates":[[104.02908,30.80514],[104.03095,30.8053]]},"properties":{"id":"1303892648","name":"海边堰","source":"osm","waterway":"stream"}},{"type":"Feature","geometry":{"type":"LineString","coordinates":[[104.03095,30.8053],[104.03241,30.80612],[104.03274,30.80499],[104.03804,30.80405]]},"properties":{"id":"1303892649","name":"海边堰","source":"osm","waterway":"stream"}},{"type":"Feature","geometry":{"type":"LineString","coordinates":[[104.03804,30.80405],[104.03827,30.80397]]},"properties":{"id":"1303892650","name":"海边堰","source":"osm","waterway":"stream"}},{"type":"Feature","geometry":{"type":"LineString","coordinates":[[104.03827,30.80397],[104.04159,30.80267],[104.04066,30.8012]]},"properties":{"id":"1303892653","name":"海边堰","source":"osm","waterway":"stream"}},{"type":"Feature","geometry":{"type":"LineString","coordinates":[[104.04066,30.8012],[104.04069,30.80112]]},"properties":{"id":"1303892654","name":"海边堰","source":"osm","waterway":"stream"}},{"type":"Feature","geometry":{"type":"LineString","coordinates":[[104.04069,30.80112],[104.04353,30.79865]]},"properties":{"id":"1303892655","name":"海边堰","source":"osm","waterway":"stream"}},{"type":"Feature","geometry":{"type":"LineString","coordinates":[[104.04353,30.79865],[104.04364,30.79859]]},"properties":{"id":"1303892656","name":"海边堰","source":"osm","waterway":"stream"}},{"type":"Feature","geometry":{"type":"LineString","coordinates":[[104.04364,30.79859],[104.04947,30.79513]]},"properties":{"id":"1303892657","name":"海边堰","source":"osm","waterway":"stream"}},{"type":"Feature","geometry":{"type":"LineString","coordinates":[[104.04947,30.79513],[104.04958,30.79507]]},"properties":{"id":"1303892658","name":"海边堰","source":"osm","waterway":"stream"}},{"type":"Feature","geometry":{"type":"LineString","coordinates":[[104.06484,30.79264],[104.06666,30.79466]]},"properties":{"id":"1303892659","name":"海边堰","source":"osm","waterway":"stream"}},{"type":"Feature","geometry":{"type":"LineString","coordinates":[[104.0647,30.79253],[104.06484,30.79264]]},"properties":{"id":"1303892660","name":"海边堰","source":"osm","waterway":"stream"}},{"type":"Feature","geometry":{"type":"LineString","coordinates":[[104.00403,30.87052],[104.00541,30.87027],[104.00988,30.86462],[104.01224,30.86297],[104.01699,30.86254]]},"properties":{"id":"1303892676","name":"老锦水河","source":"osm","waterway":"stream"}},{"type":"Feature","geometry":{"type":"LineString","coordinates":[[104.02752,30.85782],[104.02781,30.85771]]},"properties":{"id":"1303892677","name":"老锦水河","source":"osm","waterway":"stream"}},{"type":"Feature","geometry":{"type":"LineString","coordinates":[[104.02045,30.86063],[104.02752,30.85782]]},"properties":{"id":"1303892678","name":"老锦水河","source":"osm","waterway":"stream"}},{"type":"Feature","geometry":{"type":"LineString","coordinates":[[104.01699,30.86254],[104.01717,30.86246]]},"properties":{"id":"1303892679","name":"老锦水河","source":"osm","waterway":"stream"}},{"type":"Feature","geometry":{"type":"LineString","coordinates":[[104.01717,30.86246],[104.02007,30.86084]]},"properties":{"id":"1303892680","name":"老锦水河","source":"osm","waterway":"stream"}},{"type":"Feature","geometry":{"type":"LineString","coordinates":[[104.02007,30.86084],[104.02045,30.86063]]},"properties":{"id":"1303892681","name":"老锦水河","source":"osm","waterway":"stream"}},{"type":"Feature","geometry":{"type":"LineString","coordinates":[[103.95948,30.56384],[103.95901,30.56036]]},"properties":{"id":"1304218283","name":"牧山干渠","source":"osm","waterway":"canal"}},{"type":"Feature","geometry":{"type":"LineString","coordinates":[[103.95901,30.56036],[103.95908,30.55987]]},"properties":{"id":"1304218284","name":"牧山干渠","source":"osm","waterway":"canal"}},{"type":"Feature","geometry":{"type":"LineString","coordinates":[[103.9111,30.68531],[103.90832,30.68103]]},"properties":{"id":"1305082665","name":"排洪河","source":"osm","waterway":"canal"}},{"type":"Feature","geometry":{"type":"LineString","coordinates":[[104.25305,30.6891],[104.25332,30.69063],[104.25173,30.69113],[104.25044,30.69304],[104.25167,30.69472],[104.25386,30.6952],[104.25408,30.69638]]},"properties":{"id":"1307019688","name":"西江河","source":"osm","waterway":"river"}},{"type":"Feature","geometry":{"type":"LineString","coordinates":[[104.00104,30.74026],[104.00146,30.74046]]},"properties":{"id":"1307278367","name":"金牛支渠","source":"osm","waterway":"canal"}},{"type":"Feature","geometry":{"type":"LineString","coordinates":[[103.99658,30.7386],[103.99663,30.73857]]},"properties":{"id":"1307278392","name":"金牛五斗渠","source":"osm","waterway":"canal"}},{"type":"Feature","geometry":{"type":"LineString","coordinates":[[103.99663,30.73857],[103.99732,30.73816]]},"properties":{"id":"1307278393","name":"金牛五斗渠","source":"osm","waterway":"canal"}},{"type":"Feature","geometry":{"type":"LineString","coordinates":[[103.99732,30.73816],[103.99851,30.73848],[103.99906,30.73717],[104.00149,30.73569]]},"properties":{"id":"1307278394","name":"金牛五斗渠","source":"osm","waterway":"canal"}},{"type":"Feature","geometry":{"type":"LineString","coordinates":[[104.00149,30.73569],[104.00161,30.73562]]},"properties":{"id":"1307278395","name":"金牛五斗渠","source":"osm","waterway":"canal"}},{"type":"Feature","geometry":{"type":"LineString","coordinates":[[104.00161,30.73562],[104.00587,30.73316]]},"properties":{"id":"1307278396","name":"金牛五斗渠","source":"osm","waterway":"canal"}},{"type":"Feature","geometry":{"type":"LineString","coordinates":[[104.01276,30.72852],[104.01424,30.72718]]},"properties":{"id":"1307278397","name":"金牛五斗渠","source":"osm","waterway":"canal"}},{"type":"Feature","geometry":{"type":"LineString","coordinates":[[104.19113,30.4643],[104.19136,30.46119],[104.1897,30.459],[104.18941,30.45403],[104.18757,30.44971],[104.17812,30.44751],[104.17691,30.44611],[104.17722,30.44432]]},"properties":{"id":"1311796268","name":"东风渠","source":"osm","waterway":"canal"}},{"type":"Feature","geometry":{"type":"LineString","coordinates":[[104.17722,30.44432],[104.17817,30.4428]]},"properties":{"id":"1311796269","name":"东风渠","source":"osm","waterway":"canal"}},{"type":"Feature","geometry":{"type":"LineString","coordinates":[[104.198,30.49241],[104.19557,30.49067],[104.1927,30.4916],[104.1928,30.48756],[104.18764,30.48713],[104.18786,30.48627],[104.18901,30.48599],[104.18882,30.48468],[104.18389,30.48316],[104.1795,30.48341],[104.17926,30.48222],[104.18035,30.4814],[104.17933,30.48028],[104.17785,30.48082],[104.17616,30.48003],[104.1745,30.48183],[104.17518,30.48301],[104.17268,30.48285],[104.17112,30.47951],[104.16973,30.47938],[104.16635,30.47482],[104.16259,30.47383],[104.16204,30.47233],[104.1635,30.47197],[104.16426,30.47044],[104.16319,30.46797],[104.16155,30.46706],[104.15951,30.46963],[104.15716,30.46925],[104.15669,30.4661],[104.1547,30.46642],[104.15382,30.46552],[104.15339,30.46401],[104.15469,30.46244],[104.15409,30.46097],[104.15122,30.45862],[104.14914,30.45972],[104.14824,30.45931],[104.14755,30.45712],[104.15043,30.45628],[104.14949,30.45114],[104.15219,30.4496],[104.15702,30.44303],[104.15652,30.44158]]},"properties":{"id":"1311966517","name":"鹿溪河","source":"osm","waterway":"river"}},{"type":"Feature","geometry":{"type":"LineString","coordinates":[[104.15652,30.44158],[104.15069,30.43871],[104.14957,30.43712],[104.14792,30.43678]]},"properties":{"id":"1311966518","name":"鹿溪河","source":"osm","waterway":"river"}},{"type":"Feature","geometry":{"type":"LineString","coordinates":[[104.23312,30.74429],[104.23367,30.74611],[104.2331,30.74843],[104.23679,30.74798],[104.23929,30.74856]]},"properties":{"id":"1315093765","name":"北支一支渠","source":"osm","waterway":"canal"}},{"type":"Feature","geometry":{"type":"LineString","coordinates":[[104.23302,30.74401],[104.23312,30.74429]]},"properties":{"id":"1315093766","name":"北支一支渠","source":"osm","waterway":"canal"}},{"type":"Feature","geometry":{"type":"LineString","coordinates":[[103.72389,30.84403],[103.72622,30.84338],[103.72923,30.8391],[103.73363,30.8393],[103.74197,30.83461],[103.7489,30.83301],[103.7504,30.82968],[103.75582,30.82719],[103.75621,30.82382],[103.75883,30.8176],[103.76409,30.81439],[103.76598,30.81071],[103.76855,30.81017],[103.7731,30.81207],[103.77636,30.81147],[103.78028,30.81327],[103.78557,30.80899],[103.78624,30.80782],[103.7864,30.80217],[103.78935,30.80018],[103.78965,30.7965],[103.79248,30.79453],[103.79609,30.78896],[103.79419,30.7847],[103.80207,30.781],[103.80209,30.77988],[103.79912,30.77929],[103.8001,30.77499],[103.80158,30.77409],[103.80355,30.77559],[103.80612,30.77182],[103.80823,30.77149],[103.81073,30.77219],[103.81118,30.77167],[103.81107,30.7685],[103.80838,30.7668],[103.80788,30.76547],[103.81136,30.76407],[103.81274,30.76155],[103.81586,30.76141],[103.81666,30.7607],[103.81631,30.75665],[103.81944,30.7557],[103.81871,30.75428],[103.81868,30.74981],[103.82093,30.74319],[103.82212,30.74266],[103.82446,30.74356],[103.82524,30.74297],[103.82425,30.74129],[103.82183,30.74033],[103.82163,30.73955],[103.82598,30.73643],[103.82473,30.73441],[103.82563,30.73301],[103.83094,30.73041],[103.82991,30.72717],[103.83298,30.72447],[103.83634,30.71735],[103.84036,30.7126],[103.83896,30.70806],[103.84302,30.70619],[103.84288,30.70351],[103.84565,30.70097],[103.84592,30.69969]]},"properties":{"id":"133611432","name":"江安河","source":"osm","waterway":"river"}},{"type":"Feature","geometry":{"type":"LineString","coordinates":[[103.61918,30.99715],[103.619,30.9922],[103.62025,30.98812],[103.62365,30.98364],[103.62349,30.98116],[103.62631,30.97561],[103.62707,30.97002],[103.63194,30.96526],[103.63251,30.96085],[103.63496,30.95797],[103.63556,30.95542],[103.63686,30.95441],[103.6405,30.94752],[103.64593,30.94455],[103.64735,30.94264],[103.64904,30.93937],[103.64894,30.93741],[103.65072,30.93153],[103.66122,30.92392],[103.66816,30.91727],[103.67333,30.91355],[103.67543,30.90865],[103.68691,30.89786],[103.68964,30.89392],[103.69199,30.88632],[103.69458,30.88245],[103.69859,30.88047],[103.69993,30.87556],[103.704,30.87399],[103.70726,30.86986],[103.71119,30.86735]]},"properties":{"id":"133641431","name":"江安河","source":"osm","waterway":"river"}},{"type":"Feature","geometry":{"type":"LineString","coordinates":[[104.01423,30.76463],[104.01904,30.76609],[104.0295,30.7645],[104.04019,30.75788],[104.04501,30.75706],[104.04777,30.75459],[104.05187,30.7538],[104.057,30.75068],[104.06343,30.74459]]},"properties":{"id":"1346850842","name":"东风渠","source":"osm","waterway":"canal"}},{"type":"Feature","geometry":{"type":"LineString","coordinates":[[104.06343,30.74459],[104.06803,30.7429],[104.06955,30.74477],[104.07278,30.74645],[104.08181,30.74857],[104.0857,30.74699],[104.0881,30.74712],[104.09003,30.74445],[104.09219,30.74512],[104.09245,30.74625],[104.09398,30.74697],[104.09552,30.74625],[104.10438,30.74686],[104.10808,30.74452],[104.1071,30.7419],[104.11091,30.7406],[104.11205,30.73646],[104.11057,30.73226],[104.11087,30.7305],[104.11277,30.73034],[104.11435,30.7324],[104.11859,30.73121],[104.1226,30.73114],[104.12611,30.72982],[104.12611,30.72896],[104.12304,30.72689],[104.12201,30.72434],[104.12904,30.72208]]},"properties":{"id":"1346850843","name":"东风渠","source":"osm","waterway":"canal"}},{"type":"Feature","geometry":{"type":"LineString","coordinates":[[104.15107,30.69912],[104.15384,30.69964]]},"properties":{"id":"1346861310","name":"南支一渠","source":"osm","waterway":"canal"}},{"type":"Feature","geometry":{"type":"LineString","coordinates":[[104.15384,30.69964],[104.15431,30.69989]]},"properties":{"id":"1346861311","name":"南支一渠","source":"osm","waterway":"canal"}},{"type":"Feature","geometry":{"type":"LineString","coordinates":[[104.15036,30.6989],[104.15069,30.69899]]},"properties":{"id":"1346861312","name":"南支一渠","source":"osm","waterway":"canal"}},{"type":"Feature","geometry":{"type":"LineString","coordinates":[[104.15069,30.69899],[104.15107,30.69912]]},"properties":{"id":"1346861313","name":"南支一渠","source":"osm","waterway":"canal"}},{"type":"Feature","geometry":{"type":"LineString","coordinates":[[104.15431,30.69989],[104.15654,30.7021],[104.15727,30.70208],[104.15753,30.70075]]},"properties":{"id":"1346861314","name":"南支一渠","source":"osm","waterway":"canal"}},{"type":"Feature","geometry":{"type":"LineString","coordinates":[[104.15753,30.70075],[104.15788,30.70064]]},"properties":{"id":"1346861315","name":"南支一渠","source":"osm","waterway":"canal"}},{"type":"Feature","geometry":{"type":"LineString","coordinates":[[104.15788,30.70064],[104.15803,30.69996]]},"properties":{"id":"1346861316","name":"南支一渠","source":"osm","waterway":"canal"}},{"type":"Feature","geometry":{"type":"LineString","coordinates":[[104.15803,30.69996],[104.15888,30.69935]]},"properties":{"id":"1346861317","name":"南支一渠","source":"osm","waterway":"canal"}},{"type":"Feature","geometry":{"type":"LineString","coordinates":[[104.15947,30.69907],[104.15975,30.69902]]},"properties":{"id":"1346861318","name":"南支一渠","source":"osm","waterway":"canal"}},{"type":"Feature","geometry":{"type":"LineString","coordinates":[[104.15888,30.69935],[104.15947,30.69907]]},"properties":{"id":"1346861319","name":"南支一渠","source":"osm","waterway":"canal"}},{"type":"Feature","geometry":{"type":"LineString","coordinates":[[104.18347,30.67928],[104.18364,30.67685]]},"properties":{"id":"1346861320","name":"南支一渠","source":"osm","waterway":"canal"}},{"type":"Feature","geometry":{"type":"LineString","coordinates":[[104.18509,30.67522],[104.18529,30.67517]]},"properties":{"id":"1346861321","name":"南支一渠","source":"osm","waterway":"canal"}},{"type":"Feature","geometry":{"type":"LineString","coordinates":[[104.18529,30.67517],[104.18702,30.67581],[104.18865,30.67523]]},"properties":{"id":"1346861322","name":"南支一渠","source":"osm","waterway":"canal"}},{"type":"Feature","geometry":{"type":"LineString","coordinates":[[104.18865,30.67523],[104.18891,30.67449]]},"properties":{"id":"1346861323","name":"南支一渠","source":"osm","waterway":"canal"}},{"type":"Feature","geometry":{"type":"LineString","coordinates":[[104.18891,30.67449],[104.19243,30.67237]]},"properties":{"id":"1346861324","name":"南支一渠","source":"osm","waterway":"canal"}},{"type":"Feature","geometry":{"type":"LineString","coordinates":[[104.19243,30.67237],[104.1925,30.6723]]},"properties":{"id":"1346861325","name":"南支一渠","source":"osm","waterway":"canal"}},{"type":"Feature","geometry":{"type":"LineString","coordinates":[[104.1925,30.6723],[104.19602,30.6679],[104.19768,30.66769],[104.19911,30.66585],[104.2025,30.66558]]},"properties":{"id":"1346861326","name":"南支一渠","source":"osm","waterway":"canal"}},{"type":"Feature","geometry":{"type":"LineString","coordinates":[[104.2025,30.66558],[104.20269,30.66555]]},"properties":{"id":"1346861327","name":"南支一渠","source":"osm","waterway":"canal"}},{"type":"Feature","geometry":{"type":"LineString","coordinates":[[104.20269,30.66555],[104.20335,30.66535]]},"properties":{"id":"1346861328","name":"南支一渠","source":"osm","waterway":"canal"}},{"type":"Feature","geometry":{"type":"LineString","coordinates":[[104.20335,30.66535],[104.20355,30.66529]]},"properties":{"id":"1346861329","name":"南支一渠","source":"osm","waterway":"canal"}},{"type":"Feature","geometry":{"type":"LineString","coordinates":[[104.20355,30.66529],[104.20467,30.66515]]},"properties":{"id":"1346861330","name":"南支一渠","source":"osm","waterway":"canal"}},{"type":"Feature","geometry":{"type":"LineString","coordinates":[[104.20467,30.66515],[104.20525,30.66522]]},"properties":{"id":"1346861331","name":"南支一渠","source":"osm","waterway":"canal"}},{"type":"Feature","geometry":{"type":"LineString","coordinates":[[104.20525,30.66522],[104.20522,30.66583]]},"properties":{"id":"1346861332","name":"南支一渠","source":"osm","waterway":"canal"}},{"type":"Feature","geometry":{"type":"LineString","coordinates":[[104.20522,30.66583],[104.20532,30.66589]]},"properties":{"id":"1346861333","name":"南支一渠","source":"osm","waterway":"canal"}},{"type":"Feature","geometry":{"type":"LineString","coordinates":[[104.20532,30.66589],[104.20906,30.66678],[104.21086,30.66634]]},"properties":{"id":"1346861334","name":"南支一渠","source":"osm","waterway":"canal"}},{"type":"Feature","geometry":{"type":"LineString","coordinates":[[104.21086,30.66634],[104.21102,30.6663]]},"properties":{"id":"1346861335","name":"南支一渠","source":"osm","waterway":"canal"}},{"type":"Feature","geometry":{"type":"LineString","coordinates":[[104.1502,30.69887],[104.15036,30.6989]]},"properties":{"id":"1346861336","name":"南支一渠","source":"osm","waterway":"canal"}},{"type":"Feature","geometry":{"type":"LineString","coordinates":[[104.15007,30.69884],[104.1502,30.69887]]},"properties":{"id":"1346861337","name":"南支一渠","source":"osm","waterway":"canal"}},{"type":"Feature","geometry":{"type":"LineString","coordinates":[[104.03964,30.63179],[104.03996,30.63171]]},"properties":{"id":"1347577648","name":"火烧堰","source":"osm","waterway":"stream"}},{"type":"Feature","geometry":{"type":"LineString","coordinates":[[104.03891,30.6318],[104.03964,30.63179]]},"properties":{"id":"1347577649","name":"火烧堰","source":"osm","waterway":"stream"}},{"type":"Feature","geometry":{"type":"LineString","coordinates":[[104.28282,30.85292],[104.28313,30.8527]]},"properties":{"id":"1349001692","name":"鱼箭沟","source":"osm","waterway":"stream"}},{"type":"Feature","geometry":{"type":"LineString","coordinates":[[104.27921,30.85548],[104.28282,30.85292]]},"properties":{"id":"1349001693","name":"鱼箭沟","source":"osm","waterway":"stream"}},{"type":"Feature","geometry":{"type":"LineString","coordinates":[[104.28313,30.8527],[104.28641,30.85038],[104.28459,30.84844],[104.28498,30.8479]]},"properties":{"id":"1349001694","name":"鱼箭沟","source":"osm","waterway":"stream"}},{"type":"Feature","geometry":{"type":"LineString","coordinates":[[104.12239,30.56692],[104.12144,30.56784],[104.1166,30.56746],[104.11518,30.56537],[104.11418,30.56624],[104.11383,30.56542],[104.11218,30.56513]]},"properties":{"id":"136057030","name":"小沙河","source":"osm","waterway":"stream"}},{"type":"Feature","geometry":{"type":"LineString","coordinates":[[104.08159,30.64484],[104.0863,30.64292],[104.08886,30.63958],[104.09175,30.63176],[104.09079,30.62971],[104.08487,30.62902],[104.08217,30.62633],[104.08334,30.62102],[104.08215,30.61792],[104.08408,30.61543],[104.08577,30.60849],[104.08431,30.6049],[104.07928,30.6024],[104.07967,30.59755],[104.08109,30.5941],[104.08021,30.59288],[104.07702,30.59201],[104.07601,30.59008],[104.07583,30.58774],[104.07757,30.58391],[104.07751,30.58222],[104.07106,30.57483],[104.07133,30.57349],[104.07321,30.57209],[104.07783,30.57217],[104.0801,30.57081],[104.07994,30.56873],[104.07698,30.56369],[104.08112,30.55956],[104.0816,30.55517],[104.08014,30.55363],[104.07294,30.55246],[104.07185,30.55125],[104.07388,30.54436],[104.07828,30.54272],[104.0789,30.54048],[104.07657,30.53903],[104.07121,30.53892],[104.0677,30.53561],[104.06287,30.53324],[104.06073,30.5312],[104.0608,30.52777],[104.06575,30.52407],[104.06603,30.52187],[104.05789,30.51671],[104.0561,30.51768],[104.05531,30.51935],[104.05545,30.52305],[104.05469,30.52392],[104.05192,30.52375],[104.05012,30.52243],[104.04834,30.51668],[104.048,30.51226],[104.04487,30.50833],[104.04454,30.50652],[104.04594,30.50468],[104.05087,30.50529],[104.05281,30.5044],[104.05305,30.49924],[104.05475,30.49566]]},"properties":{"id":"1365526373","name":"锦江","source":"osm","waterway":"river"}},{"type":"Feature","geometry":{"type":"LineString","coordinates":[[104.03598,30.65993],[104.04235,30.65975],[104.04481,30.65384],[104.05137,30.6543],[104.05602,30.64965],[104.07538,30.64801],[104.08159,30.64484]]},"properties":{"id":"1365526374","name":"南河","source":"osm","waterway":"river"}},{"type":"Feature","geometry":{"type":"LineString","coordinates":[[104.03045,30.67373],[104.03211,30.6715],[104.03436,30.67152],[104.03746,30.66918]]},"properties":{"id":"1365526376","name":"摸底河","source":"osm","waterway":"river"}},{"type":"Feature","geometry":{"type":"LineString","coordinates":[[104.03018,30.67398],[104.03045,30.67373]]},"properties":{"id":"1365526377","name":"摸底河","source":"osm","waterway":"river"}},{"type":"Feature","geometry":{"type":"LineString","coordinates":[[103.97767,30.67991],[103.97833,30.67891]]},"properties":{"id":"1365526379","name":"苏坡排洪河","source":"osm","waterway":"canal"}},{"type":"Feature","geometry":{"type":"LineString","coordinates":[[103.97833,30.67891],[103.98093,30.67871]]},"properties":{"id":"1365526380","name":"苏坡排洪河","source":"osm","waterway":"canal"}},{"type":"Feature","geometry":{"type":"LineString","coordinates":[[103.97656,30.68068],[103.97767,30.67991]]},"properties":{"id":"1365526381","name":"苏坡排洪河","source":"osm","waterway":"canal"}},{"type":"Feature","geometry":{"type":"LineString","coordinates":[[103.97638,30.68077],[103.97656,30.68068]]},"properties":{"id":"1365526382","name":"苏坡排洪河","source":"osm","waterway":"canal"}},{"type":"Feature","geometry":{"type":"LineString","coordinates":[[103.97355,30.68187],[103.97638,30.68077]]},"properties":{"id":"1365526383","name":"苏坡排洪河","source":"osm","waterway":"canal"}},{"type":"Feature","geometry":{"type":"LineString","coordinates":[[103.8829,30.77118],[103.88298,30.77115]]},"properties":{"id":"1365526384","name":"清水河","source":"osm","waterway":"river"}},{"type":"Feature","geometry":{"type":"LineString","coordinates":[[103.997,30.55611],[103.99784,30.55486],[103.9976,30.55363],[103.99446,30.5526],[103.99572,30.54268],[103.99904,30.53891],[104.00699,30.53734]]},"properties":{"id":"1365534448","name":"江安河","source":"osm","waterway":"river"}},{"type":"Feature","geometry":{"type":"LineString","coordinates":[[103.99687,30.55623],[103.997,30.55611]]},"properties":{"id":"1365534449","name":"江安河","source":"osm","waterway":"river"}},{"type":"Feature","geometry":{"type":"LineString","coordinates":[[103.9602,30.65191],[103.96075,30.65051]]},"properties":{"id":"1365547016","name":"黄堰河","source":"osm","waterway":"stream"}},{"type":"Feature","geometry":{"type":"LineString","coordinates":[[103.96075,30.65051],[103.96075,30.65031]]},"properties":{"id":"1365547017","name":"黄堰河","source":"osm","waterway":"stream"}},{"type":"Feature","geometry":{"type":"LineString","coordinates":[[103.96075,30.65031],[103.96135,30.64897]]},"properties":{"id":"1365547018","name":"黄堰河","source":"osm","waterway":"stream"}},{"type":"Feature","geometry":{"type":"LineString","coordinates":[[103.95664,30.65284],[103.95774,30.65199],[103.95776,30.64968]]},"properties":{"id":"1365547019","name":"三吏堰","source":"osm","waterway":"canal"}},{"type":"Feature","geometry":{"type":"LineString","coordinates":[[103.95592,30.65902],[103.9556,30.65878]]},"properties":{"id":"1365547020","name":"黄堰河","source":"osm","waterway":"stream"}},{"type":"Feature","geometry":{"type":"LineString","coordinates":[[103.95383,30.66264],[103.95614,30.66114],[103.95592,30.65902]]},"properties":{"id":"1365547021","name":"黄堰河","source":"osm","waterway":"stream"}},{"type":"Feature","geometry":{"type":"LineString","coordinates":[[103.95664,30.65284],[103.95918,30.65293],[103.9602,30.65191]]},"properties":{"id":"1365547022","name":"黄堰河","source":"osm","waterway":"stream"}},{"type":"Feature","geometry":{"type":"LineString","coordinates":[[103.9556,30.65878],[103.95628,30.65596],[103.95575,30.6537]]},"properties":{"id":"1365547025","name":"黄堰河","source":"osm","waterway":"stream"}},{"type":"Feature","geometry":{"type":"LineString","coordinates":[[103.95575,30.6537],[103.95664,30.65284]]},"properties":{"id":"1365547026","name":"黄堰河","source":"osm","waterway":"stream"}},{"type":"Feature","geometry":{"type":"LineString","coordinates":[[103.95777,30.64953],[103.95813,30.64876]]},"properties":{"id":"1365547033","name":"三吏堰","source":"osm","waterway":"canal"}},{"type":"Feature","geometry":{"type":"LineString","coordinates":[[103.95776,30.64968],[103.95777,30.64953]]},"properties":{"id":"1365547034","name":"三吏堰","source":"osm","waterway":"canal"}},{"type":"Feature","geometry":{"type":"LineString","coordinates":[[104.0,30.59557],[103.99954,30.59391]]},"properties":{"id":"1366487685","name":"黄堰河","source":"osm","waterway":"stream"}},{"type":"Feature","geometry":{"type":"LineString","coordinates":[[104.00019,30.59649],[104.0,30.59557]]},"properties":{"id":"1366487686","name":"黄堰河","source":"osm","waterway":"stream"}},{"type":"Feature","geometry":{"type":"LineString","coordinates":[[104.34869,30.63352],[104.34854,30.63348]]},"properties":{"id":"1368444372","name":"石堆溪","source":"osm","waterway":"stream"}},{"type":"Feature","geometry":{"type":"LineString","coordinates":[[104.34843,30.63345],[104.34832,30.63342]]},"properties":{"id":"1368444373","name":"石堆溪","source":"osm","waterway":"stream"}},{"type":"Feature","geometry":{"type":"LineString","coordinates":[[104.34854,30.63348],[104.34843,30.63345]]},"properties":{"id":"1368444374","name":"石堆溪","source":"osm","waterway":"stream"}},{"type":"Feature","geometry":{"type":"LineString","coordinates":[[104.34857,30.63614],[104.34848,30.63609]]},"properties":{"id":"1368444379","name":"石头谷","source":"osm","waterway":"stream"}},{"type":"Feature","geometry":{"type":"LineString","coordinates":[[104.28918,30.60043],[104.2885,30.60073]]},"properties":{"id":"1369169982","name":"百工溪","source":"osm","waterway":"stream"}},{"type":"Feature","geometry":{"type":"LineString","coordinates":[[104.12904,30.72208],[104.13543,30.7181],[104.13789,30.71343],[104.14329,30.71254],[104.14575,30.7134],[104.14717,30.71295],[104.14788,30.7093],[104.15027,30.70684],[104.15132,30.70415],[104.15101,30.70165],[104.14977,30.69991],[104.15288,30.69438],[104.15035,30.69196],[104.15009,30.68926],[104.14755,30.68531],[104.14399,30.68351],[104.14294,30.67933],[104.1446,30.6731],[104.14732,30.66882],[104.1502,30.66847],[104.15109,30.66743],[104.15111,30.66508],[104.1527,30.66435],[104.15183,30.66181],[104.15397,30.65917],[104.15633,30.6578],[104.16685,30.65551],[104.16851,30.65338],[104.17034,30.65307],[104.17066,30.64985],[104.17279,30.64988],[104.1751,30.64749],[104.17463,30.64477],[104.1765,30.64366],[104.1753,30.64216],[104.17685,30.64136],[104.18062,30.64133],[104.18297,30.63678],[104.19029,30.63312],[104.19353,30.63362],[104.1949,30.63281],[104.19659,30.62751],[104.19703,30.62208],[104.20023,30.61865],[104.19787,30.61719],[104.1976,30.61464],[104.19306,30.61147],[104.19332,30.60855],[104.19576,30.6057],[104.20165,30.60567],[104.20812,30.6028],[104.2106,30.6037],[104.21249,30.60308],[104.21634,30.59952],[104.22107,30.59873],[104.22089,30.59623],[104.22412,30.58921],[104.2263,30.58737],[104.22631,30.58496]]},"properties":{"id":"137127307","name":"东风渠","source":"osm","waterway":"canal"}},{"type":"Feature","geometry":{"type":"LineString","coordinates":[[104.09692,30.71011],[104.09659,30.70961]]},"properties":{"id":"137133689","name":"凤凰河","source":"osm","waterway":"stream"}},{"type":"Feature","geometry":{"type":"LineString","coordinates":[[104.09646,30.70935],[104.09618,30.70883]]},"properties":{"id":"137133690","name":"凤凰河","source":"osm","waterway":"stream"}},{"type":"Feature","geometry":{"type":"LineString","coordinates":[[104.05418,30.72137],[104.06239,30.72085],[104.06415,30.71748],[104.07004,30.71602]]},"properties":{"id":"137386121","name":"沙河","source":"osm","waterway":"river"}},{"type":"Feature","geometry":{"type":"LineString","coordinates":[[104.07004,30.71602],[104.07296,30.7151],[104.0737,30.71319],[104.07651,30.71165],[104.08332,30.71202],[104.08792,30.70786],[104.08693,30.70447],[104.08796,30.70275],[104.08776,30.70054],[104.0892,30.7001],[104.08858,30.69797],[104.09132,30.69632],[104.0908,30.69452],[104.08887,30.69312],[104.09007,30.69186],[104.08955,30.68987],[104.09382,30.68939],[104.09274,30.68703],[104.09583,30.68538],[104.09488,30.68311],[104.0968,30.68091],[104.10234,30.67897],[104.10249,30.67583],[104.10639,30.67022],[104.10755,30.66629],[104.10903,30.66584],[104.11069,30.66653]]},"properties":{"id":"137386899","name":"沙河","source":"osm","waterway":"river"}},{"type":"Feature","geometry":{"type":"LineString","coordinates":[[104.03793,30.69934],[104.03935,30.69824],[104.03801,30.69458]]},"properties":{"id":"1374195007","name":"茅草堰","source":"osm","waterway":"canal"}},{"type":"Feature","geometry":{"type":"LineString","coordinates":[[104.03464,30.70177],[104.03496,30.70155]]},"properties":{"id":"1374195008","name":"茅草堰","source":"osm","waterway":"canal"}},{"type":"Feature","geometry":{"type":"LineString","coordinates":[[104.0354,30.70122],[104.0359,30.70085]]},"properties":{"id":"1374195009","name":"茅草堰","source":"osm","waterway":"canal"}},{"type":"Feature","geometry":{"type":"LineString","coordinates":[[104.03615,30.70066],[104.0364,30.70048]]},"properties":{"id":"1374195010","name":"茅草堰","source":"osm","waterway":"canal"}},{"type":"Feature","geometry":{"type":"LineString","coordinates":[[104.0364,30.70048],[104.0374,30.69974]]},"properties":{"id":"1374195011","name":"茅草堰","source":"osm","waterway":"canal"}},{"type":"Feature","geometry":{"type":"LineString","coordinates":[[104.0485,30.67345],[104.04843,30.67202]]},"properties":{"id":"1376984053","name":"饮马河","source":"osm","waterway":"stream"}},{"type":"Feature","geometry":{"type":"LineString","coordinates":[[104.04877,30.67392],[104.0485,30.67345]]},"properties":{"id":"1376984054","name":"饮马河","source":"osm","waterway":"stream"}},{"type":"Feature","geometry":{"type":"LineString","coordinates":[[103.7783,30.64209],[103.77869,30.64183]]},"properties":{"id":"1377449070","name":"石鱼河","source":"osm","waterway":"stream"}},{"type":"Feature","geometry":{"type":"LineString","coordinates":[[103.77869,30.64183],[103.78111,30.63654],[103.78244,30.63546],[103.78425,30.63542],[103.78505,30.63411],[103.78631,30.62954],[103.78549,30.62772],[103.78752,30.62142],[103.79304,30.61808],[103.79411,30.61668],[103.79484,30.61238],[103.79636,30.61078],[103.79566,30.60874],[103.79341,30.60862],[103.79359,30.60741]]},"properties":{"id":"1377449071","name":"石鱼河","source":"osm","waterway":"stream"}},{"type":"Feature","geometry":{"type":"LineString","coordinates":[[104.253,30.74869],[104.26283,30.74255],[104.26631,30.74361],[104.27155,30.74372]]},"properties":{"id":"1382897561","name":"毗河供水工程","source":"osm","waterway":"canal"}},{"type":"Feature","geometry":{"type":"LineString","coordinates":[[104.27155,30.74372],[104.27949,30.73912]]},"properties":{"id":"1382897562","name":"毗河供水工程","source":"osm","waterway":"canal"}},{"type":"Feature","geometry":{"type":"LineString","coordinates":[[103.96545,30.76143],[103.96577,30.76126]]},"properties":{"id":"1391334228","name":"马家堰","source":"osm","waterway":"canal"}},{"type":"Feature","geometry":{"type":"LineString","coordinates":[[103.95941,30.76532],[103.96456,30.76203]]},"properties":{"id":"1391334229","name":"马家堰","source":"osm","waterway":"canal"}},{"type":"Feature","geometry":{"type":"LineString","coordinates":[[103.95902,30.7657],[103.95941,30.76532]]},"properties":{"id":"1391334230","name":"马家堰","source":"osm","waterway":"canal"}},{"type":"Feature","geometry":{"type":"LineString","coordinates":[[104.0878,30.51976],[104.08778,30.51634]]},"properties":{"id":"1393496447","name":"大沙江","source":"osm","waterway":"stream"}},{"type":"Feature","geometry":{"type":"LineString","coordinates":[[104.08778,30.51634],[104.08774,30.516]]},"properties":{"id":"1393496448","name":"大沙江","source":"osm","waterway":"stream"}},{"type":"Feature","geometry":{"type":"LineString","coordinates":[[104.17817,30.4428],[104.17872,30.43929],[104.1769,30.43776],[104.17388,30.43685],[104.17104,30.43343],[104.17424,30.43114],[104.17683,30.43153],[104.17778,30.42994]]},"properties":{"id":"1395521681","name":"东风渠","source":"osm","waterway":"canal"}},{"type":"Feature","geometry":{"type":"LineString","coordinates":[[104.17778,30.42994],[104.17801,30.42814]]},"properties":{"id":"1395521682","name":"邓家沟渡槽","source":"osm","waterway":"canal"}},{"type":"Feature","geometry":{"type":"LineString","coordinates":[[104.17732,30.41391],[104.17516,30.41223]]},"properties":{"id":"1395521691","name":"东风渠","source":"osm","waterway":"canal"}},{"type":"Feature","geometry":{"type":"LineString","coordinates":[[104.17831,30.41528],[104.17732,30.41391]]},"properties":{"id":"1395521692","name":"周家坝渡槽","source":"osm","waterway":"canal"}},{"type":"Feature","geometry":{"type":"LineString","coordinates":[[104.08873,30.52275],[104.08836,30.52236]]},"properties":{"id":"1412650625","name":"大沙江","source":"osm","waterway":"stream"}},{"type":"Feature","geometry":{"type":"LineString","coordinates":[[104.08903,30.52303],[104.08873,30.52275]]},"properties":{"id":"1412650626","name":"大沙江","source":"osm","waterway":"stream"}},{"type":"Feature","geometry":{"type":"LineString","coordinates":[[104.12204,30.77497],[104.12215,30.77513]]},"properties":{"id":"1424819938","name":"九道堰","source":"osm","waterway":"river"}},{"type":"Feature","geometry":{"type":"LineString","coordinates":[[104.06811,30.76998],[104.06844,30.76997]]},"properties":{"id":"1424819939","name":"九道堰","source":"osm","waterway":"canal"}},{"type":"Feature","geometry":{"type":"LineString","coordinates":[[104.03456,30.79755],[104.03467,30.79763]]},"properties":{"id":"1424819940","name":"海边堰","source":"osm","waterway":"canal"}},{"type":"Feature","geometry":{"type":"LineString","coordinates":[[104.0342,30.79735],[104.03456,30.79755]]},"properties":{"id":"1424819941","name":"海边堰","source":"osm","waterway":"canal"}},{"type":"Feature","geometry":{"type":"LineString","coordinates":[[104.06844,30.76997],[104.07001,30.76771],[104.06683,30.76691],[104.06746,30.76503],[104.07103,30.76441],[104.07215,30.76594],[104.07253,30.76446],[104.07449,30.76341],[104.07765,30.76456],[104.07794,30.76784],[104.08274,30.76775],[104.08531,30.76967],[104.08689,30.76924]]},"properties":{"id":"1424819942","name":"九道堰","source":"osm","waterway":"canal"}},{"type":"Feature","geometry":{"type":"LineString","coordinates":[[104.06863,30.78255],[104.07284,30.7798],[104.07588,30.78065],[104.07706,30.77967],[104.07716,30.77841]]},"properties":{"id":"1424819961","name":"海边堰","source":"osm","waterway":"canal"}},{"type":"Feature","geometry":{"type":"LineString","coordinates":[[104.06828,30.78284],[104.06863,30.78255]]},"properties":{"id":"1424819962","name":"海边堰","source":"osm","waterway":"canal"}},{"type":"Feature","geometry":{"type":"LineString","coordinates":[[104.02695,30.68314],[104.03036,30.68155],[104.02898,30.67926],[104.03018,30.67398]]},"properties":{"id":"1433536470","name":"摸底河","source":"osm","waterway":"river"}},{"type":"Feature","geometry":{"type":"LineString","coordinates":[[104.02647,30.68354],[104.02695,30.68314]]},"properties":{"id":"1433536471","name":"摸底河","source":"osm","waterway":"river"}},{"type":"Feature","geometry":{"type":"LineString","coordinates":[[103.90989,30.92533],[103.92208,30.91586],[103.92953,30.91264],[103.93401,30.90974],[103.94181,30.90791],[103.94594,30.90424],[103.95483,30.90408],[103.96524,30.89788],[103.98381,30.88987],[104.00051,30.8849],[104.00374,30.88474],[104.01813,30.87952],[104.02554,30.88089],[104.03829,30.87983],[104.03946,30.87891],[104.06507,30.87412],[104.07707,30.87605],[104.10192,30.86961]]},"properties":{"id":"143871066","name":"锦水河分干渠","source":"osm","waterway":"canal"}},{"type":"Feature","geometry":{"type":"LineString","coordinates":[[104.33451,30.70283],[104.33356,30.70606],[104.33096,30.70851],[104.32878,30.71232],[104.32082,30.71561],[104.32134,30.71858]]},"properties":{"id":"1441538681","name":"东干渠","source":"osm","waterway":"canal"}},{"type":"Feature","geometry":{"type":"LineString","coordinates":[[104.32134,30.71858],[104.32139,30.71865]]},"properties":{"id":"1441538682","name":"东干渠","source":"osm","waterway":"canal"}},{"type":"Feature","geometry":{"type":"LineString","coordinates":[[104.01895,30.72263],[104.02276,30.71722]]},"properties":{"id":"1441645662","name":"茅草堰","source":"osm","waterway":"canal"}},{"type":"Feature","geometry":{"type":"LineString","coordinates":[[104.01766,30.72413],[104.01858,30.72291]]},"properties":{"id":"1441645663","name":"茅草堰","source":"osm","waterway":"canal"}},{"type":"Feature","geometry":{"type":"LineString","coordinates":[[104.02361,30.71363],[104.02448,30.71359]]},"properties":{"id":"1441645664","name":"茅草堰","source":"osm","waterway":"canal"}},{"type":"Feature","geometry":{"type":"LineString","coordinates":[[104.02356,30.71371],[104.02361,30.71363]]},"properties":{"id":"1441645665","name":"茅草堰","source":"osm","waterway":"canal"}},{"type":"Feature","geometry":{"type":"LineString","coordinates":[[104.02319,30.71432],[104.02356,30.71371]]},"properties":{"id":"1441645666","name":"茅草堰","source":"osm","waterway":"canal"}},{"type":"Feature","geometry":{"type":"LineString","coordinates":[[104.02315,30.7144],[104.02319,30.71432]]},"properties":{"id":"1441645667","name":"茅草堰","source":"osm","waterway":"canal"}},{"type":"Feature","geometry":{"type":"LineString","coordinates":[[104.02303,30.71487],[104.02315,30.7144]]},"properties":{"id":"1441645668","name":"茅草堰","source":"osm","waterway":"canal"}},{"type":"Feature","geometry":{"type":"LineString","coordinates":[[104.0234,30.7155],[104.02303,30.71487]]},"properties":{"id":"1441645669","name":"茅草堰","source":"osm","waterway":"canal"}},{"type":"Feature","geometry":{"type":"LineString","coordinates":[[104.02321,30.71599],[104.0234,30.7155]]},"properties":{"id":"1441645670","name":"茅草堰","source":"osm","waterway":"canal"}},{"type":"Feature","geometry":{"type":"LineString","coordinates":[[104.02276,30.71722],[104.02321,30.71599]]},"properties":{"id":"1441645671","name":"茅草堰","source":"osm","waterway":"canal"}},{"type":"Feature","geometry":{"type":"LineString","coordinates":[[104.03385,30.70238],[104.03464,30.70177]]},"properties":{"id":"1441645673","name":"茅草堰","source":"osm","waterway":"canal"}},{"type":"Feature","geometry":{"type":"LineString","coordinates":[[104.03361,30.7026],[104.03385,30.70238]]},"properties":{"id":"1441645674","name":"茅草堰","source":"osm","waterway":"canal"}},{"type":"Feature","geometry":{"type":"LineString","coordinates":[[104.03224,30.70401],[104.03361,30.7026]]},"properties":{"id":"1441645675","name":"茅草堰","source":"osm","waterway":"canal"}},{"type":"Feature","geometry":{"type":"LineString","coordinates":[[104.03155,30.7047],[104.03224,30.70401]]},"properties":{"id":"1441645676","name":"茅草堰","source":"osm","waterway":"canal"}},{"type":"Feature","geometry":{"type":"LineString","coordinates":[[104.03118,30.70511],[104.03155,30.7047]]},"properties":{"id":"1441645677","name":"茅草堰","source":"osm","waterway":"canal"}},{"type":"Feature","geometry":{"type":"LineString","coordinates":[[104.02928,30.70718],[104.03118,30.70511]]},"properties":{"id":"1441645678","name":"茅草堰","source":"osm","waterway":"canal"}},{"type":"Feature","geometry":{"type":"LineString","coordinates":[[104.02902,30.7075],[104.02928,30.70718]]},"properties":{"id":"1441645679","name":"茅草堰","source":"osm","waterway":"canal"}},{"type":"Feature","geometry":{"type":"LineString","coordinates":[[104.02817,30.7086],[104.02902,30.7075]]},"properties":{"id":"1441645680","name":"茅草堰","source":"osm","waterway":"canal"}},{"type":"Feature","geometry":{"type":"LineString","coordinates":[[104.02805,30.70876],[104.02817,30.7086]]},"properties":{"id":"1441645681","name":"茅草堰","source":"osm","waterway":"canal"}},{"type":"Feature","geometry":{"type":"LineString","coordinates":[[104.0276,30.70938],[104.02805,30.70876]]},"properties":{"id":"1441645682","name":"茅草堰","source":"osm","waterway":"canal"}},{"type":"Feature","geometry":{"type":"LineString","coordinates":[[104.0274,30.70964],[104.0276,30.70938]]},"properties":{"id":"1441645683","name":"茅草堰","source":"osm","waterway":"canal"}},{"type":"Feature","geometry":{"type":"LineString","coordinates":[[104.02716,30.70994],[104.0274,30.70964]]},"properties":{"id":"1441645684","name":"茅草堰","source":"osm","waterway":"canal"}},{"type":"Feature","geometry":{"type":"LineString","coordinates":[[104.02672,30.71052],[104.02716,30.70994]]},"properties":{"id":"1441645685","name":"茅草堰","source":"osm","waterway":"canal"}},{"type":"Feature","geometry":{"type":"LineString","coordinates":[[104.0259,30.71171],[104.02672,30.71052]]},"properties":{"id":"1441645686","name":"茅草堰","source":"osm","waterway":"canal"}},{"type":"Feature","geometry":{"type":"LineString","coordinates":[[104.02609,30.71191],[104.0259,30.71171]]},"properties":{"id":"1441645687","name":"茅草堰","source":"osm","waterway":"canal"}},{"type":"Feature","geometry":{"type":"LineString","coordinates":[[104.02582,30.71267],[104.02609,30.71191]]},"properties":{"id":"1441645688","name":"茅草堰","source":"osm","waterway":"canal"}},{"type":"Feature","geometry":{"type":"LineString","coordinates":[[104.02448,30.71359],[104.02582,30.71267]]},"properties":{"id":"1441645689","name":"茅草堰","source":"osm","waterway":"canal"}},{"type":"Feature","geometry":{"type":"LineString","coordinates":[[104.01858,30.72291],[104.01887,30.7227]]},"properties":{"id":"1441645690","name":"茅草堰","source":"osm","waterway":"canal"}},{"type":"Feature","geometry":{"type":"LineString","coordinates":[[104.01887,30.7227],[104.01895,30.72263]]},"properties":{"id":"1441645691","name":"茅草堰","source":"osm","waterway":"canal"}},{"type":"Feature","geometry":{"type":"LineString","coordinates":[[104.01626,30.72536],[104.01771,30.72417]]},"properties":{"id":"1441645694","name":"金牛五斗渠","source":"osm","waterway":"canal"}},{"type":"Feature","geometry":{"type":"LineString","coordinates":[[104.02019,30.72559],[104.02021,30.72561]]},"properties":{"id":"1441645695","name":"金牛五斗渠","source":"osm","waterway":"canal"}},{"type":"Feature","geometry":{"type":"LineString","coordinates":[[104.02675,30.72313],[104.02705,30.72276]]},"properties":{"id":"1441645696","name":"马家堰","source":"osm","waterway":"canal"}},{"type":"Feature","geometry":{"type":"LineString","coordinates":[[104.02705,30.72276],[104.02717,30.72261]]},"properties":{"id":"1441645697","name":"马家堰","source":"osm","waterway":"canal"}},{"type":"Feature","geometry":{"type":"LineString","coordinates":[[104.02913,30.72029],[104.03008,30.71882]]},"properties":{"id":"1441645698","name":"马家堰","source":"osm","waterway":"canal"}},{"type":"Feature","geometry":{"type":"LineString","coordinates":[[104.02891,30.72058],[104.02913,30.72029]]},"properties":{"id":"1441645699","name":"马家堰","source":"osm","waterway":"canal"}},{"type":"Feature","geometry":{"type":"LineString","coordinates":[[104.00031,30.74182],[104.00149,30.74049]]},"properties":{"id":"1441645702","name":"马家堰","source":"osm","waterway":"canal"}},{"type":"Feature","geometry":{"type":"LineString","coordinates":[[103.99971,30.74188],[104.00031,30.74182]]},"properties":{"id":"1441645703","name":"马家堰","source":"osm","waterway":"canal"}},{"type":"Feature","geometry":{"type":"LineString","coordinates":[[104.0359,30.70085],[104.03615,30.70066]]},"properties":{"id":"1441645704","name":"茅草堰","source":"osm","waterway":"canal"}},{"type":"Feature","geometry":{"type":"LineString","coordinates":[[104.03496,30.70155],[104.0354,30.70122]]},"properties":{"id":"1441645705","name":"茅草堰","source":"osm","waterway":"canal"}},{"type":"Feature","geometry":{"type":"LineString","coordinates":[[104.0374,30.69974],[104.03793,30.69934]]},"properties":{"id":"1441645706","name":"茅草堰","source":"osm","waterway":"canal"}},{"type":"Feature","geometry":{"type":"LineString","coordinates":[[103.93459,30.58152],[103.93587,30.57946]]},"properties":{"id":"1442097526","name":"三支渠","source":"osm","waterway":"canal"}},{"type":"Feature","geometry":{"type":"LineString","coordinates":[[103.93587,30.57946],[103.93612,30.57907]]},"properties":{"id":"1442097527","name":"三支渠","source":"osm","waterway":"canal"}},{"type":"Feature","geometry":{"type":"LineString","coordinates":[[103.93612,30.57907],[103.93672,30.57812]]},"properties":{"id":"1442097529","name":"三支渠","source":"osm","waterway":"canal"}},{"type":"Feature","geometry":{"type":"LineString","coordinates":[[103.93672,30.57812],[103.93697,30.57772]]},"properties":{"id":"1442097530","name":"三支渠","source":"osm","waterway":"canal"}},{"type":"Feature","geometry":{"type":"LineString","coordinates":[[103.89272,30.5083],[103.89253,30.50843]]},"properties":{"id":"1442109130","name":"牧山干渠","source":"osm","waterway":"canal"}},{"type":"Feature","geometry":{"type":"LineString","coordinates":[[103.89314,30.50817],[103.89272,30.5083]]},"properties":{"id":"1442109131","name":"牧山干渠","source":"osm","waterway":"canal"}},{"type":"Feature","geometry":{"type":"LineString","coordinates":[[103.85283,30.5212],[103.85289,30.51787],[103.85715,30.51065],[103.85833,30.4957]]},"properties":{"id":"1443131617","name":"小白河","source":"osm","waterway":"stream"}},{"type":"Feature","geometry":{"type":"LineString","coordinates":[[103.85301,30.52154],[103.85283,30.5212]]},"properties":{"id":"1443131618","name":"小白河","source":"osm","waterway":"stream"}},{"type":"Feature","geometry":{"type":"LineString","coordinates":[[103.81818,30.8954],[103.83283,30.89508],[103.83711,30.89299],[103.83975,30.89]]},"properties":{"id":"145238838","name":"徐堰河","source":"osm","waterway":"river"}},{"type":"Feature","geometry":{"type":"LineString","coordinates":[[103.99652,30.68886],[104.00083,30.69039],[104.00303,30.68847],[104.00791,30.6884],[104.00911,30.68589],[104.01026,30.6859],[104.0121,30.6843],[104.01319,30.68527],[104.01532,30.68458],[104.01815,30.68612],[104.02211,30.6851],[104.02374,30.68357],[104.02647,30.68354]]},"properties":{"id":"145238847","name":"摸底河","source":"osm","waterway":"river"}},{"type":"Feature","geometry":{"type":"LineString","coordinates":[[103.99569,30.68953],[103.99652,30.68886]]},"properties":{"id":"145238855","name":"摸底河","source":"osm","waterway":"river"}},{"type":"Feature","geometry":{"type":"LineString","coordinates":[[103.86994,30.87861],[103.87703,30.87758]]},"properties":{"id":"145238858","name":"徐堰河","source":"osm","waterway":"canal"}},{"type":"Feature","geometry":{"type":"LineString","coordinates":[[103.84418,30.88758],[103.84709,30.88616],[103.84909,30.88408],[103.85312,30.88279]]},"properties":{"id":"145238863","name":"徐堰河","source":"osm","waterway":"canal"}},{"type":"Feature","geometry":{"type":"LineString","coordinates":[[104.17036,30.86256],[104.17249,30.86277],[104.17343,30.86176],[104.17346,30.86012],[104.17622,30.86049],[104.17649,30.85879],[104.18008,30.85893],[104.18096,30.85716],[104.18273,30.85671],[104.18449,30.85745],[104.18368,30.85851],[104.18432,30.85918],[104.19348,30.85771],[104.1955,30.85808],[104.19597,30.85916],[104.19807,30.85874],[104.20056,30.85938],[104.20826,30.85563],[104.21002,30.85582],[104.21215,30.85379],[104.21305,30.85423],[104.21603,30.85205],[104.21624,30.85031],[104.22365,30.84783],[104.22721,30.84868],[104.23609,30.84514],[104.23986,30.84179],[104.24686,30.83807]]},"properties":{"id":"145238865","name":"绣川河","source":"osm","waterway":"river"}},{"type":"Feature","geometry":{"type":"LineString","coordinates":[[104.32722,30.82097],[104.32913,30.8224],[104.33277,30.82249],[104.3425,30.82854],[104.34956,30.83043],[104.35199,30.83401],[104.34958,30.84183],[104.35329,30.8451],[104.35715,30.84536],[104.3627,30.84911],[104.36496,30.84934],[104.37133,30.84673],[104.37537,30.84741],[104.37623,30.84857],[104.3763,30.85758],[104.38272,30.86335],[104.38682,30.86423],[104.38974,30.86397],[104.39283,30.86138],[104.3961,30.85689],[104.39815,30.85585],[104.40072,30.8565],[104.40281,30.85827],[104.40838,30.85827],[104.40997,30.85759],[104.41352,30.85366],[104.41647,30.85294],[104.41944,30.85343],[104.42168,30.85177],[104.42353,30.84844],[104.42543,30.84762],[104.42783,30.84906],[104.42951,30.85472],[104.43161,30.85566]]},"properties":{"id":"145238866","name":"毗河","source":"osm","waterway":"river"}},{"type":"Feature","geometry":{"type":"LineString","coordinates":[[104.10165,30.79282],[104.10632,30.79705],[104.10978,30.79486],[104.12374,30.79025],[104.13148,30.79095],[104.13521,30.79285],[104.13854,30.79306],[104.14688,30.78588],[104.1491,30.78631],[104.15191,30.79351],[104.15406,30.79447],[104.15767,30.79384],[104.16031,30.79079],[104.1619,30.79096],[104.16623,30.79386],[104.16784,30.79335],[104.16881,30.79128],[104.16761,30.7878],[104.17084,30.78606],[104.17465,30.78653],[104.17997,30.78878],[104.18339,30.79357],[104.18502,30.79406],[104.18646,30.7935],[104.18947,30.78957],[104.19335,30.78883],[104.20016,30.79178],[104.20512,30.7925],[104.20649,30.79314],[104.2091,30.79677],[104.21465,30.79804],[104.22021,30.80069],[104.22479,30.80123],[104.22719,30.79916],[104.23021,30.79871],[104.23297,30.80029],[104.23547,30.80625],[104.23635,30.80659],[104.24148,30.80513],[104.24725,30.80724],[104.25364,30.80562],[104.25827,30.80552],[104.26048,30.80609],[104.26552,30.81135],[104.27018,30.81096],[104.27471,30.81199],[104.27753,30.81534],[104.2786,30.81785],[104.28063,30.81962],[104.28267,30.82571],[104.28427,30.82689],[104.28585,30.82698],[104.29018,30.8237],[104.2935,30.82418],[104.29577,30.82953],[104.29606,30.83356],[104.29857,30.83504],[104.30082,30.83493],[104.31006,30.83154],[104.31193,30.82931],[104.31329,30.82501],[104.31487,30.82366],[104.31695,30.82314],[104.32154,30.8253],[104.32399,30.82417],[104.32722,30.82097]]},"properties":{"id":"145238867","name":"毗河","source":"osm","waterway":"river"}},{"type":"Feature","geometry":{"type":"LineString","coordinates":[[104.02157,30.65539],[104.02246,30.65725],[104.02009,30.659],[104.02198,30.66166],[104.02461,30.66143],[104.02606,30.65935],[104.02858,30.65883],[104.03014,30.65964],[104.02878,30.662],[104.02884,30.66443],[104.03193,30.66464],[104.03415,30.66305]]},"properties":{"id":"145238868","name":"浣花溪","source":"osm","waterway":"stream"}},{"type":"Feature","geometry":{"type":"LineString","coordinates":[[104.12215,30.77513],[104.12265,30.7769],[104.1262,30.77947],[104.12676,30.78353],[104.1286,30.78513],[104.13311,30.78347],[104.13557,30.78407],[104.13582,30.78553],[104.13712,30.78676],[104.14046,30.78504],[104.14429,30.78621],[104.14688,30.78588]]},"properties":{"id":"145238870","name":"九道堰","source":"osm","waterway":"river"}},{"type":"Feature","geometry":{"type":"LineString","coordinates":[[103.80002,30.89988],[103.80904,30.89676],[103.81762,30.89543]]},"properties":{"id":"145238876","name":"徐堰河","source":"osm","waterway":"river"}},{"type":"Feature","geometry":{"type":"LineString","coordinates":[[104.04178,30.7848],[104.04153,30.78189],[104.04545,30.78094],[104.04299,30.77896],[104.0421,30.77563],[104.04263,30.77236],[104.04624,30.77393],[104.04811,30.76906],[104.04992,30.76768],[104.05186,30.76856],[104.05479,30.76483],[104.05673,30.7664],[104.05644,30.76789],[104.05976,30.76946],[104.06176,30.76952],[104.06187,30.76736],[104.06279,30.76707],[104.06442,30.7693],[104.06811,30.76998]]},"properties":{"id":"145238878","name":"九道堰","source":"osm","waterway":"canal"}},{"type":"Feature","geometry":{"type":"LineString","coordinates":[[103.68187,30.94342],[103.68643,30.94098],[103.69631,30.93311],[103.70142,30.93132],[103.70573,30.93187],[103.7091,30.93429],[103.71416,30.93395],[103.71899,30.93175],[103.71941,30.92876],[103.72067,30.92714],[103.72164,30.92721],[103.72273,30.93043],[103.72435,30.93077],[103.72556,30.92675],[103.72979,30.92566],[103.73501,30.92156],[103.73705,30.9182],[103.74127,30.91706],[103.74453,30.91282],[103.74597,30.91202],[103.75212,30.91202],[103.75477,30.91019],[103.75826,30.91128],[103.7594,30.91069]]},"properties":{"id":"145436094","name":"徐堰河","source":"osm","waterway":"river"}},{"type":"Feature","geometry":{"type":"LineString","coordinates":[[103.84592,30.69969],[103.84775,30.69593],[103.85135,30.69457],[103.85221,30.69226],[103.85429,30.69419],[103.85829,30.69509],[103.86043,30.69099],[103.86437,30.69199],[103.86726,30.68847],[103.87178,30.68598],[103.87318,30.68635],[103.8748,30.68949],[103.87905,30.6869],[103.88301,30.68758],[103.88498,30.68918],[103.88916,30.68435],[103.89005,30.68435],[103.89128,30.68667],[103.89414,30.68694],[103.89618,30.68626],[103.89602,30.68459]]},"properties":{"id":"145436134","name":"江安河","source":"osm","waterway":"river"}},{"type":"Feature","geometry":{"type":"LineString","coordinates":[[104.01739,30.52482],[104.02013,30.5213],[104.01805,30.517],[104.01856,30.51569],[104.01999,30.51516],[104.02391,30.51654],[104.02505,30.51585],[104.0261,30.51316],[104.02848,30.51257],[104.03011,30.51086],[104.03414,30.51132],[104.03896,30.50874],[104.03914,30.50775],[104.03717,30.50506],[104.03644,30.50165],[104.03477,30.49994],[104.03502,30.49832],[104.04163,30.49456],[104.04352,30.49495],[104.04539,30.49811],[104.04997,30.49886],[104.05475,30.49566]]},"properties":{"id":"145436181","name":"江安河","source":"osm","waterway":"river"}},{"type":"Feature","geometry":{"type":"LineString","coordinates":[[104.14911,30.68623],[104.1507,30.68481]]},"properties":{"id":"1456393693","name":"清水河","source":"osm","waterway":"stream"}},{"type":"Feature","geometry":{"type":"LineString","coordinates":[[104.14904,30.68633],[104.14911,30.68623]]},"properties":{"id":"1456393694","name":"清水河","source":"osm","waterway":"stream"}},{"type":"Feature","geometry":{"type":"LineString","coordinates":[[104.18374,30.67667],[104.18509,30.67522]]},"properties":{"id":"1457656953","name":"南支一渠","source":"osm","waterway":"canal"}},{"type":"Feature","geometry":{"type":"LineString","coordinates":[[104.18364,30.67685],[104.18374,30.67667]]},"properties":{"id":"1457656954","name":"南支一渠","source":"osm","waterway":"canal"}},{"type":"Feature","geometry":{"type":"LineString","coordinates":[[103.92137,30.79894],[103.92344,30.79766]]},"properties":{"id":"1466169401","name":"沱江河","source":"osm","waterway":"river"}},{"type":"Feature","geometry":{"type":"LineString","coordinates":[[103.92105,30.79914],[103.92137,30.79894]]},"properties":{"id":"1466169402","name":"沱江河","source":"osm","waterway":"river"}},{"type":"Feature","geometry":{"type":"LineString","coordinates":[[104.04974,30.4376],[104.0496,30.43699]]},"properties":{"id":"1467188644","name":"老南干渠","source":"osm","waterway":"canal"}},{"type":"Feature","geometry":{"type":"LineString","coordinates":[[104.04988,30.43779],[104.04974,30.4376]]},"properties":{"id":"1467188645","name":"老南干渠","source":"osm","waterway":"canal"}},{"type":"Feature","geometry":{"type":"LineString","coordinates":[[104.1663,30.53534],[104.16399,30.5322]]},"properties":{"id":"1480159965","name":"老南干渠","source":"osm","waterway":"canal"}},{"type":"Feature","geometry":{"type":"LineString","coordinates":[[104.16399,30.5322],[104.16339,30.532]]},"properties":{"id":"1480159966","name":"老南干渠","source":"osm","waterway":"canal"}},{"type":"Feature","geometry":{"type":"LineString","coordinates":[[103.72506,30.84063],[103.71315,30.82895],[103.71311,30.82312],[103.71425,30.82178]]},"properties":{"id":"1508211119","name":"杨柳河","source":"osm","waterway":"canal"}},{"type":"Feature","geometry":{"type":"LineString","coordinates":[[104.07903,30.57422],[104.07809,30.57369]]},"properties":{"id":"1546208609","name":"颜家沟斗渠","source":"osm","waterway":"stream"}},{"type":"Feature","geometry":{"type":"LineString","coordinates":[[104.07938,30.57437],[104.07903,30.57422]]},"properties":{"id":"1546208612","name":"颜家沟斗渠","source":"osm","waterway":"stream"}},{"type":"Feature","geometry":{"type":"LineString","coordinates":[[104.08456,30.57485],[104.08089,30.57438]]},"properties":{"id":"1546208613","name":"颜家沟斗渠","source":"osm","waterway":"stream"}},{"type":"Feature","geometry":{"type":"LineString","coordinates":[[104.08035,30.57438],[104.07938,30.57437]]},"properties":{"id":"1546208614","name":"颜家沟斗渠","source":"osm","waterway":"stream"}},{"type":"Feature","geometry":{"type":"LineString","coordinates":[[104.08089,30.57438],[104.08035,30.57438]]},"properties":{"id":"1546208615","name":"颜家沟斗渠","source":"osm","waterway":"stream"}},{"type":"Feature","geometry":{"type":"LineString","coordinates":[[104.08717,30.57926],[104.0856,30.57937]]},"properties":{"id":"1546208621","name":"颜家沟斗渠","source":"osm","waterway":"stream"}},{"type":"Feature","geometry":{"type":"LineString","coordinates":[[104.08488,30.57564],[104.08456,30.57485]]},"properties":{"id":"1546208622","name":"颜家沟斗渠","source":"osm","waterway":"stream"}},{"type":"Feature","geometry":{"type":"LineString","coordinates":[[104.08487,30.57616],[104.08488,30.57564]]},"properties":{"id":"1546208623","name":"颜家沟斗渠","source":"osm","waterway":"stream"}},{"type":"Feature","geometry":{"type":"LineString","coordinates":[[104.08487,30.57642],[104.08487,30.57616]]},"properties":{"id":"1546208624","name":"颜家沟斗渠","source":"osm","waterway":"stream"}},{"type":"Feature","geometry":{"type":"LineString","coordinates":[[104.08486,30.57726],[104.08487,30.57642]]},"properties":{"id":"1546208625","name":"颜家沟斗渠","source":"osm","waterway":"stream"}},{"type":"Feature","geometry":{"type":"LineString","coordinates":[[104.08486,30.57774],[104.08486,30.57726]]},"properties":{"id":"1546208626","name":"颜家沟斗渠","source":"osm","waterway":"stream"}},{"type":"Feature","geometry":{"type":"LineString","coordinates":[[104.08486,30.57873],[104.08486,30.57774]]},"properties":{"id":"1546208627","name":"颜家沟斗渠","source":"osm","waterway":"stream"}},{"type":"Feature","geometry":{"type":"LineString","coordinates":[[104.0856,30.57937],[104.08486,30.57873]]},"properties":{"id":"1546208628","name":"颜家沟斗渠","source":"osm","waterway":"stream"}},{"type":"Feature","geometry":{"type":"LineString","coordinates":[[104.0895,30.58074],[104.08904,30.57931],[104.08788,30.5792]]},"properties":{"id":"1546208629","name":"颜家沟斗渠","source":"osm","waterway":"stream"}},{"type":"Feature","geometry":{"type":"LineString","coordinates":[[104.08788,30.5792],[104.08717,30.57926]]},"properties":{"id":"1546208630","name":"颜家沟斗渠","source":"osm","waterway":"stream"}},{"type":"Feature","geometry":{"type":"LineString","coordinates":[[104.092,30.58306],[104.09034,30.58141]]},"properties":{"id":"1546208631","name":"颜家沟斗渠","source":"osm","waterway":"stream"}},{"type":"Feature","geometry":{"type":"LineString","coordinates":[[104.09034,30.58141],[104.0895,30.58074]]},"properties":{"id":"1546208632","name":"颜家沟斗渠","source":"osm","waterway":"stream"}},{"type":"Feature","geometry":{"type":"LineString","coordinates":[[103.73662,30.44256],[103.73986,30.44002],[103.7421,30.44004],[103.74235,30.43901],[103.74522,30.43817],[103.74484,30.43694],[103.74664,30.43596],[103.74463,30.43444],[103.7478,30.43089],[103.7481,30.42897],[103.74914,30.42911],[103.74992,30.4273],[103.7517,30.42683],[103.75129,30.42468],[103.75296,30.42537],[103.75295,30.42416],[103.75392,30.42425],[103.75704,30.42223],[103.75663,30.42099],[103.76211,30.41926]]},"properties":{"id":"157818596","name":"铁溪河","source":"osm","waterway":"river"}},{"type":"Feature","geometry":{"type":"LineString","coordinates":[[103.88654,30.49865],[103.88788,30.4952],[103.89037,30.49178],[103.88944,30.48868],[103.8899,30.48471],[103.8835,30.47499],[103.88314,30.47292],[103.88402,30.47157],[103.8906,30.46873],[103.89199,30.46694],[103.89225,30.46468],[103.89053,30.46144],[103.88251,30.45516],[103.88296,30.45257],[103.88554,30.44886],[103.88434,30.44649],[103.88307,30.44597],[103.87962,30.44693],[103.87486,30.44448],[103.87094,30.43465],[103.87198,30.43142],[103.87067,30.42678],[103.87176,30.42411],[103.86611,30.42214],[103.86466,30.42023],[103.86702,30.41653],[103.86826,30.41209],[103.87143,30.41064],[103.87181,30.40838],[103.86623,30.39932],[103.86363,30.39882],[103.86119,30.40087],[103.85845,30.40143],[103.85783,30.40042],[103.85811,30.39779],[103.85661,30.39593],[103.85673,30.39429],[103.85418,30.39258]]},"properties":{"id":"157818849","name":"杨柳河","source":"osm","waterway":"river"}},{"type":"Feature","geometry":{"type":"LineString","coordinates":[[103.86798,30.40141],[103.86754,30.39876],[103.86039,30.39369],[103.86158,30.38696],[103.85902,30.38445]]},"properties":{"id":"157818872","name":"杨柳河","source":"osm","waterway":"stream"}},{"type":"Feature","geometry":{"type":"LineString","coordinates":[[103.78935,30.97545],[103.79238,30.97384],[103.79801,30.96745],[103.79923,30.96581],[103.79931,30.96322],[103.80096,30.9618],[103.80556,30.9619],[103.80804,30.9611],[103.81007,30.95964],[103.81304,30.95511],[103.81491,30.95398],[103.82115,30.95285],[103.82768,30.94916],[103.83243,30.94468],[103.83733,30.94205],[103.84031,30.93883],[103.84176,30.93828],[103.84435,30.939]]},"properties":{"id":"157889083","name":"清白江","source":"osm","waterway":"river"}},{"type":"Feature","geometry":{"type":"LineString","coordinates":[[104.36195,30.90872],[104.37451,30.91497],[104.37659,30.91514],[104.38199,30.91239],[104.38265,30.91009],[104.38221,30.90851],[104.38015,30.90697],[104.37928,30.90512],[104.37976,30.90324],[104.38302,30.90172],[104.38577,30.89772],[104.39226,30.89389],[104.39289,30.89245],[104.39177,30.89066],[104.3903,30.89],[104.38638,30.89048],[104.38378,30.8889],[104.38344,30.88761],[104.39581,30.87849],[104.3988,30.87894],[104.40759,30.88234],[104.41083,30.88079],[104.41447,30.87606],[104.41598,30.87549],[104.42079,30.87593],[104.42229,30.87512],[104.42295,30.87378],[104.42196,30.86648],[104.42671,30.8628],[104.43161,30.85566]]},"properties":{"id":"164470029","name":"中河","source":"osm","waterway":"river"}},{"type":"Feature","geometry":{"type":"LineString","coordinates":[[103.95928,30.68544],[103.96048,30.68505]]},"properties":{"id":"170447615","name":"苏坡排洪河","source":"osm","waterway":"canal"}},{"type":"Feature","geometry":{"type":"LineString","coordinates":[[103.96048,30.68505],[103.96421,30.68207]]},"properties":{"id":"170447616","name":"苏坡排洪河","source":"osm","waterway":"canal"}},{"type":"Feature","geometry":{"type":"LineString","coordinates":[[103.93803,30.6913],[103.94539,30.68813],[103.94708,30.69047],[103.94829,30.69073],[103.9525,30.68827]]},"properties":{"id":"170447617","name":"苏坡排洪河","source":"osm","waterway":"canal"}},{"type":"Feature","geometry":{"type":"LineString","coordinates":[[104.12314,30.87321],[104.12435,30.87383],[104.12619,30.87291],[104.12775,30.87424],[104.12672,30.87546],[104.1279,30.87504],[104.12874,30.87713],[104.13047,30.87794],[104.13539,30.87767],[104.13603,30.87666],[104.13746,30.87688],[104.13738,30.876],[104.13927,30.8767],[104.1408,30.87609],[104.14104,30.8749],[104.14344,30.87498],[104.14566,30.87341],[104.14973,30.87621],[104.15186,30.87587],[104.15353,30.87379],[104.15592,30.87313],[104.15673,30.87096],[104.1576,30.87203],[104.15904,30.8718],[104.15873,30.87043],[104.1621,30.86766],[104.16108,30.86562],[104.16416,30.86474],[104.16419,30.86315],[104.16278,30.86166],[104.16425,30.86075],[104.16464,30.8588],[104.1656,30.85795],[104.16693,30.8579],[104.16839,30.85921],[104.17036,30.86256]]},"properties":{"id":"179904073","name":"绣川河","source":"osm","waterway":"stream"}},{"type":"Feature","geometry":{"type":"LineString","coordinates":[[104.10269,30.86939],[104.13077,30.86145],[104.16108,30.86562]]},"properties":{"id":"179904081","name":"锦水河分干渠","source":"osm","waterway":"canal"}},{"type":"Feature","geometry":{"type":"LineString","coordinates":[[104.16339,30.532],[104.16181,30.53163],[104.15991,30.53258],[104.1543,30.53081],[104.15573,30.52981],[104.1555,30.52733],[104.15798,30.52709],[104.16031,30.5257],[104.16279,30.52234],[104.16364,30.51864],[104.16166,30.51665],[104.16113,30.51282],[104.15808,30.51113],[104.15294,30.51168],[104.15117,30.51076],[104.14886,30.5123],[104.14661,30.51251],[104.14509,30.50975],[104.14603,30.50816],[104.14462,30.50747],[104.14665,30.5053],[104.14486,30.50492],[104.14564,30.50373],[104.14252,30.5046],[104.13889,30.50908],[104.13671,30.50933],[104.13139,30.50842],[104.12849,30.50548],[104.1263,30.50489],[104.12614,30.50342],[104.12746,30.50201],[104.12428,30.50035],[104.12617,30.4994],[104.12593,30.49836],[104.1246,30.49781],[104.12826,30.49438],[104.12667,30.4906],[104.12737,30.48954],[104.12701,30.48897],[104.12504,30.48942],[104.12544,30.48657],[104.12234,30.48579]]},"properties":{"id":"181531192","name":"老南干渠","source":"osm","waterway":"canal"}},{"type":"Feature","geometry":{"type":"LineString","coordinates":[[104.27267,30.5641],[104.27308,30.5651],[104.27207,30.56653],[104.26994,30.56661],[104.27104,30.56862],[104.2707,30.56968],[104.26851,30.57],[104.26706,30.57167],[104.26506,30.57722],[104.26348,30.5782],[104.2608,30.58202],[104.25765,30.58822],[104.25517,30.58917],[104.25422,30.59146],[104.25473,30.59203]]},"properties":{"id":"181545142","name":"西江河","source":"osm","waterway":"river"}},{"type":"Feature","geometry":{"type":"LineString","coordinates":[[104.29156,30.54936],[104.2911,30.55066],[104.28493,30.55475],[104.28299,30.55702],[104.2811,30.55737],[104.27836,30.55624],[104.27267,30.5641]]},"properties":{"id":"181545212","name":"西江河","source":"osm","waterway":"stream"}},{"type":"Feature","geometry":{"type":"LineString","coordinates":[[104.21157,30.55699],[104.20363,30.55481],[104.20178,30.55517],[104.19627,30.55895],[104.18744,30.55639]]},"properties":{"id":"181686296","name":"老南干渠","source":"osm","waterway":"canal"}},{"type":"Feature","geometry":{"type":"LineString","coordinates":[[104.28159,30.51978],[104.2819,30.52339],[104.2809,30.5236],[104.27916,30.52245],[104.27867,30.52352],[104.28159,30.52609],[104.28285,30.53064],[104.28161,30.53359],[104.28297,30.53547],[104.28239,30.53704],[104.27796,30.53953],[104.27749,30.54245],[104.27605,30.54358],[104.26761,30.54667],[104.25952,30.54636],[104.25436,30.54096],[104.25153,30.53965],[104.24695,30.5324],[104.24838,30.53034],[104.24775,30.52813],[104.24662,30.52747],[104.24422,30.52337]]},"properties":{"id":"181686298","name":"鹿溪河","source":"osm","waterway":"stream"}},{"type":"Feature","geometry":{"type":"LineString","coordinates":[[104.23335,30.51915],[104.2323,30.51804],[104.23056,30.51862],[104.22912,30.5181],[104.22035,30.51368],[104.21653,30.50882],[104.21354,30.50664],[104.21171,30.50127],[104.21068,30.50046],[104.20386,30.49919],[104.19979,30.49435],[104.19795,30.4951],[104.19532,30.49411],[104.198,30.49241]]},"properties":{"id":"182082723","name":"鹿溪河","source":"osm","waterway":"stream"}},{"type":"Feature","geometry":{"type":"LineString","coordinates":[[104.17064,30.71034],[104.17125,30.71003]]},"properties":{"id":"210295472","name":"大庙河","source":"osm","waterway":"stream"}},{"type":"Feature","geometry":{"type":"LineString","coordinates":[[103.92561,30.75537],[103.92533,30.75361],[103.92885,30.75363]]},"properties":{"id":"217855313","name":"走马河","source":"osm","waterway":"stream"}},{"type":"Feature","geometry":{"type":"LineString","coordinates":[[104.14792,30.43678],[104.14393,30.43661],[104.13646,30.43882],[104.13312,30.4388],[104.13292,30.43802],[104.13484,30.43611],[104.13406,30.43567],[104.1307,30.43666],[104.12921,30.4351],[104.12869,30.43368],[104.12977,30.43243],[104.1297,30.43097],[104.12775,30.42947],[104.12766,30.42739],[104.12561,30.4254],[104.12215,30.42634],[104.11823,30.43113],[104.11456,30.43176],[104.1026,30.42525],[104.09342,30.42181],[104.09286,30.4208],[104.09394,30.41724],[104.08989,30.41617],[104.08514,30.41347],[104.08135,30.41324],[104.07637,30.41458],[104.07297,30.41438],[104.07027,30.4156],[104.06309,30.41382],[104.06228,30.41168],[104.0648,30.40841],[104.06526,30.40125],[104.06341,30.39516],[104.05906,30.39065],[104.05773,30.38543],[104.05877,30.38019],[104.06138,30.3768],[104.06252,30.37369],[104.06011,30.37192],[104.05603,30.37118],[104.04628,30.37365],[104.04443,30.37155],[104.04443,30.36956],[104.04673,30.36645],[104.05047,30.36465],[104.04641,30.35773],[104.04162,30.35551],[104.03234,30.35746],[104.02983,30.35709],[104.02913,30.35593],[104.03173,30.35271],[104.03533,30.35145],[104.03767,30.3491],[104.03847,30.34686],[104.03782,30.34544],[104.03251,30.34732],[104.02849,30.34258],[104.02722,30.3421],[104.02213,30.34412],[104.01742,30.34801],[104.01397,30.34567],[104.01583,30.33852],[104.013,30.33513],[104.01157,30.33088],[104.01594,30.32651],[104.01665,30.32292]]},"properties":{"id":"218576473","name":"鹿溪河","source":"osm","waterway":"river"}},{"type":"Feature","geometry":{"type":"LineString","coordinates":[[104.11218,30.56513],[104.10825,30.56189],[104.10826,30.56033],[104.10675,30.55809],[104.10707,30.5565],[104.10589,30.55359],[104.10911,30.54939],[104.10701,30.54635],[104.10788,30.54497],[104.10747,30.54311],[104.10158,30.5384],[104.09822,30.53335]]},"properties":{"id":"218587359","name":"大沙江","source":"osm","waterway":"stream"}},{"type":"Feature","geometry":{"type":"LineString","coordinates":[[103.89602,30.68459],[103.8951,30.68424],[103.89433,30.68228],[103.89713,30.67832],[103.89806,30.67777],[103.90156,30.67816],[103.90204,30.67746],[103.90094,30.67581],[103.90124,30.67426],[103.9077,30.6712],[103.90709,30.66993],[103.90397,30.66838],[103.90434,30.66752],[103.91261,30.66658],[103.91585,30.66939],[103.91902,30.66759],[103.92103,30.66868],[103.92314,30.66866],[103.92658,30.66634],[103.92733,30.6644],[103.92634,30.662],[103.92762,30.6611],[103.93115,30.66167],[103.93351,30.66352],[103.9379,30.66345],[103.93996,30.66297],[103.94001,30.66153],[103.94099,30.66057],[103.94358,30.66088],[103.94423,30.66277],[103.94572,30.66305],[103.94836,30.66043],[103.94775,30.65854],[103.94922,30.65591],[103.94845,30.65349],[103.94574,30.65114],[103.94589,30.64848],[103.94696,30.64722],[103.94896,30.64797],[103.95015,30.64748],[103.95038,30.64348],[103.94906,30.6411],[103.95199,30.63908],[103.95087,30.63563],[103.95398,30.63344],[103.95481,30.63117],[103.95951,30.62753],[103.95924,30.62622],[103.95356,30.62228],[103.95438,30.61955],[103.95376,30.61706],[103.95444,30.61163],[103.95611,30.61004],[103.95967,30.61058],[103.96148,30.60803],[103.9636,30.60988],[103.96458,30.60883],[103.96464,30.60391],[103.96318,30.60176],[103.96435,30.59949],[103.9631,30.5964],[103.96462,30.59218],[103.96301,30.58946],[103.96395,30.58715],[103.9625,30.58476],[103.96392,30.58345],[103.9635,30.58092],[103.96617,30.57999],[103.96443,30.57872],[103.96406,30.57733],[103.96862,30.57456],[103.97518,30.57518],[103.97682,30.57136],[103.98013,30.57249],[103.9827,30.56798],[103.9879,30.5676],[103.9901,30.56825],[103.99459,30.56657],[103.99499,30.56458],[103.99349,30.56324],[103.99013,30.56249],[103.98982,30.56108],[103.99345,30.55995],[103.99426,30.55746],[103.99687,30.55623]]},"properties":{"id":"218590954","name":"江安河","source":"osm","waterway":"river"}},{"type":"Feature","geometry":{"type":"LineString","coordinates":[[103.94443,30.72486],[103.95457,30.72438],[103.97301,30.73045]]},"properties":{"id":"218595307","name":"金牛支渠","source":"osm","waterway":"canal"}},{"type":"Feature","geometry":{"type":"LineString","coordinates":[[103.96477,30.7278],[103.96543,30.72644],[103.96394,30.72561],[103.96418,30.72509],[103.97252,30.72047],[103.97041,30.71907],[103.97169,30.71747],[103.97292,30.71751],[103.97346,30.71505],[103.97572,30.71545],[103.97608,30.71324],[103.97876,30.71286],[103.98181,30.70978],[103.98135,30.70548],[103.98277,30.70633],[103.98726,30.70636],[103.98528,30.70536],[103.98401,30.70343],[103.98728,30.70286],[103.98708,30.69909],[103.98909,30.69849],[103.98825,30.69541],[103.99014,30.69408],[103.99022,30.69276],[103.99246,30.6917]]},"properties":{"id":"218595308","name":"摸底河","source":"osm","waterway":"stream"}},{"type":"Feature","geometry":{"type":"LineString","coordinates":[[103.97989,30.76314],[103.98233,30.7603],[103.98552,30.7615],[103.98645,30.76053],[103.98775,30.76113],[103.98766,30.75975],[103.99033,30.75752],[103.99258,30.75802],[103.99401,30.75509],[103.99763,30.75098],[103.99835,30.75125],[104.00094,30.74919],[104.00165,30.74947],[104.00581,30.74506],[104.00788,30.74483],[104.01499,30.74934]]},"properties":{"id":"218595717","name":"沱江河","source":"osm","waterway":"river"}},{"type":"Feature","geometry":{"type":"LineString","coordinates":[[104.07929,30.50013],[104.07829,30.49847]]},"properties":{"id":"219405082","name":"Dasha Jiang","source":"osm","waterway":"stream"}},{"type":"Feature","geometry":{"type":"LineString","coordinates":[[103.86323,30.60478],[103.86757,30.58679],[103.87312,30.58124],[103.87307,30.56577],[103.88195,30.53143],[103.88381,30.52935],[103.88153,30.52527],[103.87935,30.52359],[103.87926,30.52146],[103.88304,30.52007],[103.88474,30.51342],[103.88795,30.51191],[103.89018,30.51293],[103.89145,30.51245]]},"properties":{"id":"220329070","name":"杨柳河","source":"osm","waterway":"river"}},{"type":"Feature","geometry":{"type":"LineString","coordinates":[[104.05444,30.68021],[104.05552,30.68086],[104.05871,30.68055],[104.05983,30.6836]]},"properties":{"id":"221349347","name":"饮马河","source":"osm","waterway":"stream"}},{"type":"Feature","geometry":{"type":"LineString","coordinates":[[103.8911,30.63644],[103.89704,30.62537],[103.8993,30.61789],[103.89563,30.60641],[103.90227,30.59513],[103.90381,30.58428],[103.90287,30.58343],[103.90351,30.57974],[103.90004,30.56888],[103.89943,30.56462],[103.89774,30.56147]]},"properties":{"id":"224484708","name":"白河","source":"osm","waterway":"river"}},{"type":"Feature","geometry":{"type":"LineString","coordinates":[[103.92939,30.55478],[103.9263,30.54926],[103.91776,30.54641]]},"properties":{"id":"224485306","name":"三支渠","source":"osm","waterway":"canal"}},{"type":"Feature","geometry":{"type":"LineString","coordinates":[[104.07191,30.60393],[104.07351,30.60377]]},"properties":{"id":"225091459","name":"朱家沟","source":"osm","waterway":"stream"}},{"type":"Feature","geometry":{"type":"LineString","coordinates":[[104.02045,30.65478],[104.02353,30.6553],[104.02983,30.65174],[104.03155,30.64407]]},"properties":{"id":"225097337","name":"肖家河","source":"osm","waterway":"stream"}},{"type":"Feature","geometry":{"type":"LineString","coordinates":[[103.7069,30.76633],[103.70843,30.7602],[103.70759,30.75519],[103.70832,30.75277],[103.71201,30.7487],[103.71607,30.74621],[103.72061,30.73888],[103.72156,30.73447],[103.71978,30.73094],[103.72025,30.72961],[103.72418,30.72472],[103.725,30.72163],[103.72957,30.71643],[103.72991,30.71308],[103.73204,30.71024],[103.73374,30.70527],[103.73812,30.70109],[103.73794,30.69045],[103.7445,30.68246],[103.74329,30.6781],[103.74998,30.67406],[103.74845,30.66955],[103.74914,30.66504]]},"properties":{"id":"226229683","name":"羊马河","source":"osm","waterway":"stream"}},{"type":"Feature","geometry":{"type":"LineString","coordinates":[[103.86918,30.54464],[103.86886,30.54359],[103.86987,30.54102],[103.86848,30.53789],[103.86714,30.53644],[103.86367,30.53537],[103.86174,30.53251],[103.85406,30.52637],[103.85301,30.52154]]},"properties":{"id":"226234661","name":"小白河","source":"osm","waterway":"stream"}},{"type":"Feature","geometry":{"type":"LineString","coordinates":[[103.87383,30.54577],[103.8723,30.54204],[103.87347,30.53798],[103.8697,30.53705],[103.86926,30.53548],[103.87401,30.52899],[103.87869,30.52957],[103.88022,30.53117],[103.88195,30.53143]]},"properties":{"id":"226234664","name":"黄水河","source":"osm","waterway":"stream"}},{"type":"Feature","geometry":{"type":"LineString","coordinates":[[103.66961,30.68125],[103.67185,30.6756],[103.68076,30.67284],[103.68461,30.67034],[103.68545,30.66852],[103.68519,30.6642],[103.68673,30.66139],[103.68859,30.65987],[103.68962,30.65677],[103.68765,30.6535],[103.68951,30.65011],[103.69509,30.64766],[103.69599,30.64412],[103.70589,30.64393],[103.70585,30.63852],[103.70941,30.63438],[103.71036,30.62788],[103.71461,30.62496],[103.71444,30.61247],[103.71502,30.61089],[103.7144,30.60707],[103.71548,30.60616],[103.71691,30.60668],[103.71828,30.6061],[103.72023,30.60344],[103.72465,30.60013],[103.72566,30.59841],[103.72563,30.59649],[103.72708,30.59598],[103.72969,30.59652],[103.73056,30.59541],[103.73001,30.59302],[103.72678,30.5908],[103.72712,30.5873],[103.73415,30.58552],[103.73471,30.58234],[103.73559,30.58151],[103.73937,30.58087],[103.73862,30.57541],[103.74149,30.57232],[103.74197,30.5696],[103.73825,30.56711],[103.73754,30.56581],[103.73702,30.5596],[103.73943,30.55753],[103.74166,30.55709],[103.743,30.55541],[103.74166,30.55266],[103.74183,30.55047],[103.74604,30.54757],[103.74658,30.5417]]},"properties":{"id":"226240594","name":"白马河","source":"osm","waterway":"river"}},{"type":"Feature","geometry":{"type":"LineString","coordinates":[[103.92061,30.77082],[103.92146,30.76912],[103.9326,30.7608]]},"properties":{"id":"226245658","name":"磨底河","source":"osm","waterway":"stream"}},{"type":"Feature","geometry":{"type":"LineString","coordinates":[[103.82905,30.83956],[103.83945,30.83451],[103.85027,30.83102],[103.85404,30.82898]]},"properties":{"id":"226245764","name":"沱江河","source":"osm","waterway":"river"}},{"type":"Feature","geometry":{"type":"LineString","coordinates":[[103.82223,30.80134],[103.82348,30.79989],[103.82122,30.79559],[103.82615,30.79159],[103.8273,30.78949],[103.82963,30.78835],[103.82981,30.78618],[103.83141,30.78693],[103.83357,30.78425],[103.83778,30.78354],[103.83924,30.78122],[103.83826,30.77962],[103.84181,30.77721],[103.84023,30.77595],[103.8433,30.77612],[103.84421,30.77413]]},"properties":{"id":"227131922","name":"桤木河","source":"osm","waterway":"stream"}},{"type":"Feature","geometry":{"type":"LineString","coordinates":[[104.29396,30.57371],[104.28895,30.57557],[104.28802,30.57467],[104.28709,30.57506],[104.28652,30.57812],[104.28946,30.58064],[104.28869,30.58149],[104.28907,30.58349],[104.28722,30.58574],[104.28791,30.58625],[104.28631,30.58873],[104.28446,30.58959],[104.28415,30.59133],[104.28258,30.59166]]},"properties":{"id":"227328655","name":"百工溪","source":"osm","waterway":"stream"}},{"type":"Feature","geometry":{"type":"LineString","coordinates":[[104.09722,30.72579],[104.09309,30.72533],[104.09201,30.72207]]},"properties":{"id":"227338530","name":"凤凰河","source":"osm","waterway":"stream"}},{"type":"Feature","geometry":{"type":"LineString","coordinates":[[104.09593,30.70841],[104.09466,30.70636]]},"properties":{"id":"227338534","name":"凤凰河","source":"osm","waterway":"stream"}},{"type":"Feature","geometry":{"type":"LineString","coordinates":[[104.07692,30.5811],[104.07706,30.57553],[104.07976,30.57129]]},"properties":{"id":"227345202","name":"锦江","source":"osm","waterway":"river"}},{"type":"Feature","geometry":{"type":"LineString","coordinates":[[104.1642,30.73441],[104.16926,30.732],[104.17395,30.73289],[104.18003,30.73126],[104.18114,30.73325],[104.18481,30.73192]]},"properties":{"id":"227487440","name":"北支一支渠","source":"osm","waterway":"canal"}},{"type":"Feature","geometry":{"type":"LineString","coordinates":[[104.12904,30.72208],[104.1346,30.72101],[104.13756,30.72254],[104.13883,30.72477],[104.14285,30.72465],[104.14562,30.72554],[104.1461,30.72671],[104.1446,30.72867]]},"properties":{"id":"227487449","name":"北干渠","source":"osm","waterway":"canal"}},{"type":"Feature","geometry":{"type":"LineString","coordinates":[[103.6023,31.01068],[103.60659,31.00436],[103.60872,30.98794],[103.61395,30.97379],[103.61986,30.96485],[103.64219,30.93751],[103.64343,30.93434],[103.66811,30.91],[103.67057,30.90354],[103.6751,30.90045],[103.67712,30.89522],[103.69151,30.86815],[103.6917,30.86559],[103.69688,30.85315],[103.69832,30.84613],[103.69839,30.84105],[103.69955,30.83727],[103.70403,30.82988],[103.70519,30.82638],[103.71119,30.8186],[103.71355,30.81167],[103.71291,30.80824],[103.716,30.80338],[103.71604,30.79866],[103.71875,30.7935],[103.71995,30.78509],[103.71926,30.78023],[103.72115,30.77182],[103.72295,30.76551],[103.72647,30.7581],[103.72995,30.745],[103.73256,30.7384],[103.73797,30.73199],[103.74608,30.72483],[103.7496,30.71989],[103.75308,30.71059],[103.76269,30.69642],[103.77007,30.68845],[103.77068,30.68379],[103.77324,30.68241],[103.77522,30.67771],[103.78295,30.67073],[103.78342,30.6688],[103.78716,30.66291],[103.78795,30.65983],[103.78835,30.65566],[103.7877,30.65363],[103.78917,30.64858],[103.78894,30.64426],[103.79548,30.62923],[103.80973,30.61623],[103.81805,30.5928],[103.81793,30.58418],[103.81931,30.58207],[103.81826,30.57195],[103.81947,30.56788],[103.81951,30.55698],[103.82223,30.51999],[103.82518,30.5104],[103.82758,30.49872],[103.82786,30.48452],[103.82363,30.47949],[103.82355,30.47557],[103.82878,30.46085],[103.82479,30.45171],[103.82501,30.44945],[103.82689,30.44841],[103.83565,30.44901],[103.83806,30.44832],[103.83874,30.44679],[103.83857,30.44486],[103.83651,30.44146],[103.82894,30.43644],[103.82552,30.4324],[103.82836,30.42335],[103.82866,30.41818],[103.82666,30.4118],[103.82755,30.407]]},"properties":{"id":"264865351","name":"金马河","source":"osm","waterway":"river"}},{"type":"Feature","geometry":{"type":"LineString","coordinates":[[104.07626,30.68616],[104.07683,30.68259],[104.07515,30.67863]]},"properties":{"id":"270053453","name":"小沙河","source":"osm","waterway":"stream"}},{"type":"Feature","geometry":{"type":"LineString","coordinates":[[103.96456,30.76203],[103.96545,30.76143]]},"properties":{"id":"284259028","name":"马家堰","source":"osm","waterway":"canal"}},{"type":"Feature","geometry":{"type":"LineString","coordinates":[[104.04627,30.56252],[104.0481,30.55839]]},"properties":{"id":"297661824","name":"肖家河","source":"osm","waterway":"stream"}},{"type":"Feature","geometry":{"type":"LineString","coordinates":[[104.04609,30.56297],[104.04627,30.56252]]},"properties":{"id":"297661826","name":"肖家河","source":"osm","waterway":"stream"}},{"type":"Feature","geometry":{"type":"LineString","coordinates":[[104.04548,30.56627],[104.04542,30.56605]]},"properties":{"id":"297661831","name":"肖家河","source":"osm","waterway":"stream"}},{"type":"Feature","geometry":{"type":"LineString","coordinates":[[104.0481,30.55839],[104.04822,30.55805]]},"properties":{"id":"297661835","name":"肖家河","source":"osm","waterway":"stream"}},{"type":"Feature","geometry":{"type":"LineString","coordinates":[[104.05618,30.53659],[104.06115,30.5365]]},"properties":{"id":"297661843","name":"肖家河","source":"osm","waterway":"stream"}},{"type":"Feature","geometry":{"type":"LineString","coordinates":[[104.04542,30.56605],[104.04609,30.56297]]},"properties":{"id":"297661846","name":"肖家河","source":"osm","waterway":"stream"}},{"type":"Feature","geometry":{"type":"LineString","coordinates":[[104.04528,30.61921],[104.04538,30.61668]]},"properties":{"id":"297661850","name":"肖家河","source":"osm","waterway":"stream"}},{"type":"Feature","geometry":{"type":"LineString","coordinates":[[104.10192,30.86961],[104.10269,30.86939]]},"properties":{"id":"299166676","name":"锦水河分干渠","source":"osm","waterway":"canal"}},{"type":"Feature","geometry":{"type":"LineString","coordinates":[[103.96399,30.60519],[103.96042,30.59612],[103.96178,30.59346],[103.95933,30.58806],[103.96033,30.58612],[103.95933,30.57836],[103.96076,30.57528]]},"properties":{"id":"299166680","name":"牧山干渠","source":"osm","waterway":"canal"}},{"type":"Feature","geometry":{"type":"LineString","coordinates":[[103.84592,30.69969],[103.84296,30.69923],[103.84278,30.69766],[103.84448,30.6956],[103.84775,30.69593]]},"properties":{"id":"302688461","name":"江安河","source":"osm","waterway":"river"}},{"type":"Feature","geometry":{"type":"LineString","coordinates":[[104.04751,30.55591],[104.04682,30.55576],[104.04631,30.55392]]},"properties":{"id":"304014507","name":"艾家沟","source":"osm","waterway":"stream"}},{"type":"Feature","geometry":{"type":"LineString","coordinates":[[104.04631,30.55392],[104.0463,30.55347]]},"properties":{"id":"304014508","name":"艾家沟","source":"osm","waterway":"stream"}},{"type":"Feature","geometry":{"type":"LineString","coordinates":[[104.04622,30.54906],[104.04609,30.54207]]},"properties":{"id":"304014509","name":"艾家沟","source":"osm","waterway":"stream"}},{"type":"Feature","geometry":{"type":"LineString","coordinates":[[104.18479,30.69191],[104.18661,30.69167],[104.18782,30.69041],[104.19254,30.69069],[104.19321,30.6894]]},"properties":{"id":"313934852","name":"大庙河","source":"osm","waterway":"stream"}},{"type":"Feature","geometry":{"type":"LineString","coordinates":[[104.1959,30.81267],[104.19652,30.81238]]},"properties":{"id":"332708459","name":"饮马河","source":"osm","waterway":"river"}},{"type":"Feature","geometry":{"type":"LineString","coordinates":[[104.19652,30.81238],[104.19857,30.81084],[104.19813,30.80959],[104.19914,30.80851],[104.20162,30.80705],[104.20111,30.80614],[104.20212,30.80358],[104.20525,30.80341],[104.20718,30.80525],[104.20997,30.80517],[104.21086,30.8046],[104.21046,30.80336],[104.21718,30.79929]]},"properties":{"id":"332708462","name":"饮马河","source":"osm","waterway":"river"}},{"type":"Feature","geometry":{"type":"LineString","coordinates":[[104.278,30.73866],[104.27717,30.73948],[104.27753,30.74033],[104.28063,30.74102],[104.28297,30.74022],[104.28522,30.74125],[104.28534,30.74528],[104.28776,30.74803]]},"properties":{"id":"335076802","name":"西江河","source":"osm","waterway":"river"}},{"type":"Feature","geometry":{"type":"LineString","coordinates":[[104.01423,30.76463],[104.01573,30.76429],[104.0157,30.76287],[104.01218,30.76156],[104.01126,30.75966],[104.01376,30.75776],[104.01451,30.7562],[104.01303,30.75348],[104.0107,30.75279],[104.0102,30.75099],[104.01499,30.74934],[104.01752,30.75132],[104.01866,30.75108],[104.01856,30.74372],[104.01999,30.74309],[104.02267,30.74423],[104.02511,30.74205],[104.02538,30.74092],[104.02342,30.74111],[104.02306,30.74042],[104.02634,30.73601],[104.03382,30.73244],[104.03447,30.73066],[104.03339,30.72848],[104.03555,30.72585],[104.03862,30.72598],[104.0413,30.72442],[104.04493,30.72417],[104.04733,30.72083],[104.04853,30.72072],[104.05077,30.72219],[104.0536,30.71992],[104.05414,30.71708],[104.05025,30.7166],[104.04813,30.71269],[104.04969,30.71181],[104.05522,30.71461],[104.05709,30.71293],[104.05642,30.7115],[104.0527,30.71021],[104.05378,30.70751],[104.05676,30.70532],[104.05673,30.70288],[104.05826,30.69998],[104.05681,30.69048],[104.05865,30.68586],[104.06861,30.68086],[104.07242,30.68024],[104.08019,30.67572],[104.0836,30.67495],[104.0941,30.66726],[104.09366,30.66592],[104.09047,30.66437],[104.08955,30.66088],[104.08577,30.65553],[104.08531,30.65298],[104.08266,30.65006],[104.08148,30.64699],[104.08159,30.64484]]},"properties":{"id":"37132222","name":"府河","source":"osm","waterway":"river"}},{"type":"Feature","geometry":{"type":"LineString","coordinates":[[104.04733,30.72083],[104.04944,30.71732],[104.04934,30.7159]]},"properties":{"id":"37628729","name":"府河","source":"osm","waterway":"river"}},{"type":"Feature","geometry":{"type":"LineString","coordinates":[[103.68187,30.94342],[103.69377,30.93097],[103.6948,30.92806],[103.71097,30.9257],[103.71428,30.92208],[103.71904,30.92036],[103.72417,30.91195],[103.73212,30.90761],[103.74001,30.90534],[103.74271,30.9035],[103.74414,30.90013],[103.74911,30.89738],[103.75014,30.89459],[103.75524,30.89342],[103.75593,30.89234],[103.75545,30.89008],[103.75745,30.88612],[103.76165,30.88357],[103.76245,30.87745],[103.76841,30.87408],[103.77071,30.87112],[103.77742,30.87042],[103.77941,30.86944],[103.78046,30.86713],[103.78286,30.86522],[103.7809,30.86254],[103.78428,30.86146],[103.78444,30.85891],[103.78642,30.85564],[103.79143,30.85423],[103.79184,30.85037],[103.79481,30.84827],[103.79715,30.84807],[103.80018,30.84916],[103.80125,30.84832],[103.80132,30.84546],[103.79997,30.84294],[103.80116,30.84177],[103.80271,30.83659],[103.80584,30.8364],[103.81149,30.83072],[103.82344,30.8235],[103.82745,30.81815],[103.82757,30.81637],[103.8368,30.8104],[103.85786,30.79115],[103.87271,30.78393],[103.8805,30.77292],[103.8829,30.77118]]},"properties":{"id":"37634585","name":"清水河","source":"osm","waterway":"river"}},{"type":"Feature","geometry":{"type":"LineString","coordinates":[[103.96487,30.83798],[103.96774,30.83508],[103.96939,30.82885],[103.97134,30.8258],[103.9739,30.82415],[103.97464,30.82238],[103.97391,30.81778],[103.97704,30.8153],[103.97727,30.81225],[103.97382,30.80769],[103.97297,30.80345],[103.97383,30.80214],[103.97882,30.79971],[103.98038,30.79698],[103.98003,30.79125],[103.98128,30.79007],[103.9811,30.78831],[103.98328,30.78669],[103.9839,30.78385],[103.98825,30.77945],[103.98883,30.77709],[103.99086,30.77467],[103.99672,30.77331],[103.99976,30.7741],[104.00277,30.77102],[104.00455,30.77257],[104.00598,30.77276],[104.00837,30.7697],[104.01096,30.7687],[104.00962,30.76661],[104.00993,30.76594],[104.01423,30.76463]]},"properties":{"id":"37635190","name":"府河","source":"osm","waterway":"river"}},{"type":"Feature","geometry":{"type":"LineString","coordinates":[[104.25226,30.96348],[104.25338,30.96289],[104.25471,30.9633],[104.25626,30.96713],[104.25732,30.9679],[104.26302,30.9682],[104.26508,30.96751],[104.26625,30.96401],[104.27016,30.96047],[104.27312,30.95508],[104.27344,30.95307],[104.27197,30.95046],[104.27207,30.94738],[104.27374,30.94567],[104.27833,30.94391],[104.27998,30.94189],[104.28367,30.94152],[104.28505,30.94227],[104.28537,30.94382],[104.2828,30.94907],[104.28425,30.95109],[104.28637,30.95178],[104.28841,30.95177],[104.29156,30.95031],[104.29497,30.94722],[104.30549,30.94886],[104.31067,30.94586],[104.31182,30.94104],[104.311,30.93908],[104.30938,30.93828],[104.30736,30.93874],[104.30484,30.93798],[104.30352,30.93653],[104.30333,30.93443],[104.30404,30.93304],[104.30922,30.92943],[104.31255,30.92892],[104.31436,30.92572]]},"properties":{"id":"418286658","name":"濛阳河","source":"osm","waterway":"river"}},{"type":"Feature","geometry":{"type":"LineString","coordinates":[[104.05107,30.72213],[104.05325,30.72151]]},"properties":{"id":"42452538","name":"沙河","source":"osm","waterway":"river"}},{"type":"Feature","geometry":{"type":"LineString","coordinates":[[104.06343,30.74459],[104.06395,30.744]]},"properties":{"id":"42452557","name":"凤凰河","source":"osm","waterway":"stream"}},{"type":"Feature","geometry":{"type":"LineString","coordinates":[[104.00871,30.56565],[104.01273,30.56225],[104.01249,30.56132],[104.00977,30.56062],[104.0093,30.55955],[104.01212,30.55814],[104.01395,30.55567],[104.01678,30.55484],[104.01717,30.55287],[104.01387,30.55195],[104.01299,30.55062],[104.0153,30.54868],[104.0152,30.54544],[104.01123,30.54465],[104.00849,30.5428],[104.00835,30.5417],[104.00998,30.53979],[104.01486,30.54099],[104.01675,30.53968],[104.01671,30.53773]]},"properties":{"id":"438915579","name":"黄堰河","source":"osm","waterway":"stream"}},{"type":"Feature","geometry":{"type":"LineString","coordinates":[[104.03941,30.62932],[104.04269,30.62666]]},"properties":{"id":"441721790","name":"肖家河","source":"osm","waterway":"stream"}},{"type":"Feature","geometry":{"type":"LineString","coordinates":[[104.03988,30.63003],[104.03941,30.62932]]},"properties":{"id":"441721791","name":"肖家河","source":"osm","waterway":"stream"}},{"type":"Feature","geometry":{"type":"LineString","coordinates":[[103.65519,30.62069],[103.66579,30.60615],[103.68918,30.58436],[103.69098,30.58345],[103.70224,30.58274],[103.70559,30.58],[103.70917,30.5755],[103.71061,30.57205],[103.716,30.56615],[103.73755,30.54556],[103.74658,30.5417],[103.76325,30.5065],[103.76368,30.50082],[103.76241,30.49592],[103.76307,30.49236],[103.76483,30.48746],[103.76714,30.48622],[103.76888,30.48387],[103.77066,30.47861],[103.77153,30.47742],[103.78283,30.47043],[103.78714,30.46666],[103.78918,30.46081],[103.7953,30.4552],[103.80387,30.45093],[103.80882,30.45],[103.81399,30.44703],[103.81983,30.43841],[103.82552,30.4324]]},"properties":{"id":"450224482","name":"西河","source":"osm","waterway":"river"}},{"type":"Feature","geometry":{"type":"LineString","coordinates":[[103.98954,30.61773],[103.99011,30.61477],[103.99431,30.61436]]},"properties":{"id":"459158634","name":"黄堰河","source":"osm","waterway":"stream"}},{"type":"Feature","geometry":{"type":"LineString","coordinates":[[103.98088,30.63306],[103.98095,30.63273]]},"properties":{"id":"459158635","name":"黄堰河","source":"osm","waterway":"stream"}},{"type":"Feature","geometry":{"type":"LineString","coordinates":[[103.94311,30.44224],[103.94748,30.44142],[103.9482,30.43784],[103.94769,30.43647],[103.94875,30.43571],[103.94674,30.43327],[103.94706,30.43167],[103.94578,30.42945],[103.94613,30.4286],[103.94827,30.4282],[103.9486,30.42717],[103.94778,30.42674],[103.9488,30.42604],[103.94887,30.42465],[103.94815,30.4245],[103.94908,30.42324],[103.94721,30.42081],[103.94743,30.41826],[103.9471,30.41786],[103.94593,30.41919],[103.94423,30.41677],[103.94352,30.41524],[103.94506,30.41353],[103.94297,30.41266],[103.94192,30.4099],[103.94301,30.40941],[103.94318,30.40795],[103.94501,30.40786],[103.94608,30.40481],[103.94607,30.40143],[103.94744,30.40161],[103.9478,30.3998],[103.95101,30.39868],[103.95363,30.39939],[103.95728,30.39584],[103.95629,30.38844],[103.9566,30.38342],[103.96013,30.37557]]},"properties":{"id":"469654333","name":"条条河","source":"osm","waterway":"stream"}},{"type":"Feature","geometry":{"type":"LineString","coordinates":[[103.82207,30.40945],[103.82402,30.40398],[103.82346,30.40206],[103.8255,30.39992],[103.82543,30.39884],[103.82388,30.39845],[103.82441,30.39402],[103.82628,30.39136],[103.82789,30.38601],[103.828,30.38435],[103.8266,30.38294],[103.82715,30.38181],[103.82618,30.38037],[103.82934,30.3754],[103.83345,30.37618],[103.83517,30.36972],[103.83828,30.36683],[103.83771,30.36495],[103.83887,30.36304],[103.84097,30.3625],[103.84018,30.35615],[103.84325,30.35233],[103.84195,30.35063],[103.84344,30.34948],[103.84401,30.34652],[103.84629,30.34285],[103.84503,30.33923]]},"properties":{"id":"482005270","name":"解放渠","source":"osm","waterway":"canal"}},{"type":"Feature","geometry":{"type":"LineString","coordinates":[[103.93087,30.55568],[103.92939,30.55478]]},"properties":{"id":"485102985","name":"三支渠","source":"osm","waterway":"canal"}},{"type":"Feature","geometry":{"type":"LineString","coordinates":[[103.93943,30.92477],[103.94661,30.91921],[103.95069,30.91784]]},"properties":{"id":"486976056","name":"清白江","source":"osm","waterway":"river"}},{"type":"Feature","geometry":{"type":"LineString","coordinates":[[104.00849,30.56585],[104.00871,30.56565]]},"properties":{"id":"487495697","name":"黄堰河","source":"osm","waterway":"stream"}},{"type":"Feature","geometry":{"type":"LineString","coordinates":[[104.00623,30.56869],[104.00849,30.56585]]},"properties":{"id":"487495698","name":"黄堰河","source":"osm","waterway":"stream"}},{"type":"Feature","geometry":{"type":"LineString","coordinates":[[104.04471,30.59108],[104.04468,30.59039]]},"properties":{"id":"487495708","name":"肖家河","source":"osm","waterway":"stream"}},{"type":"Feature","geometry":{"type":"LineString","coordinates":[[104.04478,30.59292],[104.04474,30.59212]]},"properties":{"id":"487495709","name":"肖家河","source":"osm","waterway":"stream"}},{"type":"Feature","geometry":{"type":"LineString","coordinates":[[104.04439,30.58482],[104.04417,30.57824]]},"properties":{"id":"487495725","name":"肖家河","source":"osm","waterway":"stream"}},{"type":"Feature","geometry":{"type":"LineString","coordinates":[[104.00465,30.57385],[104.00482,30.57316]]},"properties":{"id":"487495727","name":"黄堰河","source":"osm","waterway":"stream"}},{"type":"Feature","geometry":{"type":"LineString","coordinates":[[104.00369,30.57834],[104.00521,30.57836],[104.00398,30.57712],[104.00465,30.57385]]},"properties":{"id":"487495739","name":"黄堰河","source":"osm","waterway":"stream"}},{"type":"Feature","geometry":{"type":"LineString","coordinates":[[104.00335,30.57909],[104.00369,30.57834]]},"properties":{"id":"487495740","name":"黄堰河","source":"osm","waterway":"stream"}},{"type":"Feature","geometry":{"type":"LineString","coordinates":[[104.00146,30.60594],[104.00256,30.6018],[104.00019,30.59649]]},"properties":{"id":"487495742","name":"黄堰河","source":"osm","waterway":"stream"}},{"type":"Feature","geometry":{"type":"LineString","coordinates":[[104.04491,30.59414],[104.04478,30.59292]]},"properties":{"id":"487495743","name":"肖家河","source":"osm","waterway":"stream"}},{"type":"Feature","geometry":{"type":"LineString","coordinates":[[104.0464,30.60022],[104.04641,30.60009]]},"properties":{"id":"487495744","name":"肖家河","source":"osm","waterway":"stream"}},{"type":"Feature","geometry":{"type":"LineString","coordinates":[[104.04437,30.57475],[104.04397,30.57091]]},"properties":{"id":"487495745","name":"肖家河","source":"osm","waterway":"stream"}},{"type":"Feature","geometry":{"type":"LineString","coordinates":[[104.04468,30.59039],[104.04427,30.5877]]},"properties":{"id":"487495748","name":"肖家河","source":"osm","waterway":"stream"}},{"type":"Feature","geometry":{"type":"LineString","coordinates":[[104.04672,30.60155],[104.0464,30.60022]]},"properties":{"id":"487495752","name":"肖家河","source":"osm","waterway":"stream"}},{"type":"Feature","geometry":{"type":"LineString","coordinates":[[104.00576,30.56968],[104.00623,30.56869]]},"properties":{"id":"487495753","name":"黄堰河","source":"osm","waterway":"stream"}},{"type":"Feature","geometry":{"type":"LineString","coordinates":[[104.00482,30.57316],[104.00576,30.56968]]},"properties":{"id":"487495754","name":"黄堰河","source":"osm","waterway":"stream"}},{"type":"Feature","geometry":{"type":"LineString","coordinates":[[103.70638,30.93242],[103.71802,30.92835],[103.72167,30.92591],[103.72556,30.92675]]},"properties":{"id":"495836790","name":"徐堰河","source":"osm","waterway":"canal"}},{"type":"Feature","geometry":{"type":"LineString","coordinates":[[103.69437,30.71765],[103.69813,30.71332],[103.69851,30.70983],[103.70112,30.70865],[103.70651,30.70167],[103.70549,30.69945],[103.70802,30.69564],[103.70814,30.69323],[103.7067,30.69042],[103.70666,30.68854],[103.70843,30.68226],[103.7063,30.6804],[103.70601,30.67891],[103.71383,30.6749],[103.71644,30.67106],[103.71957,30.66823],[103.72053,30.6642],[103.71821,30.66101],[103.71836,30.65982],[103.71638,30.65778],[103.71727,30.65526],[103.71647,30.65215],[103.71732,30.64997],[103.71956,30.64825],[103.71783,30.6455],[103.71803,30.64435],[103.71926,30.64332],[103.72337,30.64318],[103.7229,30.63785],[103.71994,30.63475],[103.7208,30.63098],[103.72495,30.62896],[103.72591,30.62772],[103.72304,30.62576],[103.72389,30.62282],[103.72249,30.62001],[103.72273,30.61806],[103.72813,30.61896],[103.72926,30.61846],[103.73007,30.61407],[103.7283,30.61225],[103.72996,30.61109],[103.7319,30.60734],[103.73319,30.60665],[103.73408,30.60114],[103.73229,30.59667],[103.73364,30.5937],[103.73255,30.59114],[103.73465,30.58963]]},"properties":{"id":"496013615","name":"黑石河","source":"osm","waterway":"river"}},{"type":"Feature","geometry":{"type":"LineString","coordinates":[[104.04971,30.84397],[104.05312,30.84177],[104.05495,30.83956],[104.05403,30.83739],[104.05862,30.8326],[104.06143,30.83161],[104.06278,30.8326],[104.07281,30.83122],[104.07599,30.83431],[104.07876,30.83371],[104.07966,30.83441],[104.08148,30.83262],[104.08053,30.83051],[104.08417,30.82832]]},"properties":{"id":"498707857","name":"老锦水河","source":"osm","waterway":"stream"}},{"type":"Feature","geometry":{"type":"LineString","coordinates":[[104.39275,30.94451],[104.38697,30.92822],[104.3902,30.92022],[104.40634,30.9052],[104.40952,30.89777],[104.41144,30.89544],[104.42148,30.89393],[104.42451,30.89163],[104.42568,30.88986],[104.42756,30.87539],[104.4316,30.87122],[104.43795,30.86857],[104.44018,30.8668],[104.44156,30.86252],[104.44138,30.85457],[104.44355,30.84705]]},"properties":{"id":"50203017","name":"北河","source":"osm","waterway":"river"}},{"type":"Feature","geometry":{"type":"LineString","coordinates":[[104.36897,30.95763],[104.37054,30.95568],[104.38778,30.94876],[104.39275,30.94451]]},"properties":{"id":"50203029","name":"石亭江","source":"osm","waterway":"river"}},{"type":"Feature","geometry":{"type":"LineString","coordinates":[[103.96392,30.91506],[103.97276,30.91282],[103.9898,30.9109],[104.00876,30.91421],[104.01301,30.91606],[104.01862,30.92116],[104.02297,30.92166],[104.03085,30.91701],[104.03436,30.91666],[104.04408,30.91915],[104.0519,30.92462],[104.05485,30.92467],[104.05956,30.92173],[104.06235,30.92107],[104.06943,30.92124],[104.07753,30.91844],[104.08761,30.91738],[104.09716,30.91509],[104.11165,30.91732],[104.11927,30.9134],[104.12098,30.91337],[104.12972,30.91703],[104.13509,30.91634],[104.1403,30.91783],[104.14625,30.9157],[104.15444,30.91477],[104.15837,30.91912],[104.16164,30.92042],[104.16608,30.92071],[104.1681,30.91942],[104.1692,30.91521],[104.17173,30.91404],[104.17415,30.91414],[104.17766,30.91587],[104.17946,30.91561],[104.18513,30.91184],[104.1917,30.91489],[104.20025,30.9153],[104.20229,30.91463],[104.20445,30.91145],[104.20777,30.90868],[104.21282,30.90607],[104.21527,30.90616]]},"properties":{"id":"50203054","name":"清白江","source":"osm","waterway":"river"}},{"type":"Feature","geometry":{"type":"LineString","coordinates":[[104.10511,30.40136],[104.10721,30.39674],[104.10784,30.39324],[104.10702,30.39142],[104.10552,30.39064],[104.10335,30.39116],[104.09494,30.39594],[104.09266,30.39897],[104.08855,30.39944],[104.0851,30.40103],[104.07806,30.401],[104.07604,30.40183],[104.07365,30.40624],[104.06818,30.40466],[104.06538,30.40206]]},"properties":{"id":"503103317","name":"鹿溪河","source":"osm","waterway":"river"}},{"type":"Feature","geometry":{"type":"LineString","coordinates":[[103.82755,30.407],[103.84308,30.39732],[103.84653,30.39689],[103.85418,30.39258],[103.85805,30.38836],[103.85974,30.38158],[103.85975,30.37714],[103.86349,30.36839],[103.86417,30.3651],[103.86961,30.35352],[103.86897,30.35157],[103.86481,30.34734],[103.86539,30.33923],[103.86771,30.33092],[103.87007,30.32503],[103.87647,30.31921],[103.87974,30.30767],[103.87794,30.29439],[103.87936,30.292],[103.88696,30.28563],[103.88858,30.27986],[103.88739,30.27266],[103.88787,30.26662],[103.89164,30.25969],[103.89864,30.25268],[103.89965,30.2426],[103.9034,30.23063],[103.90393,30.22357]]},"properties":{"id":"50982274","name":"南河","source":"osm","waterway":"river"}},{"type":"Feature","geometry":{"type":"LineString","coordinates":[[103.98263,30.73355],[103.98285,30.73319]]},"properties":{"id":"513063145","name":"杨柳河","source":"osm","waterway":"stream"}},{"type":"Feature","geometry":{"type":"LineString","coordinates":[[104.08774,30.516],[104.08343,30.50779],[104.08284,30.50095],[104.07929,30.50013]]},"properties":{"id":"529597774","name":"大沙江","source":"osm","waterway":"stream"}},{"type":"Feature","geometry":{"type":"LineString","coordinates":[[103.73465,30.58963],[103.73633,30.58976],[103.73653,30.5912],[103.73749,30.59181],[103.73944,30.59167],[103.74035,30.58971],[103.74155,30.59001],[103.7429,30.58925],[103.74409,30.58663],[103.74851,30.58568],[103.74771,30.58317],[103.74849,30.58126],[103.74952,30.58097],[103.75045,30.58206],[103.75132,30.58191],[103.75244,30.57833],[103.75411,30.57679],[103.7535,30.57585],[103.7507,30.5759],[103.75022,30.57521],[103.75516,30.57213],[103.75651,30.56853],[103.75777,30.56813],[103.76572,30.55715],[103.76785,30.55616],[103.76676,30.55328],[103.76488,30.55309],[103.76495,30.55117],[103.76917,30.55243],[103.77395,30.55045],[103.77462,30.54892],[103.77151,30.54772],[103.77146,30.54683],[103.77272,30.54631],[103.77579,30.54678],[103.77643,30.54465],[103.77912,30.54411],[103.7806,30.5419]]},"properties":{"id":"536622952","name":"黑石河","source":"osm","waterway":"river"}},{"type":"Feature","geometry":{"type":"LineString","coordinates":[[103.66599,30.88932],[103.66741,30.87891],[103.67396,30.87159],[103.6757,30.86044],[103.67916,30.85487],[103.67926,30.85001],[103.68435,30.84234],[103.6851,30.83972],[103.68267,30.83516],[103.68105,30.82979],[103.68525,30.82418],[103.68821,30.81766],[103.69022,30.81552],[103.6869,30.80976],[103.69016,30.7947],[103.69219,30.79182],[103.69389,30.78578],[103.69432,30.77812],[103.69585,30.77582],[103.69579,30.77103],[103.69753,30.76922],[103.7069,30.76633]]},"properties":{"id":"536670589","name":"羊马河","source":"osm","waterway":"stream"}},{"type":"Feature","geometry":{"type":"LineString","coordinates":[[104.22958,30.45848],[104.28815,30.43425]]},"properties":{"id":"538200877","name":"龙泉山引水隧洞","source":"osm","waterway":"canal"}},{"type":"Feature","geometry":{"type":"LineString","coordinates":[[103.79378,30.6068],[103.7951,30.60231],[103.79448,30.59958],[103.79742,30.59525],[103.79537,30.59396],[103.7963,30.59183],[103.79589,30.59117],[103.79949,30.58867],[103.80031,30.58533],[103.80363,30.58325],[103.80374,30.5804],[103.80535,30.57944],[103.80507,30.57627],[103.80715,30.57402],[103.80689,30.57286],[103.80779,30.57207],[103.80676,30.57037],[103.80313,30.56959],[103.80271,30.56806],[103.80896,30.56687],[103.80951,30.5659],[103.80741,30.56331],[103.80831,30.55751],[103.80412,30.55234],[103.80422,30.5505],[103.80556,30.54865],[103.80431,30.54559],[103.80579,30.54436],[103.80545,30.54013],[103.80139,30.53693],[103.80212,30.53473],[103.80031,30.53318],[103.80039,30.53205],[103.80108,30.53084],[103.80304,30.53104],[103.80402,30.53136],[103.80444,30.53264],[103.80622,30.53286],[103.80825,30.53236],[103.81033,30.53033],[103.80541,30.5276],[103.8049,30.52588],[103.80764,30.52433],[103.81169,30.52481],[103.81328,30.52322],[103.81366,30.52185],[103.81217,30.51833],[103.81306,30.5172],[103.81535,30.51675],[103.81579,30.51551],[103.81533,30.51463],[103.81173,30.51325],[103.8134,30.50867],[103.8161,30.50855],[103.81725,30.50961],[103.81743,30.51167],[103.81888,30.51232],[103.82041,30.51173],[103.82161,30.50904]]},"properties":{"id":"542827123","name":"石鱼河","source":"osm","waterway":"stream"}},{"type":"Feature","geometry":{"type":"LineString","coordinates":[[103.91375,30.75614],[103.9133,30.75322],[103.91388,30.75281]]},"properties":{"id":"544278520","name":"走马河","source":"osm","waterway":"stream"}},{"type":"Feature","geometry":{"type":"LineString","coordinates":[[104.21447,30.60159],[104.21828,30.602],[104.21947,30.60391],[104.21787,30.60449],[104.21756,30.60704],[104.21916,30.6127],[104.22206,30.61325],[104.22251,30.61444],[104.22133,30.61556],[104.22126,30.6179],[104.22021,30.62029],[104.21942,30.62045],[104.21977,30.62117],[104.21662,30.62854],[104.21935,30.62897],[104.22027,30.6307],[104.21981,30.63174],[104.22308,30.63577],[104.23465,30.6436]]},"properties":{"id":"56454372","name":"西河","source":"osm","waterway":"stream"}},{"type":"Feature","geometry":{"type":"LineString","coordinates":[[104.25523,30.61521],[104.25461,30.61693],[104.25103,30.61876],[104.25094,30.62029],[104.25199,30.62113],[104.25015,30.62567],[104.24736,30.6261],[104.24812,30.62718],[104.24773,30.62952],[104.24864,30.63056],[104.24727,30.63782],[104.24794,30.63868],[104.24626,30.63887],[104.24523,30.6404],[104.24661,30.64182],[104.24416,30.6414],[104.24337,30.64312],[104.23935,30.64277],[104.23994,30.6448],[104.23769,30.64513]]},"properties":{"id":"56454373","name":"西江河","source":"osm","waterway":"stream"}},{"type":"Feature","geometry":{"type":"LineString","coordinates":[[104.23769,30.64513],[104.23838,30.65017]]},"properties":{"id":"56454386","name":"西江河","source":"osm","waterway":"river"}},{"type":"Feature","geometry":{"type":"LineString","coordinates":[[104.17122,30.67651],[104.17452,30.67144],[104.1814,30.66808],[104.18923,30.65516],[104.19938,30.65515],[104.19971,30.65668],[104.20256,30.65903]]},"properties":{"id":"56454406","name":"清水河","source":"osm","waterway":"stream"}},{"type":"Feature","geometry":{"type":"LineString","coordinates":[[104.24012,30.67779],[104.24418,30.67844],[104.24593,30.67784],[104.24805,30.67901],[104.24789,30.68112],[104.24544,30.68053],[104.2447,30.68179],[104.24629,30.68353],[104.24831,30.68379],[104.24952,30.68311],[104.25039,30.68366],[104.25022,30.68785],[104.24894,30.68938],[104.25065,30.6901],[104.25198,30.68881],[104.25305,30.6891]]},"properties":{"id":"56454429","name":"西江河","source":"osm","waterway":"river"}},{"type":"Feature","geometry":{"type":"LineString","coordinates":[[104.23624,30.6819],[104.23715,30.68176],[104.2367,30.68332],[104.2381,30.68387],[104.23925,30.68588],[104.24147,30.68529],[104.24211,30.68592],[104.24398,30.68568],[104.24676,30.68451],[104.24704,30.68579],[104.2501,30.68625]]},"properties":{"id":"56454431","name":"大庙河","source":"osm","waterway":"stream"}},{"type":"Feature","geometry":{"type":"LineString","coordinates":[[104.28776,30.74803],[104.28786,30.74961],[104.28698,30.75071],[104.2801,30.75408],[104.27876,30.7584],[104.27674,30.75946],[104.27421,30.75927],[104.27398,30.76037],[104.27811,30.76363],[104.28284,30.76579],[104.28266,30.77338],[104.28503,30.77828],[104.28642,30.7792],[104.28746,30.77925],[104.28919,30.77776],[104.28967,30.77592],[104.28911,30.77485],[104.28969,30.77446],[104.29226,30.7752],[104.29576,30.7786],[104.29821,30.77874],[104.29944,30.77795],[104.30071,30.77418],[104.30577,30.77653],[104.30618,30.77906],[104.30691,30.77948],[104.308,30.77906],[104.30918,30.77649],[104.3118,30.77599],[104.31621,30.77898],[104.31989,30.77787],[104.32235,30.78027],[104.32261,30.78249],[104.31734,30.79232],[104.32034,30.79573],[104.32398,30.79482],[104.32518,30.79558],[104.32408,30.79981],[104.31996,30.80015],[104.31897,30.80228],[104.32082,30.80482],[104.3226,30.80537],[104.32469,30.80926],[104.32485,30.81172],[104.32282,30.81485],[104.32312,30.81871],[104.32379,30.8198],[104.32722,30.82097]]},"properties":{"id":"56456271","name":"西江河","source":"osm","waterway":"river"}},{"type":"Feature","geometry":{"type":"LineString","coordinates":[[103.7594,30.91069],[103.76033,30.90817],[103.76349,30.90652],[103.76624,30.90665],[103.76699,30.90441],[103.77014,30.90588],[103.77153,30.9055],[103.77213,30.90442],[103.7713,30.90262],[103.77229,30.90169],[103.7783,30.90339],[103.7796,30.90265],[103.77944,30.9012],[103.7801,30.90063],[103.78333,30.90092],[103.78756,30.89947],[103.78985,30.90088],[103.79255,30.89806],[103.79663,30.89865],[103.79803,30.90024],[103.79942,30.90021],[103.80018,30.89915],[103.79783,30.89651],[103.80606,30.89383],[103.80693,30.89436],[103.80632,30.89634],[103.80717,30.89713],[103.81568,30.89406],[103.81818,30.8954],[103.82094,30.89313],[103.82554,30.89244],[103.82615,30.89046],[103.83087,30.89277],[103.83511,30.89296],[103.83897,30.89017],[103.8425,30.88976],[103.84418,30.88758],[103.84754,30.89067],[103.85056,30.89117],[103.85169,30.88831],[103.85492,30.88864],[103.85719,30.88649],[103.86522,30.88482],[103.86861,30.8829],[103.87454,30.88149],[103.87623,30.88],[103.87703,30.87758],[103.87959,30.87801],[103.88427,30.87692],[103.88615,30.87525],[103.89023,30.87377],[103.89517,30.87003],[103.90022,30.86941],[103.90106,30.86698],[103.90496,30.86223],[103.90731,30.86123],[103.9108,30.86112],[103.91211,30.85996],[103.91242,30.85642],[103.91962,30.85571],[103.92121,30.85215],[103.92585,30.85015],[103.92802,30.84557],[103.92727,30.84377],[103.92799,30.8426],[103.9316,30.84281],[103.9349,30.84427],[103.93576,30.84416],[103.93789,30.84101],[103.93991,30.84],[103.94488,30.84121],[103.95405,30.83896],[103.96172,30.83976],[103.96378,30.83912]]},"properties":{"id":"566353494","name":"徐堰河","source":"osm","waterway":"river"}},{"type":"Feature","geometry":{"type":"LineString","coordinates":[[104.08651,30.72292],[104.08859,30.7235],[104.08933,30.72275],[104.09207,30.72252]]},"properties":{"id":"570400703","name":"凤凰河","source":"osm","waterway":"stream"}},{"type":"Feature","geometry":{"type":"LineString","coordinates":[[104.04014,30.68013],[104.04343,30.67749],[104.04496,30.6772],[104.04509,30.67603]]},"properties":{"id":"576684196","name":"三道河","source":"osm","waterway":"stream"}},{"type":"Feature","geometry":{"type":"LineString","coordinates":[[104.03351,30.71862],[104.03578,30.71531]]},"properties":{"id":"577387842","name":"马家堰","source":"osm","waterway":"canal"}},{"type":"Feature","geometry":{"type":"LineString","coordinates":[[104.01875,30.72678],[104.02378,30.72294]]},"properties":{"id":"582875645","name":"马家堰","source":"osm","waterway":"canal"}},{"type":"Feature","geometry":{"type":"LineString","coordinates":[[103.89441,30.48619],[103.8951,30.48546],[103.89312,30.48482],[103.89446,30.48275],[103.8917,30.47957],[103.89348,30.47878],[103.8926,30.47562],[103.89382,30.47505],[103.89642,30.47722],[103.89698,30.47528],[103.89913,30.47432],[103.89751,30.47206],[103.89735,30.4705],[103.89849,30.46917],[103.90086,30.46839],[103.90053,30.46973],[103.90288,30.47119],[103.90237,30.46818],[103.90421,30.4661],[103.90164,30.46426],[103.89789,30.46553],[103.89402,30.46456],[103.89246,30.46331],[103.89187,30.46132],[103.89289,30.45988],[103.89713,30.45913],[103.89672,30.45776],[103.89809,30.45638],[103.89734,30.45574],[103.89688,30.45637],[103.894,30.45624],[103.89222,30.45262],[103.89428,30.45268],[103.89404,30.45153],[103.89511,30.45057],[103.89475,30.44777],[103.89546,30.44676],[103.89418,30.44622],[103.89491,30.44533],[103.89434,30.44265],[103.89544,30.44165],[103.89501,30.4394],[103.89566,30.43788],[103.89486,30.43105],[103.89113,30.42944],[103.89162,30.42866],[103.89554,30.42798],[103.89697,30.42597],[103.89886,30.42649],[103.89995,30.42597],[103.89844,30.42391],[103.90132,30.42365],[103.90254,30.42428],[103.90261,30.42336],[103.90158,30.42258],[103.90046,30.42294]]},"properties":{"id":"587191999","name":"牧山干渠","source":"osm","waterway":"canal"}},{"type":"Feature","geometry":{"type":"LineString","coordinates":[[104.23635,30.80659],[104.23934,30.80825],[104.24725,30.80724]]},"properties":{"id":"592226529","name":"毗河","source":"osm","waterway":"river"}},{"type":"Feature","geometry":{"type":"LineString","coordinates":[[103.89384,30.77373],[103.89546,30.77438],[103.89792,30.77163]]},"properties":{"id":"605609619","name":"走马河","source":"osm","waterway":"stream"}},{"type":"Feature","geometry":{"type":"LineString","coordinates":[[103.91347,30.75671],[103.91375,30.75614]]},"properties":{"id":"605609620","name":"走马河","source":"osm","waterway":"stream"}},{"type":"Feature","geometry":{"type":"LineString","coordinates":[[103.90089,30.76817],[103.90125,30.76775]]},"properties":{"id":"605634658","name":"走马河","source":"osm","waterway":"stream"}},{"type":"Feature","geometry":{"type":"LineString","coordinates":[[103.90125,30.76775],[103.9029,30.76584]]},"properties":{"id":"605634661","name":"走马河","source":"osm","waterway":"stream"}},{"type":"Feature","geometry":{"type":"LineString","coordinates":[[103.9029,30.76584],[103.90329,30.76541]]},"properties":{"id":"605634663","name":"走马河","source":"osm","waterway":"stream"}},{"type":"Feature","geometry":{"type":"LineString","coordinates":[[103.90329,30.76541],[103.90543,30.76296]]},"properties":{"id":"605634665","name":"走马河","source":"osm","waterway":"stream"}},{"type":"Feature","geometry":{"type":"LineString","coordinates":[[103.90543,30.76296],[103.9057,30.76267]]},"properties":{"id":"605634667","name":"走马河","source":"osm","waterway":"stream"}},{"type":"Feature","geometry":{"type":"LineString","coordinates":[[103.9057,30.76267],[103.90653,30.76168]]},"properties":{"id":"605634669","name":"走马河","source":"osm","waterway":"stream"}},{"type":"Feature","geometry":{"type":"LineString","coordinates":[[103.90653,30.76168],[103.90672,30.76148]]},"properties":{"id":"605634671","name":"走马河","source":"osm","waterway":"stream"}},{"type":"Feature","geometry":{"type":"LineString","coordinates":[[103.90672,30.76148],[103.90807,30.76021]]},"properties":{"id":"605634674","name":"走马河","source":"osm","waterway":"stream"}},{"type":"Feature","geometry":{"type":"LineString","coordinates":[[103.90807,30.76021],[103.9085,30.75989]]},"properties":{"id":"605634676","name":"走马河","source":"osm","waterway":"stream"}},{"type":"Feature","geometry":{"type":"LineString","coordinates":[[103.9085,30.75989],[103.9105,30.75846]]},"properties":{"id":"605634678","name":"走马河","source":"osm","waterway":"stream"}},{"type":"Feature","geometry":{"type":"LineString","coordinates":[[103.9105,30.75846],[103.91082,30.75824]]},"properties":{"id":"605634680","name":"走马河","source":"osm","waterway":"stream"}},{"type":"Feature","geometry":{"type":"LineString","coordinates":[[103.91082,30.75824],[103.91347,30.75671]]},"properties":{"id":"605634683","name":"走马河","source":"osm","waterway":"stream"}},{"type":"Feature","geometry":{"type":"LineString","coordinates":[[103.91388,30.75281],[103.91428,30.75271]]},"properties":{"id":"605638635","name":"走马河","source":"osm","waterway":"stream"}},{"type":"Feature","geometry":{"type":"LineString","coordinates":[[103.91549,30.75173],[103.91756,30.75099]]},"properties":{"id":"605638636","name":"走马河","source":"osm","waterway":"stream"}},{"type":"Feature","geometry":{"type":"LineString","coordinates":[[103.99119,30.73636],[103.99264,30.73716]]},"properties":{"id":"605841219","name":"金牛支渠","source":"osm","waterway":"canal"}},{"type":"Feature","geometry":{"type":"LineString","coordinates":[[104.00146,30.74046],[104.00861,30.74521]]},"properties":{"id":"605841220","name":"金牛支渠","source":"osm","waterway":"canal"}},{"type":"Feature","geometry":{"type":"LineString","coordinates":[[104.08689,30.76924],[104.08734,30.7677],[104.09137,30.76764],[104.09395,30.76843],[104.09431,30.76713],[104.0924,30.76584],[104.09208,30.76395],[104.09596,30.76201],[104.09817,30.76236],[104.09823,30.76422],[104.09695,30.76545],[104.09706,30.76632],[104.10057,30.76749],[104.10426,30.76605],[104.10543,30.76467],[104.10542,30.76265],[104.10849,30.76323],[104.11153,30.76236],[104.11206,30.76281],[104.11101,30.76742],[104.11155,30.76853],[104.1164,30.7697],[104.11687,30.77263],[104.12125,30.77394],[104.12204,30.77497]]},"properties":{"id":"606142513","name":"九道堰","source":"osm","waterway":"canal"}},{"type":"Feature","geometry":{"type":"LineString","coordinates":[[104.03796,30.72585],[104.03718,30.72763],[104.03767,30.72948],[104.04312,30.73154],[104.04345,30.73016],[104.04005,30.72677],[104.03995,30.72558]]},"properties":{"id":"650109808","name":"府河","source":"osm","waterway":"river"}},{"type":"Feature","geometry":{"type":"LineString","coordinates":[[104.24755,30.83756],[104.25079,30.84124],[104.26034,30.83543]]},"properties":{"id":"654988290","name":"绣川河","source":"osm","waterway":"canal"}},{"type":"Feature","geometry":{"type":"LineString","coordinates":[[103.90162,30.78516],[103.91862,30.77175]]},"properties":{"id":"666014553","name":"磨底河","source":"osm","waterway":"stream"}},{"type":"Feature","geometry":{"type":"LineString","coordinates":[[103.89846,30.789],[103.89895,30.78876]]},"properties":{"id":"666014554","name":"磨底河","source":"osm","waterway":"stream"}},{"type":"Feature","geometry":{"type":"LineString","coordinates":[[103.86732,30.79885],[103.86848,30.79774],[103.86788,30.79662],[103.86839,30.79571],[103.87333,30.79484]]},"properties":{"id":"666014557","name":"磨底河","source":"osm","waterway":"stream"}},{"type":"Feature","geometry":{"type":"LineString","coordinates":[[104.07655,30.68686],[104.07626,30.68616]]},"properties":{"id":"666038033","name":"小沙河","source":"osm","waterway":"stream"}},{"type":"Feature","geometry":{"type":"LineString","coordinates":[[104.04998,30.54014],[104.05049,30.54014]]},"properties":{"id":"666790741","name":"艾家沟","source":"osm","waterway":"stream"}},{"type":"Feature","geometry":{"type":"LineString","coordinates":[[104.04762,30.54012],[104.04998,30.54014]]},"properties":{"id":"666790742","name":"艾家沟","source":"osm","waterway":"stream"}},{"type":"Feature","geometry":{"type":"LineString","coordinates":[[103.94507,30.54866],[103.94224,30.54739],[103.93534,30.54813],[103.93496,30.54667],[103.93283,30.54476],[103.93314,30.54206],[103.93203,30.54159],[103.93136,30.54161],[103.93088,30.54404],[103.92933,30.54518],[103.92651,30.54465],[103.92627,30.54292],[103.92077,30.54207],[103.91642,30.53958],[103.91555,30.53834],[103.9172,30.53359],[103.91422,30.53455],[103.91361,30.53676],[103.90776,30.53711],[103.90691,30.53614]]},"properties":{"id":"668671971","name":"牧山干渠","source":"osm","waterway":"canal"}},{"type":"Feature","geometry":{"type":"LineString","coordinates":[[103.95076,30.55455],[103.94974,30.55442],[103.94507,30.54866]]},"properties":{"id":"668671972","name":"牧山干渠","source":"osm","waterway":"canal"}},{"type":"Feature","geometry":{"type":"LineString","coordinates":[[104.07725,30.70813],[104.07892,30.70093]]},"properties":{"id":"673107288","name":"小沙河","source":"osm","waterway":"stream"}},{"type":"Feature","geometry":{"type":"LineString","coordinates":[[104.07883,30.69724],[104.07881,30.69651]]},"properties":{"id":"673107290","name":"小沙河","source":"osm","waterway":"stream"}},{"type":"Feature","geometry":{"type":"LineString","coordinates":[[104.07881,30.69651],[104.07837,30.69236]]},"properties":{"id":"673107291","name":"小沙河","source":"osm","waterway":"stream"}},{"type":"Feature","geometry":{"type":"LineString","coordinates":[[104.07222,30.7289],[104.07328,30.72819]]},"properties":{"id":"673295799","name":"凤凰河","source":"osm","waterway":"stream"}},{"type":"Feature","geometry":{"type":"LineString","coordinates":[[104.07328,30.72819],[104.07446,30.72618],[104.07843,30.72516]]},"properties":{"id":"673295800","name":"凤凰河","source":"osm","waterway":"stream"}},{"type":"Feature","geometry":{"type":"LineString","coordinates":[[104.07843,30.72516],[104.08029,30.72468]]},"properties":{"id":"673295803","name":"凤凰河","source":"osm","waterway":"stream"}},{"type":"Feature","geometry":{"type":"LineString","coordinates":[[104.08029,30.72468],[104.08196,30.72439]]},"properties":{"id":"673295804","name":"凤凰河","source":"osm","waterway":"stream"}},{"type":"Feature","geometry":{"type":"LineString","coordinates":[[104.08196,30.72439],[104.08263,30.72421]]},"properties":{"id":"673295805","name":"凤凰河","source":"osm","waterway":"stream"}},{"type":"Feature","geometry":{"type":"LineString","coordinates":[[104.09201,30.72207],[104.09234,30.72125]]},"properties":{"id":"673295806","name":"凤凰河","source":"osm","waterway":"stream"}},{"type":"Feature","geometry":{"type":"LineString","coordinates":[[104.09234,30.72125],[104.09422,30.71953],[104.09668,30.71931],[104.09918,30.71644]]},"properties":{"id":"673295807","name":"凤凰河","source":"osm","waterway":"stream"}},{"type":"Feature","geometry":{"type":"LineString","coordinates":[[104.06769,30.73311],[104.06785,30.73301]]},"properties":{"id":"673295829","name":"凤凰河","source":"osm","waterway":"stream"}},{"type":"Feature","geometry":{"type":"LineString","coordinates":[[104.06785,30.73301],[104.06917,30.73175]]},"properties":{"id":"673295830","name":"凤凰河","source":"osm","waterway":"stream"}},{"type":"Feature","geometry":{"type":"LineString","coordinates":[[104.06641,30.74075],[104.06663,30.74074]]},"properties":{"id":"673295831","name":"凤凰河","source":"osm","waterway":"stream"}},{"type":"Feature","geometry":{"type":"LineString","coordinates":[[104.06663,30.74074],[104.06553,30.73473],[104.06769,30.73311]]},"properties":{"id":"673295832","name":"凤凰河","source":"osm","waterway":"stream"}},{"type":"Feature","geometry":{"type":"LineString","coordinates":[[104.06917,30.73175],[104.0695,30.73169]]},"properties":{"id":"673295833","name":"凤凰河","source":"osm","waterway":"stream"}},{"type":"Feature","geometry":{"type":"LineString","coordinates":[[104.0695,30.73169],[104.07004,30.72981],[104.07222,30.7289]]},"properties":{"id":"673295834","name":"凤凰河","source":"osm","waterway":"stream"}},{"type":"Feature","geometry":{"type":"LineString","coordinates":[[104.06395,30.744],[104.06421,30.74365]]},"properties":{"id":"673295835","name":"凤凰河","source":"osm","waterway":"stream"}},{"type":"Feature","geometry":{"type":"LineString","coordinates":[[104.06421,30.74365],[104.06427,30.74357]]},"properties":{"id":"673295836","name":"凤凰河","source":"osm","waterway":"stream"}},{"type":"Feature","geometry":{"type":"LineString","coordinates":[[104.06427,30.74357],[104.06435,30.74346]]},"properties":{"id":"673295837","name":"凤凰河","source":"osm","waterway":"stream"}},{"type":"Feature","geometry":{"type":"LineString","coordinates":[[104.06435,30.74346],[104.06641,30.74075]]},"properties":{"id":"673295838","name":"凤凰河","source":"osm","waterway":"stream"}},{"type":"Feature","geometry":{"type":"LineString","coordinates":[[104.05325,30.72151],[104.05418,30.72137]]},"properties":{"id":"673295843","name":"沙河","source":"osm","waterway":"river"}},{"type":"Feature","geometry":{"type":"LineString","coordinates":[[103.99511,30.69029],[103.99529,30.68979]]},"properties":{"id":"674358323","name":"摸底河","source":"osm","waterway":"river"}},{"type":"Feature","geometry":{"type":"LineString","coordinates":[[103.99529,30.68979],[103.99569,30.68953]]},"properties":{"id":"674358324","name":"摸底河","source":"osm","waterway":"river"}},{"type":"Feature","geometry":{"type":"LineString","coordinates":[[103.97287,30.68187],[103.97355,30.68187]]},"properties":{"id":"674358333","name":"苏坡排洪河","source":"osm","waterway":"canal"}},{"type":"Feature","geometry":{"type":"LineString","coordinates":[[103.96421,30.68207],[103.96455,30.68196]]},"properties":{"id":"674358335","name":"苏坡排洪河","source":"osm","waterway":"canal"}},{"type":"Feature","geometry":{"type":"LineString","coordinates":[[103.96455,30.68196],[103.96681,30.68135],[103.97287,30.68187]]},"properties":{"id":"674358336","name":"苏坡排洪河","source":"osm","waterway":"canal"}},{"type":"Feature","geometry":{"type":"LineString","coordinates":[[104.16993,30.71111],[104.17023,30.71057]]},"properties":{"id":"675472820","name":"大庙河","source":"osm","waterway":"stream"}},{"type":"Feature","geometry":{"type":"LineString","coordinates":[[104.16611,30.71107],[104.16993,30.71111]]},"properties":{"id":"675472821","name":"大庙河","source":"osm","waterway":"stream"}},{"type":"Feature","geometry":{"type":"LineString","coordinates":[[104.16569,30.7112],[104.16611,30.71107]]},"properties":{"id":"675586142","name":"大庙河","source":"osm","waterway":"stream"}},{"type":"Feature","geometry":{"type":"LineString","coordinates":[[104.15293,30.71161],[104.15423,30.71144],[104.15496,30.71266],[104.15642,30.71289],[104.15971,30.71229]]},"properties":{"id":"675586143","name":"大庙河","source":"osm","waterway":"stream"}},{"type":"Feature","geometry":{"type":"LineString","coordinates":[[104.27361,30.82796],[104.28329,30.82629]]},"properties":{"id":"675586170","name":"羊叉河","source":"osm","waterway":"stream"}},{"type":"Feature","geometry":{"type":"LineString","coordinates":[[104.27324,30.82805],[104.27361,30.82796]]},"properties":{"id":"675586171","name":"羊叉河","source":"osm","waterway":"stream"}},{"type":"Feature","geometry":{"type":"LineString","coordinates":[[103.76271,30.67517],[103.76064,30.67285],[103.76156,30.67224],[103.76117,30.67139],[103.76269,30.67048]]},"properties":{"id":"677242820","name":"石鱼河","source":"osm","waterway":"stream"}},{"type":"Feature","geometry":{"type":"LineString","coordinates":[[103.76269,30.67048],[103.76302,30.67019]]},"properties":{"id":"677242823","name":"石鱼河","source":"osm","waterway":"stream"}},{"type":"Feature","geometry":{"type":"LineString","coordinates":[[103.76302,30.67019],[103.76334,30.66891]]},"properties":{"id":"677242824","name":"石鱼河","source":"osm","waterway":"stream"}},{"type":"Feature","geometry":{"type":"LineString","coordinates":[[104.09126,30.63013],[104.08696,30.62409],[104.08668,30.62104],[104.08791,30.61729],[104.0842,30.61505]]},"properties":{"id":"678099908","name":"锦江","source":"osm","waterway":"river"}},{"type":"Feature","geometry":{"type":"LineString","coordinates":[[104.07234,30.54931],[104.0758,30.54814],[104.07607,30.54456],[104.07769,30.54295]]},"properties":{"id":"678102034","name":"锦江","source":"osm","waterway":"river"}},{"type":"Feature","geometry":{"type":"LineString","coordinates":[[104.11069,30.66653],[104.112,30.6673],[104.11328,30.66999],[104.11506,30.67025],[104.12423,30.66263],[104.12349,30.66117],[104.12532,30.658],[104.12474,30.65576],[104.12634,30.6522],[104.12521,30.64817],[104.12346,30.64516],[104.12146,30.644],[104.11351,30.63165],[104.10872,30.62927],[104.10689,30.62715],[104.10666,30.62047],[104.10369,30.61717],[104.09612,30.6156],[104.09215,30.61136],[104.08589,30.60909]]},"properties":{"id":"678857507","name":"沙河","source":"osm","waterway":"river"}},{"type":"Feature","geometry":{"type":"LineString","coordinates":[[103.88298,30.77115],[103.88457,30.77066],[103.88739,30.76776],[103.88833,30.76572],[103.89389,30.75944],[103.90229,30.75477],[103.90911,30.75234],[103.91187,30.74907],[103.91529,30.7469],[103.91798,30.74289],[103.92942,30.735],[103.93139,30.73408],[103.93503,30.73424],[103.94098,30.73105],[103.94496,30.72338],[103.9515,30.72435],[103.9529,30.72315],[103.95188,30.72208],[103.95174,30.7194],[103.95312,30.7186],[103.95515,30.71961],[103.95839,30.71881],[103.96016,30.7155],[103.95962,30.71403],[103.96262,30.71459],[103.96831,30.71375],[103.96924,30.7108],[103.96887,30.70803],[103.97153,30.70754],[103.97102,30.7064],[103.97175,30.70451],[103.97094,30.70184],[103.97651,30.6979],[103.98001,30.69127],[103.97995,30.68939],[103.98131,30.68686],[103.97887,30.68495],[103.97926,30.68182],[103.98069,30.68038],[103.98164,30.67712],[103.98456,30.67667],[103.98565,30.67506],[103.98561,30.67331],[103.98273,30.67083],[103.98284,30.66896],[103.98176,30.66766],[103.9821,30.66573],[103.98401,30.66494],[103.9843,30.66325],[103.98617,30.66296],[103.98706,30.66047],[103.98804,30.66084],[103.98837,30.66331],[103.98954,30.66302],[103.99023,30.66134],[103.99222,30.66114],[103.9925,30.66007],[103.9912,30.6585],[103.99172,30.65693],[103.99271,30.65677],[103.99497,30.65821],[103.99455,30.65996],[103.99532,30.66255],[103.99677,30.66353],[104.00042,30.66196],[104.00312,30.66193],[104.00399,30.6602],[104.00305,30.65753],[104.00569,30.65521],[104.01109,30.65679],[104.01376,30.65968],[104.01763,30.65929],[104.01962,30.65476],[104.02312,30.65655],[104.02941,30.65682],[104.03057,30.65806],[104.03421,30.65851],[104.03598,30.65993]]},"properties":{"id":"682710210","name":"清水河","source":"osm","waterway":"river"}},{"type":"Feature","geometry":{"type":"LineString","coordinates":[[103.89937,30.78852],[103.90137,30.78568]]},"properties":{"id":"687913873","name":"磨底河","source":"osm","waterway":"stream"}},{"type":"Feature","geometry":{"type":"LineString","coordinates":[[103.90137,30.78568],[103.90162,30.78516]]},"properties":{"id":"687913874","name":"磨底河","source":"osm","waterway":"stream"}},{"type":"Feature","geometry":{"type":"LineString","coordinates":[[103.89906,30.78869],[103.89937,30.78852]]},"properties":{"id":"687913875","name":"磨底河","source":"osm","waterway":"stream"}},{"type":"Feature","geometry":{"type":"LineString","coordinates":[[103.91198,30.8045],[103.91571,30.80229]]},"properties":{"id":"687932350","name":"沱江河","source":"osm","waterway":"river"}},{"type":"Feature","geometry":{"type":"LineString","coordinates":[[103.91087,30.80513],[103.91198,30.8045]]},"properties":{"id":"687932351","name":"沱江河","source":"osm","waterway":"river"}},{"type":"Feature","geometry":{"type":"LineString","coordinates":[[103.91571,30.80229],[103.91627,30.80196]]},"properties":{"id":"687932352","name":"沱江河","source":"osm","waterway":"river"}},{"type":"Feature","geometry":{"type":"LineString","coordinates":[[103.91627,30.80196],[103.92105,30.79914]]},"properties":{"id":"687932353","name":"沱江河","source":"osm","waterway":"river"}},{"type":"Feature","geometry":{"type":"LineString","coordinates":[[103.92344,30.79766],[103.92422,30.79731]]},"properties":{"id":"687932354","name":"沱江河","source":"osm","waterway":"river"}},{"type":"Feature","geometry":{"type":"LineString","coordinates":[[103.92422,30.79731],[103.93452,30.79144],[103.93865,30.78722],[103.93997,30.78733],[103.94197,30.78608],[103.94333,30.78378],[103.94266,30.78191],[103.94692,30.77939],[103.94924,30.77985],[103.95317,30.77706],[103.95379,30.77527],[103.95572,30.77525],[103.95921,30.77309],[103.96106,30.7735],[103.96347,30.77251],[103.9656,30.7732],[103.96874,30.77197],[103.97325,30.76629],[103.97607,30.76426],[103.97829,30.76404]]},"properties":{"id":"687932355","name":"沱江河","source":"osm","waterway":"river"}},{"type":"Feature","geometry":{"type":"LineString","coordinates":[[103.91756,30.75099],[103.91808,30.75069]]},"properties":{"id":"693513893","name":"走马河","source":"osm","waterway":"stream"}},{"type":"Feature","geometry":{"type":"LineString","coordinates":[[103.91808,30.75069],[103.9223,30.75035]]},"properties":{"id":"693513895","name":"走马河","source":"osm","waterway":"stream"}},{"type":"Feature","geometry":{"type":"LineString","coordinates":[[104.04491,30.67534],[104.04488,30.67524]]},"properties":{"id":"698259956","name":"三道河","source":"osm","waterway":"stream"}},{"type":"Feature","geometry":{"type":"LineString","coordinates":[[104.04509,30.67603],[104.04491,30.67534]]},"properties":{"id":"698259957","name":"三道河","source":"osm","waterway":"stream"}},{"type":"Feature","geometry":{"type":"LineString","coordinates":[[103.97301,30.73045],[103.97388,30.73073]]},"properties":{"id":"700542369","name":"金牛支渠","source":"osm","waterway":"canal"}},{"type":"Feature","geometry":{"type":"LineString","coordinates":[[103.97388,30.73073],[103.97924,30.73249]]},"properties":{"id":"700542370","name":"金牛支渠","source":"osm","waterway":"canal"}},{"type":"Feature","geometry":{"type":"LineString","coordinates":[[103.92295,30.75069],[103.92306,30.75066]]},"properties":{"id":"701057001","name":"走马河","source":"osm","waterway":"stream"}},{"type":"Feature","geometry":{"type":"LineString","coordinates":[[103.92306,30.75066],[103.92317,30.75063]]},"properties":{"id":"701057002","name":"走马河","source":"osm","waterway":"stream"}},{"type":"Feature","geometry":{"type":"LineString","coordinates":[[104.26231,30.69899],[104.26235,30.7005],[104.26016,30.70084],[104.26003,30.70181],[104.25868,30.70234],[104.25827,30.70427],[104.25971,30.70572],[104.26295,30.70679],[104.26278,30.70896],[104.26398,30.71009],[104.26439,30.71241],[104.26603,30.71208],[104.26714,30.71278],[104.2671,30.71386],[104.26582,30.71456],[104.26698,30.71638],[104.26611,30.71665],[104.266,30.71777],[104.267,30.71748],[104.26799,30.719],[104.27104,30.72035]]},"properties":{"id":"70522748","name":"深沟河","source":"osm","waterway":"stream"}},{"type":"Feature","geometry":{"type":"LineString","coordinates":[[104.04488,30.67524],[104.04822,30.67225],[104.04847,30.67117],[104.04448,30.66569]]},"properties":{"id":"705952225","name":"西郊河","source":"osm","waterway":"stream"}},{"type":"Feature","geometry":{"type":"LineString","coordinates":[[104.05475,30.49566],[104.05607,30.49453],[104.06017,30.49337],[104.06174,30.49193],[104.06281,30.49026],[104.06342,30.48546],[104.06083,30.48322],[104.05454,30.48456],[104.05129,30.48337],[104.05064,30.48127],[104.05252,30.47714],[104.05178,30.47265],[104.04513,30.46662],[104.04227,30.46217],[104.0386,30.46178],[104.03532,30.46001],[104.03481,30.45876],[104.04028,30.44828],[104.04024,30.4465],[104.03571,30.4441],[104.03082,30.44362],[104.02158,30.44856],[104.01903,30.44794],[104.01838,30.44622],[104.02211,30.44207],[104.02257,30.43961],[104.02227,30.4328],[104.01946,30.42799],[104.01742,30.42678],[104.01334,30.42597],[104.00464,30.42933],[104.00312,30.42896],[104.00232,30.42665],[104.00296,30.42323],[104.00233,30.42079],[104.00392,30.41796],[104.01149,30.41456],[104.0117,30.41185],[104.0105,30.40952],[104.0086,30.40752],[104.006,30.40667],[104.00371,30.40724],[103.99818,30.41085],[103.98851,30.40876],[103.98466,30.40604],[103.98372,30.40375],[103.98535,30.39766],[103.9851,30.39558],[103.98382,30.39439],[103.97849,30.39281],[103.97573,30.39107],[103.97336,30.38749],[103.97393,30.38372],[103.97208,30.37919],[103.97221,30.37727],[103.97569,30.37365],[103.97573,30.37146],[103.97059,30.3692],[103.96725,30.359],[103.96673,30.35338],[103.96188,30.34912],[103.95962,30.3459],[103.95721,30.33768],[103.9539,30.33324],[103.9554,30.33083],[103.95815,30.33069],[103.96191,30.33214],[103.96575,30.33248],[103.96946,30.33035],[103.97375,30.32941],[103.9742,30.32715],[103.97349,30.32524],[103.97151,30.32312],[103.97016,30.31992],[103.9708,30.31739]]},"properties":{"id":"705960043","name":"锦江","source":"osm","waterway":"river"}},{"type":"Feature","geometry":{"type":"LineString","coordinates":[[104.07461,30.60365],[104.07558,30.60353]]},"properties":{"id":"706838603","name":"朱家沟","source":"osm","waterway":"stream"}},{"type":"Feature","geometry":{"type":"LineString","coordinates":[[104.07747,30.60334],[104.07796,30.60208],[104.07913,30.60166]]},"properties":{"id":"706838604","name":"朱家沟","source":"osm","waterway":"stream"}},{"type":"Feature","geometry":{"type":"LineString","coordinates":[[103.89266,30.79357],[103.89446,30.79331],[103.89455,30.79259]]},"properties":{"id":"709535942","name":"磨底河","source":"osm","waterway":"stream"}},{"type":"Feature","geometry":{"type":"LineString","coordinates":[[103.89183,30.79397],[103.89266,30.79357]]},"properties":{"id":"709535944","name":"磨底河","source":"osm","waterway":"stream"}},{"type":"Feature","geometry":{"type":"LineString","coordinates":[[103.88901,30.79386],[103.89183,30.79397]]},"properties":{"id":"709535945","name":"磨底河","source":"osm","waterway":"stream"}},{"type":"Feature","geometry":{"type":"LineString","coordinates":[[103.88565,30.79508],[103.88598,30.79531]]},"properties":{"id":"709535948","name":"磨底河","source":"osm","waterway":"stream"}},{"type":"Feature","geometry":{"type":"LineString","coordinates":[[103.8836,30.79607],[103.88565,30.79508]]},"properties":{"id":"709535949","name":"磨底河","source":"osm","waterway":"stream"}},{"type":"Feature","geometry":{"type":"LineString","coordinates":[[103.88861,30.79395],[103.88901,30.79386]]},"properties":{"id":"709535950","name":"磨底河","source":"osm","waterway":"stream"}},{"type":"Feature","geometry":{"type":"LineString","coordinates":[[103.88598,30.79531],[103.88861,30.79395]]},"properties":{"id":"709535951","name":"磨底河","source":"osm","waterway":"stream"}},{"type":"Feature","geometry":{"type":"LineString","coordinates":[[103.9326,30.7608],[103.93212,30.76038]]},"properties":{"id":"723349808","name":"磨底河","source":"osm","waterway":"stream"}},{"type":"Feature","geometry":{"type":"LineString","coordinates":[[103.94679,30.74826],[103.9513,30.74423],[103.95539,30.74331]]},"properties":{"id":"723349809","name":"磨底河","source":"osm","waterway":"stream"}},{"type":"Feature","geometry":{"type":"LineString","coordinates":[[103.93095,30.76825],[103.93226,30.76729]]},"properties":{"id":"723358114","name":"杨柳河","source":"osm","waterway":"stream"}},{"type":"Feature","geometry":{"type":"LineString","coordinates":[[103.94551,30.75987],[103.94589,30.75969]]},"properties":{"id":"723358115","name":"杨柳河","source":"osm","waterway":"stream"}},{"type":"Feature","geometry":{"type":"LineString","coordinates":[[103.94589,30.75969],[103.95081,30.75735]]},"properties":{"id":"723358116","name":"杨柳河","source":"osm","waterway":"stream"}},{"type":"Feature","geometry":{"type":"LineString","coordinates":[[103.93226,30.76729],[103.93264,30.76701]]},"properties":{"id":"723358117","name":"杨柳河","source":"osm","waterway":"stream"}},{"type":"Feature","geometry":{"type":"LineString","coordinates":[[103.93264,30.76701],[103.94356,30.75878],[103.94551,30.75987]]},"properties":{"id":"723358118","name":"杨柳河","source":"osm","waterway":"stream"}},{"type":"Feature","geometry":{"type":"LineString","coordinates":[[103.84725,30.77167],[103.84744,30.77153]]},"properties":{"id":"735665866","name":"桤木河","source":"osm","waterway":"stream"}},{"type":"Feature","geometry":{"type":"LineString","coordinates":[[103.87699,30.75814],[103.87909,30.75694],[103.87866,30.75584],[103.88079,30.75579],[103.88099,30.75497],[103.88265,30.75455],[103.88262,30.75368],[103.88702,30.75192],[103.88707,30.7509],[103.89031,30.7477],[103.89333,30.74684],[103.89332,30.74565],[103.89426,30.74546],[103.89545,30.7436],[103.89731,30.74468],[103.89908,30.74394],[103.901,30.74217],[103.90022,30.74082],[103.90158,30.73861],[103.90577,30.7363],[103.90677,30.73412],[103.90814,30.73387],[103.90891,30.73126]]},"properties":{"id":"735665867","name":"桤木河","source":"osm","waterway":"stream"}},{"type":"Feature","geometry":{"type":"LineString","coordinates":[[103.84744,30.77153],[103.84894,30.76972]]},"properties":{"id":"735665868","name":"桤木河","source":"osm","waterway":"stream"}},{"type":"Feature","geometry":{"type":"LineString","coordinates":[[103.84717,30.77175],[103.84725,30.77167]]},"properties":{"id":"735665869","name":"桤木河","source":"osm","waterway":"stream"}},{"type":"Feature","geometry":{"type":"LineString","coordinates":[[104.06371,30.47764],[104.06026,30.47479],[104.05598,30.47316]]},"properties":{"id":"738608225","name":"大沙江","source":"osm","waterway":"stream"}},{"type":"Feature","geometry":{"type":"LineString","coordinates":[[104.06597,30.48107],[104.06371,30.47764]]},"properties":{"id":"738608226","name":"大沙江","source":"osm","waterway":"stream"}},{"type":"Feature","geometry":{"type":"LineString","coordinates":[[103.98098,30.64891],[103.9811,30.64849]]},"properties":{"id":"752980619","name":"黄堰河","source":"osm","waterway":"stream"}},{"type":"Feature","geometry":{"type":"LineString","coordinates":[[103.98024,30.64895],[103.98058,30.64903]]},"properties":{"id":"752980620","name":"黄堰河","source":"osm","waterway":"stream"}},{"type":"Feature","geometry":{"type":"LineString","coordinates":[[103.98058,30.64903],[103.98098,30.64891]]},"properties":{"id":"752980621","name":"黄堰河","source":"osm","waterway":"stream"}},{"type":"Feature","geometry":{"type":"LineString","coordinates":[[103.97929,30.64886],[103.97963,30.6488]]},"properties":{"id":"752980622","name":"黄堰河","source":"osm","waterway":"stream"}},{"type":"Feature","geometry":{"type":"LineString","coordinates":[[103.97963,30.6488],[103.98024,30.64895]]},"properties":{"id":"752980623","name":"黄堰河","source":"osm","waterway":"stream"}},{"type":"Feature","geometry":{"type":"LineString","coordinates":[[103.9811,30.64849],[103.98381,30.64732],[103.98322,30.64518],[103.98608,30.64432],[103.98633,30.64315],[103.9854,30.64185]]},"properties":{"id":"752980624","name":"黄堰河","source":"osm","waterway":"stream"}},{"type":"Feature","geometry":{"type":"LineString","coordinates":[[103.9854,30.64185],[103.98512,30.64123]]},"properties":{"id":"752980627","name":"黄堰河","source":"osm","waterway":"stream"}},{"type":"Feature","geometry":{"type":"LineString","coordinates":[[103.98512,30.64123],[103.9852,30.64017],[103.9876,30.63885]]},"properties":{"id":"752980628","name":"黄堰河","source":"osm","waterway":"stream"}},{"type":"Feature","geometry":{"type":"LineString","coordinates":[[103.9876,30.63885],[103.98777,30.63852]]},"properties":{"id":"752980629","name":"黄堰河","source":"osm","waterway":"stream"}},{"type":"Feature","geometry":{"type":"LineString","coordinates":[[103.98226,30.63592],[103.98088,30.63306]]},"properties":{"id":"752980630","name":"黄堰河","source":"osm","waterway":"stream"}},{"type":"Feature","geometry":{"type":"LineString","coordinates":[[103.95539,30.74331],[103.9558,30.74313]]},"properties":{"id":"757270165","name":"磨底河","source":"osm","waterway":"stream"}},{"type":"Feature","geometry":{"type":"LineString","coordinates":[[103.9558,30.74313],[103.95606,30.74173],[103.95823,30.74153],[103.96113,30.73976],[103.96139,30.73812],[103.96267,30.73755]]},"properties":{"id":"757270166","name":"磨底河","source":"osm","waterway":"stream"}},{"type":"Feature","geometry":{"type":"LineString","coordinates":[[103.95259,30.73959],[103.95281,30.73895]]},"properties":{"id":"757270167","name":"走马河","source":"osm","waterway":"stream"}},{"type":"Feature","geometry":{"type":"LineString","coordinates":[[103.95281,30.73895],[103.95354,30.73757],[103.95527,30.73803],[103.95742,30.73618]]},"properties":{"id":"757270168","name":"走马河","source":"osm","waterway":"stream"}},{"type":"Feature","geometry":{"type":"LineString","coordinates":[[103.96267,30.73755],[103.96314,30.73734]]},"properties":{"id":"757270170","name":"磨底河","source":"osm","waterway":"stream"}},{"type":"Feature","geometry":{"type":"LineString","coordinates":[[103.96314,30.73734],[103.96603,30.7358],[103.96675,30.7339],[103.97072,30.73022]]},"properties":{"id":"757270171","name":"磨底河","source":"osm","waterway":"stream"}},{"type":"Feature","geometry":{"type":"LineString","coordinates":[[103.87632,30.81962],[103.87723,30.81936]]},"properties":{"id":"759084873","name":"沱江河","source":"osm","waterway":"river"}},{"type":"Feature","geometry":{"type":"LineString","coordinates":[[103.87871,30.81889],[103.88497,30.81691],[103.88913,30.81301],[103.89028,30.81281],[103.89194,30.81399],[103.90165,30.80964]]},"properties":{"id":"759084874","name":"沱江河","source":"osm","waterway":"river"}},{"type":"Feature","geometry":{"type":"LineString","coordinates":[[103.95916,30.73288],[103.96077,30.73089]]},"properties":{"id":"759113614","name":"走马河","source":"osm","waterway":"stream"}},{"type":"Feature","geometry":{"type":"LineString","coordinates":[[103.95875,30.73323],[103.95916,30.73288]]},"properties":{"id":"759113615","name":"走马河","source":"osm","waterway":"stream"}},{"type":"Feature","geometry":{"type":"LineString","coordinates":[[103.97829,30.76404],[103.97853,30.76378]]},"properties":{"id":"759367811","name":"沱江河","source":"osm","waterway":"river"}},{"type":"Feature","geometry":{"type":"LineString","coordinates":[[103.97853,30.76378],[103.97908,30.76338]]},"properties":{"id":"759367812","name":"沱江河","source":"osm","waterway":"river"}},{"type":"Feature","geometry":{"type":"LineString","coordinates":[[103.97908,30.76338],[103.97989,30.76314]]},"properties":{"id":"759367814","name":"沱江河","source":"osm","waterway":"river"}},{"type":"Feature","geometry":{"type":"LineString","coordinates":[[104.23838,30.65017],[104.23878,30.65074]]},"properties":{"id":"759393987","name":"西江河","source":"osm","waterway":"river"}},{"type":"Feature","geometry":{"type":"LineString","coordinates":[[104.23878,30.65074],[104.23621,30.65373],[104.23695,30.65487],[104.23914,30.65573],[104.23758,30.65862],[104.24012,30.65988],[104.23693,30.66376],[104.23994,30.66599],[104.23725,30.66723]]},"properties":{"id":"759393988","name":"西江河","source":"osm","waterway":"river"}},{"type":"Feature","geometry":{"type":"LineString","coordinates":[[104.23465,30.6436],[104.23521,30.64398]]},"properties":{"id":"759394059","name":"西河","source":"osm","waterway":"stream"}},{"type":"Feature","geometry":{"type":"LineString","coordinates":[[104.23521,30.64398],[104.23769,30.64513]]},"properties":{"id":"759394060","name":"西河","source":"osm","waterway":"stream"}},{"type":"Feature","geometry":{"type":"LineString","coordinates":[[104.25473,30.59203],[104.25759,30.59399],[104.25839,30.5957],[104.25934,30.59591],[104.25957,30.5977],[104.26091,30.59767],[104.26136,30.5983],[104.26073,30.59907],[104.26189,30.59966],[104.26073,30.60219],[104.25848,30.60433],[104.2573,30.60445],[104.25681,30.60635],[104.25736,30.60749],[104.25395,30.61049],[104.25416,30.61314],[104.25567,30.61469]]},"properties":{"id":"759548873","name":"西江河","source":"osm","waterway":"river"}},{"type":"Feature","geometry":{"type":"LineString","coordinates":[[104.25567,30.61469],[104.25523,30.61521]]},"properties":{"id":"759548874","name":"西江河","source":"osm","waterway":"stream"}},{"type":"Feature","geometry":{"type":"LineString","coordinates":[[104.27007,30.61276],[104.26785,30.61256],[104.26834,30.61358],[104.26656,30.61454],[104.26611,30.61645],[104.26356,30.61581],[104.26321,30.61681],[104.26257,30.61587],[104.26077,30.61681],[104.26169,30.61766],[104.26062,30.6181]]},"properties":{"id":"759548877","name":"西江河- Xijianghe","source":"osm","waterway":"stream"}},{"type":"Feature","geometry":{"type":"LineString","coordinates":[[104.26062,30.6181],[104.26015,30.61854]]},"properties":{"id":"759548878","name":"西江河- Xijianghe","source":"osm","waterway":"stream"}},{"type":"Feature","geometry":{"type":"LineString","coordinates":[[104.25809,30.58815],[104.25872,30.58891],[104.25725,30.59274],[104.26234,30.59505],[104.26451,30.59753],[104.26679,30.59816],[104.26742,30.60124],[104.26598,30.60319],[104.26944,30.60542],[104.26999,30.60736],[104.26788,30.61047],[104.2738,30.61747],[104.27752,30.62024],[104.27824,30.62165],[104.27709,30.62389],[104.28,30.62841],[104.28283,30.63035],[104.28475,30.63026],[104.28791,30.63346],[104.29707,30.63663],[104.29811,30.63811],[104.29768,30.63924],[104.30183,30.64475],[104.30446,30.64708],[104.30702,30.64717],[104.30723,30.64815]]},"properties":{"id":"759548884","name":"东干渠","source":"osm","waterway":"canal"}},{"type":"Feature","geometry":{"type":"LineString","coordinates":[[104.3072,30.64874],[104.31,30.64969],[104.31339,30.65757],[104.31825,30.65841],[104.32231,30.66211],[104.3239,30.66611],[104.32664,30.66885],[104.3316,30.67058],[104.33642,30.67668],[104.33806,30.68095],[104.33727,30.69259],[104.33778,30.69435],[104.33936,30.6958],[104.33744,30.70011],[104.3346,30.7025]]},"properties":{"id":"759548891","name":"东干渠","source":"osm","waterway":"canal"}},{"type":"Feature","geometry":{"type":"LineString","coordinates":[[104.30723,30.64815],[104.3072,30.64874]]},"properties":{"id":"759548892","name":"东干渠","source":"osm","waterway":"canal"}},{"type":"Feature","geometry":{"type":"LineString","coordinates":[[104.14748,30.7294],[104.14823,30.72968]]},"properties":{"id":"764889263","name":"北干渠","source":"osm","waterway":"canal"}},{"type":"Feature","geometry":{"type":"LineString","coordinates":[[104.16596,30.74033],[104.16442,30.74035],[104.16252,30.74258],[104.15934,30.74153],[104.15656,30.74183],[104.15448,30.74364],[104.15406,30.74707],[104.15185,30.74742]]},"properties":{"id":"764889264","name":"北干渠","source":"osm","waterway":"canal"}},{"type":"Feature","geometry":{"type":"LineString","coordinates":[[104.16629,30.74019],[104.16596,30.74033]]},"properties":{"id":"764889265","name":"北干渠","source":"osm","waterway":"canal"}},{"type":"Feature","geometry":{"type":"LineString","coordinates":[[104.1597,30.73261],[104.16125,30.73392],[104.16404,30.73444],[104.16652,30.73641],[104.16944,30.73568],[104.16629,30.74019]]},"properties":{"id":"764889266","name":"北干渠","source":"osm","waterway":"canal"}},{"type":"Feature","geometry":{"type":"LineString","coordinates":[[104.15915,30.73212],[104.1597,30.73261]]},"properties":{"id":"764889267","name":"北干渠","source":"osm","waterway":"canal"}},{"type":"Feature","geometry":{"type":"LineString","coordinates":[[104.14823,30.72968],[104.14988,30.7306],[104.15116,30.73263],[104.15465,30.73207],[104.15654,30.73071],[104.15915,30.73212]]},"properties":{"id":"764889269","name":"北干渠","source":"osm","waterway":"canal"}},{"type":"Feature","geometry":{"type":"LineString","coordinates":[[104.15227,30.75045],[104.15374,30.7509],[104.15375,30.75233],[104.14995,30.75328],[104.15142,30.75461],[104.15112,30.75556]]},"properties":{"id":"773672293","name":"北干渠","source":"osm","waterway":"canal"}},{"type":"Feature","geometry":{"type":"LineString","coordinates":[[104.1508,30.75564],[104.14862,30.75526],[104.14732,30.75629]]},"properties":{"id":"773672294","name":"北干渠","source":"osm","waterway":"canal"}},{"type":"Feature","geometry":{"type":"LineString","coordinates":[[104.15112,30.75556],[104.1508,30.75564]]},"properties":{"id":"773672296","name":"北干渠","source":"osm","waterway":"canal"}},{"type":"Feature","geometry":{"type":"LineString","coordinates":[[104.22515,30.77872],[104.22765,30.77955],[104.22918,30.77895],[104.23009,30.78036],[104.23247,30.7816],[104.23253,30.78467],[104.23437,30.78542],[104.23507,30.78456],[104.23699,30.78514]]},"properties":{"id":"773672297","name":"北干渠","source":"osm","waterway":"canal"}},{"type":"Feature","geometry":{"type":"LineString","coordinates":[[104.17667,30.77258],[104.17697,30.77269]]},"properties":{"id":"773672298","name":"北干渠","source":"osm","waterway":"canal"}},{"type":"Feature","geometry":{"type":"LineString","coordinates":[[104.16624,30.76457],[104.16879,30.76532],[104.1717,30.77067],[104.17667,30.77258]]},"properties":{"id":"773672299","name":"北干渠","source":"osm","waterway":"canal"}},{"type":"Feature","geometry":{"type":"LineString","coordinates":[[104.16546,30.76452],[104.16624,30.76457]]},"properties":{"id":"773672300","name":"北干渠","source":"osm","waterway":"canal"}},{"type":"Feature","geometry":{"type":"LineString","coordinates":[[104.14622,30.7613],[104.14524,30.76388],[104.14552,30.7669],[104.14672,30.76784],[104.15281,30.76787],[104.15532,30.76635]]},"properties":{"id":"773672303","name":"北干渠","source":"osm","waterway":"canal"}},{"type":"Feature","geometry":{"type":"LineString","coordinates":[[104.14732,30.75629],[104.14726,30.75639]]},"properties":{"id":"773672304","name":"北干渠","source":"osm","waterway":"canal"}},{"type":"Feature","geometry":{"type":"LineString","coordinates":[[104.15537,30.76592],[104.15563,30.76399],[104.15698,30.76285],[104.16025,30.76471],[104.16546,30.76452]]},"properties":{"id":"773672305","name":"北干渠","source":"osm","waterway":"canal"}},{"type":"Feature","geometry":{"type":"LineString","coordinates":[[104.15532,30.76635],[104.15537,30.76592]]},"properties":{"id":"773672308","name":"北干渠","source":"osm","waterway":"canal"}},{"type":"Feature","geometry":{"type":"LineString","coordinates":[[104.08965,30.58807],[104.09005,30.58791]]},"properties":{"id":"778593508","name":"小沙河","source":"osm","waterway":"stream"}},{"type":"Feature","geometry":{"type":"LineString","coordinates":[[104.08838,30.60836],[104.08812,30.60681],[104.08948,30.60266],[104.08804,30.6017],[104.08965,30.59815]]},"properties":{"id":"778593509","name":"洗瓦堰","source":"osm","waterway":"stream"}},{"type":"Feature","geometry":{"type":"LineString","coordinates":[[104.15218,30.71182],[104.15293,30.71161]]},"properties":{"id":"796360432","name":"大庙河","source":"osm","waterway":"stream"}},{"type":"Feature","geometry":{"type":"LineString","coordinates":[[104.14758,30.71132],[104.14921,30.71097],[104.15218,30.71182]]},"properties":{"id":"796360433","name":"大庙河","source":"osm","waterway":"stream"}},{"type":"Feature","geometry":{"type":"LineString","coordinates":[[104.15975,30.69902],[104.15971,30.69593],[104.16108,30.69566]]},"properties":{"id":"798798772","name":"南支一渠","source":"osm","waterway":"canal"}},{"type":"Feature","geometry":{"type":"LineString","coordinates":[[104.16112,30.69542],[104.1617,30.69527],[104.16196,30.69114]]},"properties":{"id":"798798773","name":"南支一渠","source":"osm","waterway":"canal"}},{"type":"Feature","geometry":{"type":"LineString","coordinates":[[104.16108,30.69566],[104.16112,30.69542]]},"properties":{"id":"798798774","name":"南支一渠","source":"osm","waterway":"canal"}},{"type":"Feature","geometry":{"type":"LineString","coordinates":[[104.16198,30.69085],[104.16215,30.68823]]},"properties":{"id":"798798777","name":"南支一渠","source":"osm","waterway":"canal"}},{"type":"Feature","geometry":{"type":"LineString","coordinates":[[104.16196,30.69114],[104.16198,30.69085]]},"properties":{"id":"798798778","name":"南支一渠","source":"osm","waterway":"canal"}},{"type":"Feature","geometry":{"type":"LineString","coordinates":[[104.16489,30.68483],[104.168,30.68486],[104.16812,30.68404]]},"properties":{"id":"798798779","name":"南支一渠","source":"osm","waterway":"canal"}},{"type":"Feature","geometry":{"type":"LineString","coordinates":[[104.16487,30.68522],[104.16489,30.68483]]},"properties":{"id":"798798780","name":"南支一渠","source":"osm","waterway":"canal"}},{"type":"Feature","geometry":{"type":"LineString","coordinates":[[104.16846,30.68318],[104.16869,30.683]]},"properties":{"id":"798798781","name":"南支一渠","source":"osm","waterway":"canal"}},{"type":"Feature","geometry":{"type":"LineString","coordinates":[[104.16869,30.683],[104.17002,30.68279],[104.17115,30.68092]]},"properties":{"id":"798798782","name":"南支一渠","source":"osm","waterway":"canal"}},{"type":"Feature","geometry":{"type":"LineString","coordinates":[[104.21102,30.6663],[104.21365,30.66699],[104.21887,30.6658],[104.22185,30.66829]]},"properties":{"id":"798798783","name":"南支一渠","source":"osm","waterway":"canal"}},{"type":"Feature","geometry":{"type":"LineString","coordinates":[[104.17404,30.6809],[104.17508,30.68013],[104.18318,30.67946]]},"properties":{"id":"798798784","name":"南支一渠","source":"osm","waterway":"canal"}},{"type":"Feature","geometry":{"type":"LineString","coordinates":[[104.21219,30.5574],[104.21157,30.55699]]},"properties":{"id":"804544541","name":"老南干渠","source":"osm","waterway":"canal"}},{"type":"Feature","geometry":{"type":"LineString","coordinates":[[104.2155,30.55638],[104.21281,30.55741]]},"properties":{"id":"804544542","name":"老南干渠","source":"osm","waterway":"canal"}},{"type":"Feature","geometry":{"type":"LineString","coordinates":[[104.04448,30.66569],[104.04408,30.66507]]},"properties":{"id":"806416265","name":"西郊河","source":"osm","waterway":"stream"}},{"type":"Feature","geometry":{"type":"LineString","coordinates":[[104.04408,30.66507],[104.04165,30.6601]]},"properties":{"id":"806416266","name":"西郊河","source":"osm","waterway":"stream"}},{"type":"Feature","geometry":{"type":"LineString","coordinates":[[103.97559,30.64917],[103.97603,30.64903]]},"properties":{"id":"806714619","name":"黄堰河","source":"osm","waterway":"stream"}},{"type":"Feature","geometry":{"type":"LineString","coordinates":[[103.9772,30.64877],[103.97929,30.64886]]},"properties":{"id":"806714620","name":"黄堰河","source":"osm","waterway":"stream"}},{"type":"Feature","geometry":{"type":"LineString","coordinates":[[103.95563,30.68661],[103.95928,30.68544]]},"properties":{"id":"806730905","name":"苏坡排洪河","source":"osm","waterway":"canal"}},{"type":"Feature","geometry":{"type":"LineString","coordinates":[[103.9525,30.68827],[103.95283,30.6881]]},"properties":{"id":"806730906","name":"苏坡排洪河","source":"osm","waterway":"canal"}},{"type":"Feature","geometry":{"type":"LineString","coordinates":[[103.71451,30.86218],[103.72018,30.85488],[103.71993,30.85184],[103.72072,30.84847],[103.72389,30.84403]]},"properties":{"id":"806815294","name":"江安河","source":"osm","waterway":"river"}},{"type":"Feature","geometry":{"type":"LineString","coordinates":[[103.76842,30.94598],[103.76991,30.94862],[103.77121,30.94758],[103.77172,30.94972],[103.77346,30.95028],[103.77432,30.94919],[103.77401,30.94776],[103.77755,30.94344],[103.78006,30.9438],[103.78088,30.94225],[103.78183,30.94285],[103.78205,30.94141],[103.78567,30.9389],[103.78669,30.93618],[103.7856,30.93492],[103.78634,30.93468],[103.78643,30.93152],[103.78769,30.93056],[103.78938,30.93145],[103.79071,30.92943],[103.79044,30.92821],[103.79148,30.92837],[103.79245,30.92677],[103.79191,30.92592],[103.7946,30.92527],[103.79561,30.92376],[103.80024,30.92244],[103.79986,30.92122],[103.80143,30.91986],[103.80098,30.91925],[103.80431,30.91821],[103.80513,30.91902],[103.80647,30.918],[103.80709,30.91877],[103.80873,30.91775],[103.8097,30.91837],[103.81203,30.91793],[103.81306,30.91353],[103.81536,30.91278],[103.81855,30.91024],[103.82276,30.91058],[103.82314,30.90875],[103.82514,30.9078],[103.82455,30.90591],[103.82721,30.90579],[103.82814,30.90391],[103.82901,30.90397],[103.82937,30.90593],[103.83169,30.90553],[103.83272,30.90316],[103.83424,30.9037],[103.83536,30.90538],[103.83664,30.90527],[103.84435,30.89864],[103.84652,30.89935],[103.84578,30.90075],[103.84696,30.9016],[103.84874,30.90042],[103.85401,30.90091],[103.8566,30.9003],[103.86003,30.90116],[103.86212,30.89843],[103.86278,30.89466],[103.86526,30.89548],[103.86512,30.89357],[103.86596,30.89244],[103.86756,30.89391],[103.86904,30.89364],[103.86893,30.89122],[103.87105,30.88922],[103.87181,30.88673],[103.87492,30.88634],[103.87564,30.88486],[103.87753,30.88367],[103.87626,30.88155],[103.87792,30.88055],[103.87959,30.87801]]},"properties":{"id":"806825501","name":"柏木河","source":"osm","waterway":"river"}},{"type":"Feature","geometry":{"type":"LineString","coordinates":[[103.88708,30.88898],[103.88736,30.88368],[103.88841,30.88028],[103.89153,30.87791],[103.89295,30.87475]]},"properties":{"id":"806825505","name":"柏条河","source":"osm","waterway":"river"}},{"type":"Feature","geometry":{"type":"LineString","coordinates":[[103.89295,30.87475],[103.89928,30.87211],[103.9015,30.87043],[103.90478,30.86967],[103.90968,30.86962],[103.91288,30.87147],[103.91531,30.87089],[103.91581,30.86904],[103.9143,30.86655],[103.91527,30.86491],[103.91749,30.86246],[103.9215,30.86138],[103.92052,30.85821],[103.92111,30.85673],[103.92742,30.85345],[103.93106,30.85514],[103.93287,30.85472],[103.93478,30.85318],[103.93543,30.85074],[103.93698,30.85053],[103.94264,30.85437],[103.94543,30.85113],[103.9478,30.84976],[103.95553,30.84832],[103.95943,30.84908],[103.96233,30.84839],[103.96539,30.84286],[103.96378,30.83912]]},"properties":{"id":"806825506","name":"柏条河","source":"osm","waterway":"river"}},{"type":"Feature","geometry":{"type":"LineString","coordinates":[[103.77907,30.95873],[103.7832,30.95754],[103.7875,30.95237],[103.79177,30.95088],[103.79334,30.94782],[103.7973,30.94549],[103.79916,30.94546],[103.80292,30.94726],[103.80966,30.94746],[103.81384,30.94619],[103.81654,30.94397],[103.81945,30.9432],[103.82265,30.94092],[103.82723,30.93099],[103.83604,30.93045],[103.83913,30.92847]]},"properties":{"id":"806825509","name":"柏条河","source":"osm","waterway":"river"}},{"type":"Feature","geometry":{"type":"LineString","coordinates":[[103.83913,30.92847],[103.84257,30.92544],[103.84319,30.92215],[103.84417,30.92111],[103.84789,30.92005],[103.85664,30.91467],[103.86066,30.9131],[103.86668,30.90762],[103.8748,30.90611],[103.88043,30.89844],[103.88518,30.89386]]},"properties":{"id":"806825510","name":"柏条河","source":"osm","waterway":"river"}},{"type":"Feature","geometry":{"type":"LineString","coordinates":[[103.84435,30.939],[103.84807,30.93955],[103.85395,30.9386],[103.85562,30.93926]]},"properties":{"id":"806825512","name":"清白江","source":"osm","waterway":"river"}},{"type":"Feature","geometry":{"type":"LineString","coordinates":[[103.85562,30.93926],[103.86001,30.94064],[103.86278,30.93965],[103.86477,30.93765]]},"properties":{"id":"806825513","name":"清白江","source":"osm","waterway":"river"}},{"type":"Feature","geometry":{"type":"LineString","coordinates":[[103.86477,30.93765],[103.86795,30.93466],[103.87166,30.93306],[103.8766,30.93357],[103.88419,30.93245],[103.88871,30.92899],[103.90065,30.92976]]},"properties":{"id":"806825515","name":"清白江","source":"osm","waterway":"river"}},{"type":"Feature","geometry":{"type":"LineString","coordinates":[[103.90065,30.92976],[103.9028,30.92941],[103.90775,30.92618],[103.91186,30.92477],[103.92365,30.92546],[103.93638,30.9241],[103.93943,30.92477]]},"properties":{"id":"806825516","name":"清白江","source":"osm","waterway":"river"}},{"type":"Feature","geometry":{"type":"LineString","coordinates":[[103.95069,30.91784],[103.95427,30.91505],[103.95768,30.91384],[103.96392,30.91506]]},"properties":{"id":"806825518","name":"清白江","source":"osm","waterway":"river"}},{"type":"Feature","geometry":{"type":"LineString","coordinates":[[103.88518,30.89386],[103.88664,30.89193],[103.88708,30.88898]]},"properties":{"id":"806825521","name":"柏条河","source":"osm","waterway":"river"}},{"type":"Feature","geometry":{"type":"LineString","coordinates":[[103.96378,30.83912],[103.9683,30.83655],[103.97363,30.83641],[103.97981,30.83012],[103.98605,30.83084],[103.98851,30.82583],[103.99271,30.82638],[103.99556,30.82414],[103.9998,30.8259],[104.00456,30.82637],[104.0051,30.82951],[104.00823,30.83057],[104.01019,30.82969],[104.01165,30.8253],[104.01303,30.82418],[104.01498,30.82491],[104.01534,30.82807],[104.01781,30.82805],[104.02123,30.82563],[104.02193,30.82322],[104.02593,30.82316],[104.03383,30.81917],[104.04257,30.82092],[104.04686,30.82271],[104.05346,30.82251],[104.05575,30.82069],[104.05915,30.81962],[104.06228,30.81628],[104.06994,30.81431],[104.07328,30.8102],[104.07785,30.80802]]},"properties":{"id":"806830044","name":"毗河","source":"osm","waterway":"river"}},{"type":"Feature","geometry":{"type":"LineString","coordinates":[[104.0504,30.44001],[104.05163,30.43876],[104.04899,30.43884],[104.04988,30.43779]]},"properties":{"id":"815737202","name":"老南干渠","source":"osm","waterway":"canal"}},{"type":"Feature","geometry":{"type":"LineString","coordinates":[[104.05026,30.44051],[104.0504,30.44001]]},"properties":{"id":"815737203","name":"老南干渠","source":"osm","waterway":"canal"}},{"type":"Feature","geometry":{"type":"LineString","coordinates":[[104.05162,30.44043],[104.05024,30.44127],[104.05026,30.44051]]},"properties":{"id":"815737204","name":"老南干渠","source":"osm","waterway":"canal"}},{"type":"Feature","geometry":{"type":"LineString","coordinates":[[104.05252,30.44026],[104.05162,30.44043]]},"properties":{"id":"815737205","name":"老南干渠","source":"osm","waterway":"canal"}},{"type":"Feature","geometry":{"type":"LineString","coordinates":[[104.0545,30.44234],[104.05252,30.44026]]},"properties":{"id":"815737227","name":"老南干渠","source":"osm","waterway":"canal"}},{"type":"Feature","geometry":{"type":"LineString","coordinates":[[104.05481,30.44234],[104.0545,30.44234]]},"properties":{"id":"815737228","name":"老南干渠","source":"osm","waterway":"canal"}},{"type":"Feature","geometry":{"type":"LineString","coordinates":[[104.0551,30.44257],[104.05481,30.44234]]},"properties":{"id":"815737229","name":"老南干渠","source":"osm","waterway":"canal"}},{"type":"Feature","geometry":{"type":"LineString","coordinates":[[104.05515,30.44288],[104.0551,30.44257]]},"properties":{"id":"815737230","name":"老南干渠","source":"osm","waterway":"canal"}},{"type":"Feature","geometry":{"type":"LineString","coordinates":[[104.0605,30.44421],[104.06015,30.44418]]},"properties":{"id":"815737237","name":"老南干渠","source":"osm","waterway":"canal"}},{"type":"Feature","geometry":{"type":"LineString","coordinates":[[104.06015,30.44418],[104.05865,30.44359],[104.05681,30.44412],[104.05515,30.44288]]},"properties":{"id":"815737238","name":"老南干渠","source":"osm","waterway":"canal"}},{"type":"Feature","geometry":{"type":"LineString","coordinates":[[104.04705,30.42793],[104.04534,30.42721]]},"properties":{"id":"815737253","name":"老南干渠","source":"osm","waterway":"canal"}},{"type":"Feature","geometry":{"type":"LineString","coordinates":[[104.04534,30.42721],[104.0399,30.42551],[104.039,30.42457],[104.03672,30.42466]]},"properties":{"id":"815737254","name":"老南干渠","source":"osm","waterway":"canal"}},{"type":"Feature","geometry":{"type":"LineString","coordinates":[[104.04918,30.43674],[104.04835,30.4358],[104.04858,30.43445],[104.04651,30.43343],[104.0464,30.43223],[104.04843,30.43054],[104.04769,30.42795],[104.04705,30.42793]]},"properties":{"id":"815737258","name":"老南干渠","source":"osm","waterway":"canal"}},{"type":"Feature","geometry":{"type":"LineString","coordinates":[[104.0496,30.43699],[104.04918,30.43674]]},"properties":{"id":"815737259","name":"老南干渠","source":"osm","waterway":"canal"}},{"type":"Feature","geometry":{"type":"LineString","coordinates":[[104.03672,30.42466],[104.03662,30.4246]]},"properties":{"id":"815737261","name":"老南干渠","source":"osm","waterway":"canal"}},{"type":"Feature","geometry":{"type":"LineString","coordinates":[[104.05598,30.47316],[104.05437,30.47239]]},"properties":{"id":"815745060","name":"大沙江","source":"osm","waterway":"stream"}},{"type":"Feature","geometry":{"type":"LineString","coordinates":[[104.05437,30.47239],[104.05128,30.4721]]},"properties":{"id":"815745061","name":"大沙江","source":"osm","waterway":"stream"}},{"type":"Feature","geometry":{"type":"LineString","coordinates":[[104.08137,30.47341],[104.0816,30.47296]]},"properties":{"id":"815746268","name":"老南干渠","source":"osm","waterway":"canal"}},{"type":"Feature","geometry":{"type":"LineString","coordinates":[[104.0816,30.47296],[104.08039,30.47169],[104.08121,30.47014],[104.07987,30.4703],[104.07971,30.46972]]},"properties":{"id":"815746269","name":"老南干渠","source":"osm","waterway":"canal"}},{"type":"Feature","geometry":{"type":"LineString","coordinates":[[104.06785,30.48474],[104.06647,30.48163]]},"properties":{"id":"815746291","name":"大沙江","source":"osm","waterway":"stream"}},{"type":"Feature","geometry":{"type":"LineString","coordinates":[[104.06918,30.48793],[104.06785,30.48474]]},"properties":{"id":"815746292","name":"大沙江","source":"osm","waterway":"stream"}},{"type":"Feature","geometry":{"type":"LineString","coordinates":[[104.06311,30.4464],[104.06318,30.44582]]},"properties":{"id":"815746295","name":"老南干渠","source":"osm","waterway":"canal"}},{"type":"Feature","geometry":{"type":"LineString","coordinates":[[104.06318,30.44582],[104.06243,30.44467],[104.0605,30.44421]]},"properties":{"id":"815746296","name":"老南干渠","source":"osm","waterway":"canal"}},{"type":"Feature","geometry":{"type":"LineString","coordinates":[[104.07743,30.46848],[104.07777,30.46741]]},"properties":{"id":"815746302","name":"老南干渠","source":"osm","waterway":"canal"}},{"type":"Feature","geometry":{"type":"LineString","coordinates":[[104.07771,30.46845],[104.07743,30.46848]]},"properties":{"id":"815746303","name":"老南干渠","source":"osm","waterway":"canal"}},{"type":"Feature","geometry":{"type":"LineString","coordinates":[[104.06921,30.45354],[104.06633,30.45215],[104.0664,30.45101],[104.06394,30.45099],[104.06311,30.4464]]},"properties":{"id":"815746304","name":"老南干渠","source":"osm","waterway":"canal"}},{"type":"Feature","geometry":{"type":"LineString","coordinates":[[104.07005,30.454],[104.06921,30.45354]]},"properties":{"id":"815746305","name":"老南干渠","source":"osm","waterway":"canal"}},{"type":"Feature","geometry":{"type":"LineString","coordinates":[[103.98285,30.73319],[103.98744,30.72864],[103.98837,30.72902],[103.98901,30.72803],[103.99049,30.72851]]},"properties":{"id":"815946523","name":"杨柳河","source":"osm","waterway":"stream"}},{"type":"Feature","geometry":{"type":"LineString","coordinates":[[103.99082,30.72836],[103.99131,30.7269],[103.99359,30.72691],[103.99691,30.7252],[103.99861,30.72566]]},"properties":{"id":"815946524","name":"杨柳河","source":"osm","waterway":"stream"}},{"type":"Feature","geometry":{"type":"LineString","coordinates":[[103.99049,30.72851],[103.99082,30.72836]]},"properties":{"id":"815946525","name":"杨柳河","source":"osm","waterway":"stream"}},{"type":"Feature","geometry":{"type":"LineString","coordinates":[[104.00034,30.72622],[104.00654,30.72823]]},"properties":{"id":"815946527","name":"杨柳河","source":"osm","waterway":"stream"}},{"type":"Feature","geometry":{"type":"LineString","coordinates":[[103.99861,30.72566],[103.99919,30.72581]]},"properties":{"id":"815946528","name":"杨柳河","source":"osm","waterway":"stream"}},{"type":"Feature","geometry":{"type":"LineString","coordinates":[[104.09556,30.82347],[104.09604,30.82247],[104.09545,30.82111]]},"properties":{"id":"816141179","name":"老锦水河","source":"osm","waterway":"river"}},{"type":"Feature","geometry":{"type":"LineString","coordinates":[[104.09662,30.81985],[104.10237,30.81759],[104.10357,30.81782],[104.10488,30.81972],[104.10754,30.81949],[104.10957,30.81806],[104.10991,30.8162],[104.11114,30.81491],[104.11926,30.81455],[104.1243,30.81237],[104.12588,30.81011],[104.12869,30.81082],[104.13218,30.80976],[104.13692,30.8119],[104.13862,30.81166],[104.13961,30.8099],[104.13895,30.80681],[104.13661,30.80284],[104.1381,30.7986],[104.13989,30.79763],[104.14344,30.79797],[104.15191,30.79351]]},"properties":{"id":"816141180","name":"老锦水河","source":"osm","waterway":"river"}},{"type":"Feature","geometry":{"type":"LineString","coordinates":[[104.07793,30.77359],[104.07981,30.77343],[104.08231,30.77184],[104.08428,30.77248],[104.08618,30.77131],[104.08689,30.76924]]},"properties":{"id":"816141191","name":"海边堰","source":"osm","waterway":"canal"}},{"type":"Feature","geometry":{"type":"LineString","coordinates":[[104.05576,30.78844],[104.05561,30.78644],[104.05454,30.78621],[104.05576,30.78439],[104.0566,30.7861],[104.05943,30.78465],[104.05934,30.78355],[104.06166,30.78457],[104.06114,30.78237],[104.06214,30.78121],[104.0649,30.78242],[104.06527,30.78342],[104.06828,30.78284]]},"properties":{"id":"816141192","name":"海边堰","source":"osm","waterway":"canal"}},{"type":"Feature","geometry":{"type":"LineString","coordinates":[[104.04581,30.5984],[104.0455,30.59691]]},"properties":{"id":"816141239","name":"肖家河","source":"osm","waterway":"stream"}},{"type":"Feature","geometry":{"type":"LineString","coordinates":[[104.04641,30.60009],[104.04641,30.59982]]},"properties":{"id":"816141240","name":"肖家河","source":"osm","waterway":"stream"}},{"type":"Feature","geometry":{"type":"LineString","coordinates":[[104.04657,30.60407],[104.04686,30.6039]]},"properties":{"id":"816141255","name":"肖家河","source":"osm","waterway":"stream"}},{"type":"Feature","geometry":{"type":"LineString","coordinates":[[104.04686,30.6039],[104.04721,30.60367]]},"properties":{"id":"816141256","name":"肖家河","source":"osm","waterway":"stream"}},{"type":"Feature","geometry":{"type":"LineString","coordinates":[[104.04719,30.60343],[104.04672,30.60155]]},"properties":{"id":"816141259","name":"肖家河","source":"osm","waterway":"stream"}},{"type":"Feature","geometry":{"type":"LineString","coordinates":[[104.04721,30.60367],[104.04719,30.60343]]},"properties":{"id":"816141260","name":"肖家河","source":"osm","waterway":"stream"}},{"type":"Feature","geometry":{"type":"LineString","coordinates":[[104.04399,30.57063],[104.0459,30.56828],[104.04548,30.56627]]},"properties":{"id":"816176055","name":"肖家河","source":"osm","waterway":"stream"}},{"type":"Feature","geometry":{"type":"LineString","coordinates":[[104.04397,30.57091],[104.04399,30.57063]]},"properties":{"id":"816176056","name":"肖家河","source":"osm","waterway":"stream"}},{"type":"Feature","geometry":{"type":"LineString","coordinates":[[104.07791,30.46707],[104.07908,30.46563],[104.07837,30.46514],[104.07553,30.46636],[104.07692,30.46412],[104.07491,30.46344],[104.07557,30.46143],[104.07436,30.46091]]},"properties":{"id":"816296041","name":"老南干渠","source":"osm","waterway":"canal"}},{"type":"Feature","geometry":{"type":"LineString","coordinates":[[104.07777,30.46741],[104.07791,30.46707]]},"properties":{"id":"816296042","name":"老南干渠","source":"osm","waterway":"canal"}},{"type":"Feature","geometry":{"type":"LineString","coordinates":[[104.31207,30.42935],[104.31332,30.42815],[104.31243,30.42398],[104.30983,30.42333],[104.30964,30.42203]]},"properties":{"id":"817180628","name":"充水南干渠","source":"osm","waterway":"canal"}},{"type":"Feature","geometry":{"type":"LineString","coordinates":[[104.30964,30.42203],[104.30949,30.42018]]},"properties":{"id":"817180629","name":"充水南干渠","source":"osm","waterway":"canal"}},{"type":"Feature","geometry":{"type":"LineString","coordinates":[[104.30949,30.42018],[104.31127,30.41694],[104.31059,30.41577],[104.31129,30.41458],[104.30953,30.41313],[104.30967,30.41087],[104.30735,30.40455]]},"properties":{"id":"817180630","name":"充水南干渠","source":"osm","waterway":"canal"}},{"type":"Feature","geometry":{"type":"LineString","coordinates":[[104.30735,30.40455],[104.30653,30.40362]]},"properties":{"id":"817180631","name":"充水南干渠","source":"osm","waterway":"canal"}},{"type":"Feature","geometry":{"type":"LineString","coordinates":[[104.30653,30.40362],[104.30533,30.40241]]},"properties":{"id":"817180632","name":"充水南干渠","source":"osm","waterway":"canal"}},{"type":"Feature","geometry":{"type":"LineString","coordinates":[[104.30533,30.40241],[104.30598,30.40049],[104.30568,30.39723],[104.30033,30.38856],[104.30061,30.38643],[104.29974,30.38525],[104.29803,30.37487],[104.29463,30.37121],[104.29173,30.37045],[104.28993,30.36633],[104.28498,30.36333],[104.28324,30.36147],[104.28253,30.35826],[104.28002,30.35624]]},"properties":{"id":"817180633","name":"充水南干渠","source":"osm","waterway":"canal"}},{"type":"Feature","geometry":{"type":"LineString","coordinates":[[103.78394,30.59955],[103.78196,30.59101],[103.78391,30.58569],[103.78665,30.58148],[103.78684,30.57799],[103.78453,30.57478],[103.78697,30.5702],[103.78482,30.56522],[103.78527,30.55517],[103.78371,30.54915],[103.78091,30.5433],[103.78027,30.53638],[103.78226,30.53254],[103.787,30.52846],[103.7869,30.52543],[103.7876,30.5242],[103.79018,30.52393],[103.79307,30.52207],[103.7943,30.52019],[103.79362,30.51802],[103.79418,30.51648],[103.79928,30.51365],[103.80268,30.50484],[103.80759,30.50341],[103.80979,30.50156],[103.80992,30.49656],[103.8081,30.49425],[103.8045,30.49292],[103.80364,30.49144],[103.80602,30.48555],[103.80902,30.48353],[103.80952,30.47792],[103.812,30.4722],[103.81148,30.47096],[103.80865,30.4691],[103.81119,30.46422],[103.81119,30.462],[103.80999,30.45993],[103.81059,30.4585],[103.81379,30.45582],[103.81089,30.4521],[103.81184,30.44811]]},"properties":{"id":"818038118","name":"羊马河","source":"osm","waterway":"river"}},{"type":"Feature","geometry":{"type":"LineString","coordinates":[[103.72001,30.48214],[103.72161,30.48132],[103.72236,30.47765],[103.72549,30.47248]]},"properties":{"id":"819543687","name":"铁溪河","source":"osm","waterway":"stream"}},{"type":"Feature","geometry":{"type":"LineString","coordinates":[[103.72549,30.47248],[103.72617,30.47063],[103.72859,30.47013],[103.7341,30.46634],[103.7333,30.46349],[103.73093,30.46234],[103.73071,30.4597],[103.73176,30.45972],[103.73493,30.45685],[103.73391,30.45646],[103.73398,30.45507],[103.73721,30.45367],[103.7368,30.45165],[103.7353,30.45051],[103.73632,30.4499],[103.73605,30.44693],[103.73751,30.44455],[103.73662,30.44256]]},"properties":{"id":"819543702","name":"铁溪河","source":"osm","waterway":"river"}},{"type":"Feature","geometry":{"type":"LineString","coordinates":[[103.76211,30.41926],[103.76082,30.41842],[103.75996,30.41612],[103.76123,30.41524],[103.75944,30.41214],[103.76472,30.41095],[103.7635,30.40698],[103.76677,30.40427],[103.76453,30.40273],[103.76395,30.40105],[103.76812,30.39908],[103.7701,30.39707],[103.77011,30.39492],[103.77236,30.39561],[103.77302,30.39863],[103.77537,30.3987],[103.77603,30.39789],[103.77583,30.39592],[103.77788,30.39519],[103.77878,30.39566],[103.77929,30.39873],[103.78492,30.3968],[103.78951,30.39956]]},"properties":{"id":"819543703","name":"铁溪河","source":"osm","waterway":"river"}},{"type":"Feature","geometry":{"type":"LineString","coordinates":[[103.86545,30.59573],[103.86856,30.59489],[103.86909,30.59311],[103.88543,30.59103]]},"properties":{"id":"824067993","name":"三支渠","source":"osm","waterway":"canal"}},{"type":"Feature","geometry":{"type":"LineString","coordinates":[[104.07326,30.45669],[104.07032,30.45543],[104.07005,30.454]]},"properties":{"id":"825468381","name":"老南干渠","source":"osm","waterway":"canal"}},{"type":"Feature","geometry":{"type":"LineString","coordinates":[[104.07381,30.45723],[104.07326,30.45669]]},"properties":{"id":"825468382","name":"老南干渠","source":"osm","waterway":"canal"}},{"type":"Feature","geometry":{"type":"LineString","coordinates":[[104.0878,30.52031],[104.0878,30.51976]]},"properties":{"id":"827749892","name":"大沙江","source":"osm","waterway":"stream"}},{"type":"Feature","geometry":{"type":"LineString","coordinates":[[104.06094,30.62674],[104.06473,30.6262]]},"properties":{"id":"829589741","name":"火烧堰","source":"osm","waterway":"stream"}},{"type":"Feature","geometry":{"type":"LineString","coordinates":[[104.06996,30.62613],[104.07191,30.62611]]},"properties":{"id":"829589742","name":"火烧堰","source":"osm","waterway":"stream"}},{"type":"Feature","geometry":{"type":"LineString","coordinates":[[104.26034,30.83543],[104.26069,30.83519]]},"properties":{"id":"829721916","name":"绣川河","source":"osm","waterway":"river"}},{"type":"Feature","geometry":{"type":"LineString","coordinates":[[104.26596,30.83394],[104.2735,30.84176],[104.27281,30.84303],[104.27353,30.84384],[104.27441,30.8431],[104.2752,30.84362],[104.27506,30.84469],[104.27729,30.84454],[104.2778,30.84557],[104.28283,30.84579],[104.28188,30.84723],[104.28525,30.84805],[104.29152,30.84741],[104.29312,30.84872],[104.29593,30.84786],[104.29682,30.84876],[104.30445,30.84888],[104.30612,30.84987],[104.3086,30.84791],[104.30996,30.84869],[104.31267,30.84818],[104.31362,30.84936],[104.31522,30.84931],[104.31836,30.84701],[104.31905,30.8487],[104.32262,30.84816],[104.32718,30.85243],[104.32861,30.85208],[104.32995,30.85009],[104.33112,30.84998],[104.33185,30.85156],[104.33646,30.85295],[104.33926,30.85539],[104.34171,30.85618],[104.34317,30.85361],[104.34556,30.8535],[104.34428,30.85497],[104.34526,30.85508],[104.34648,30.85408],[104.34672,30.85261],[104.3485,30.8514],[104.35544,30.85023],[104.36074,30.84801]]},"properties":{"id":"829721917","name":"绣川河","source":"osm","waterway":"river"}},{"type":"Feature","geometry":{"type":"LineString","coordinates":[[104.24471,30.87675],[104.24643,30.87706],[104.25062,30.87394],[104.25364,30.87415],[104.2559,30.87501],[104.25821,30.87849],[104.26066,30.87883],[104.26526,30.87663],[104.2682,30.87648],[104.27021,30.87442],[104.27725,30.87324],[104.27875,30.87233]]},"properties":{"id":"829733586","name":"长流河","source":"osm","waterway":"river"}},{"type":"Feature","geometry":{"type":"LineString","coordinates":[[104.0735,30.62609],[104.08176,30.62628]]},"properties":{"id":"834178649","name":"火烧堰","source":"osm","waterway":"stream"}},{"type":"Feature","geometry":{"type":"LineString","coordinates":[[103.91324,30.66705],[103.91377,30.66608]]},"properties":{"id":"834990622","name":"江安河鲢鱼洞支渠","source":"osm","waterway":"canal"}},{"type":"Feature","geometry":{"type":"LineString","coordinates":[[103.91377,30.66608],[103.91379,30.66551]]},"properties":{"id":"834990623","name":"江安河鲢鱼洞支渠","source":"osm","waterway":"canal"}},{"type":"Feature","geometry":{"type":"LineString","coordinates":[[104.22822,30.58462],[104.23049,30.58348],[104.23308,30.58468],[104.24287,30.581],[104.25748,30.58787]]},"properties":{"id":"835060074","name":"东干渠","source":"osm","waterway":"canal"}},{"type":"Feature","geometry":{"type":"LineString","coordinates":[[104.16215,30.68823],[104.16245,30.68786]]},"properties":{"id":"835239482","name":"南支一渠","source":"osm","waterway":"canal"}},{"type":"Feature","geometry":{"type":"LineString","coordinates":[[104.16245,30.68786],[104.16466,30.68791],[104.16487,30.68522]]},"properties":{"id":"835239483","name":"南支一渠","source":"osm","waterway":"canal"}},{"type":"Feature","geometry":{"type":"LineString","coordinates":[[104.07837,30.69236],[104.07828,30.69218]]},"properties":{"id":"835991659","name":"小沙河","source":"osm","waterway":"stream"}},{"type":"Feature","geometry":{"type":"LineString","coordinates":[[104.07828,30.69218],[104.07655,30.68686]]},"properties":{"id":"835991660","name":"小沙河","source":"osm","waterway":"stream"}},{"type":"Feature","geometry":{"type":"LineString","coordinates":[[104.09022,30.59557],[104.08927,30.59313],[104.09022,30.58996]]},"properties":{"id":"837197375","name":"小沙河","source":"osm","waterway":"stream"}},{"type":"Feature","geometry":{"type":"LineString","coordinates":[[104.08965,30.59815],[104.09029,30.59717]]},"properties":{"id":"837197376","name":"小沙河","source":"osm","waterway":"stream"}},{"type":"Feature","geometry":{"type":"LineString","coordinates":[[103.97924,30.73249],[103.97993,30.73269]]},"properties":{"id":"837293253","name":"金牛支渠","source":"osm","waterway":"canal"}},{"type":"Feature","geometry":{"type":"LineString","coordinates":[[103.97993,30.73269],[103.98876,30.73556]]},"properties":{"id":"837293254","name":"金牛支渠","source":"osm","waterway":"canal"}},{"type":"Feature","geometry":{"type":"LineString","coordinates":[[103.98952,30.73582],[103.99119,30.73636]]},"properties":{"id":"837293257","name":"金牛支渠","source":"osm","waterway":"canal"}},{"type":"Feature","geometry":{"type":"LineString","coordinates":[[103.98876,30.73556],[103.98952,30.73582]]},"properties":{"id":"837293258","name":"金牛支渠","source":"osm","waterway":"canal"}},{"type":"Feature","geometry":{"type":"LineString","coordinates":[[104.1023,30.48406],[104.10265,30.48347]]},"properties":{"id":"839525943","name":"老南干渠","source":"osm","waterway":"canal"}},{"type":"Feature","geometry":{"type":"LineString","coordinates":[[104.0978,30.47144],[104.09271,30.47169],[104.08964,30.47285],[104.08721,30.47247],[104.0862,30.47433],[104.08266,30.47364],[104.08127,30.47419],[104.08137,30.47341]]},"properties":{"id":"839525944","name":"老南干渠","source":"osm","waterway":"canal"}},{"type":"Feature","geometry":{"type":"LineString","coordinates":[[104.17709,30.55204],[104.17624,30.55172]]},"properties":{"id":"839526023","name":"老南干渠","source":"osm","waterway":"canal"}},{"type":"Feature","geometry":{"type":"LineString","coordinates":[[104.04017,30.7129],[104.04076,30.71258]]},"properties":{"id":"839652195","name":"马家堰","source":"osm","waterway":"canal"}},{"type":"Feature","geometry":{"type":"LineString","coordinates":[[104.04299,30.71136],[104.04329,30.71119]]},"properties":{"id":"839652196","name":"马家堰","source":"osm","waterway":"canal"}},{"type":"Feature","geometry":{"type":"LineString","coordinates":[[104.04076,30.71258],[104.04257,30.71158]]},"properties":{"id":"839652197","name":"马家堰","source":"osm","waterway":"canal"}},{"type":"Feature","geometry":{"type":"LineString","coordinates":[[104.05001,30.7077],[104.05198,30.70718]]},"properties":{"id":"839652198","name":"马家堰","source":"osm","waterway":"canal"}},{"type":"Feature","geometry":{"type":"LineString","coordinates":[[103.92885,30.75363],[103.9289,30.75346]]},"properties":{"id":"844548973","name":"走马河","source":"osm","waterway":"stream"}},{"type":"Feature","geometry":{"type":"LineString","coordinates":[[103.9289,30.75346],[103.93476,30.74801]]},"properties":{"id":"844548974","name":"走马河","source":"osm","waterway":"stream"}},{"type":"Feature","geometry":{"type":"LineString","coordinates":[[103.93484,30.74795],[103.93612,30.74698]]},"properties":{"id":"844549023","name":"走马河","source":"osm","waterway":"stream"}},{"type":"Feature","geometry":{"type":"LineString","coordinates":[[103.93476,30.74801],[103.93484,30.74795]]},"properties":{"id":"844549024","name":"走马河","source":"osm","waterway":"stream"}},{"type":"Feature","geometry":{"type":"LineString","coordinates":[[103.93612,30.74698],[103.93698,30.74637]]},"properties":{"id":"844549025","name":"走马河","source":"osm","waterway":"stream"}},{"type":"Feature","geometry":{"type":"LineString","coordinates":[[103.93698,30.74637],[103.94056,30.74422],[103.94168,30.74527],[103.94344,30.7434]]},"properties":{"id":"844549026","name":"走马河","source":"osm","waterway":"stream"}},{"type":"Feature","geometry":{"type":"LineString","coordinates":[[103.94344,30.7434],[103.94372,30.74305]]},"properties":{"id":"844549027","name":"走马河","source":"osm","waterway":"stream"}},{"type":"Feature","geometry":{"type":"LineString","coordinates":[[103.94372,30.74305],[103.94711,30.74183]]},"properties":{"id":"844549028","name":"走马河","source":"osm","waterway":"stream"}},{"type":"Feature","geometry":{"type":"LineString","coordinates":[[103.94711,30.74183],[103.94761,30.74167]]},"properties":{"id":"844549029","name":"走马河","source":"osm","waterway":"stream"}},{"type":"Feature","geometry":{"type":"LineString","coordinates":[[103.94761,30.74167],[103.95055,30.74051],[103.95118,30.73907],[103.95259,30.73959]]},"properties":{"id":"844549030","name":"走马河","source":"osm","waterway":"stream"}},{"type":"Feature","geometry":{"type":"LineString","coordinates":[[104.16989,30.70839],[104.16871,30.70811],[104.16876,30.7074],[104.17092,30.7063]]},"properties":{"id":"844731895","name":"大庙河","source":"osm","waterway":"stream"}},{"type":"Feature","geometry":{"type":"LineString","coordinates":[[104.19367,30.68593],[104.19683,30.68672],[104.19822,30.68509],[104.19905,30.68603],[104.20252,30.68634],[104.20766,30.68303],[104.21054,30.68277],[104.2104,30.68143],[104.21275,30.68142],[104.21374,30.67956],[104.21717,30.67915],[104.21829,30.67974],[104.21838,30.67838],[104.22157,30.67628],[104.22415,30.67705],[104.22493,30.67582],[104.22577,30.67709],[104.22811,30.67733],[104.22893,30.67637],[104.23308,30.67934],[104.23374,30.6789],[104.23391,30.68051],[104.23472,30.68029],[104.23459,30.68115],[104.23624,30.6819]]},"properties":{"id":"844731898","name":"大庙河","source":"osm","waterway":"stream"}},{"type":"Feature","geometry":{"type":"LineString","coordinates":[[104.27949,30.73912],[104.28467,30.73457],[104.29038,30.7326]]},"properties":{"id":"844731902","name":"毗河供水工程","source":"osm","waterway":"canal"}},{"type":"Feature","geometry":{"type":"LineString","coordinates":[[104.17115,30.68092],[104.17185,30.68091]]},"properties":{"id":"845412811","name":"南支一渠","source":"osm","waterway":"canal"}},{"type":"Feature","geometry":{"type":"LineString","coordinates":[[104.17185,30.68091],[104.17378,30.68113]]},"properties":{"id":"845412812","name":"南支一渠","source":"osm","waterway":"canal"}},{"type":"Feature","geometry":{"type":"LineString","coordinates":[[104.17378,30.68113],[104.17404,30.6809]]},"properties":{"id":"845412813","name":"南支一渠","source":"osm","waterway":"canal"}},{"type":"Feature","geometry":{"type":"LineString","coordinates":[[103.91776,30.54641],[103.91442,30.54519]]},"properties":{"id":"849700299","name":"三支渠","source":"osm","waterway":"canal"}},{"type":"Feature","geometry":{"type":"LineString","coordinates":[[103.91442,30.54519],[103.91173,30.54406]]},"properties":{"id":"849700300","name":"三支渠","source":"osm","waterway":"canal"}},{"type":"Feature","geometry":{"type":"LineString","coordinates":[[103.91173,30.54406],[103.9112,30.54387]]},"properties":{"id":"849700301","name":"三支渠","source":"osm","waterway":"canal"}},{"type":"Feature","geometry":{"type":"LineString","coordinates":[[103.9112,30.54387],[103.90385,30.54124]]},"properties":{"id":"849700302","name":"三支渠","source":"osm","waterway":"canal"}},{"type":"Feature","geometry":{"type":"LineString","coordinates":[[103.90285,30.58877],[103.90362,30.58868]]},"properties":{"id":"849700303","name":"三支渠","source":"osm","waterway":"canal"}},{"type":"Feature","geometry":{"type":"LineString","coordinates":[[103.9383,30.57562],[103.93943,30.57252],[103.9392,30.56901],[103.93403,30.56047]]},"properties":{"id":"849700304","name":"三支渠","source":"osm","waterway":"canal"}},{"type":"Feature","geometry":{"type":"LineString","coordinates":[[104.00153,30.74043],[104.00229,30.73979]]},"properties":{"id":"849735239","name":"马家堰","source":"osm","waterway":"canal"}},{"type":"Feature","geometry":{"type":"LineString","coordinates":[[104.00149,30.74049],[104.00153,30.74043]]},"properties":{"id":"849735240","name":"马家堰","source":"osm","waterway":"canal"}},{"type":"Feature","geometry":{"type":"LineString","coordinates":[[104.08844,30.60869],[104.08838,30.60836]]},"properties":{"id":"850911727","name":"小沙河","source":"osm","waterway":"stream"}},{"type":"Feature","geometry":{"type":"LineString","coordinates":[[103.90901,30.7311],[103.90938,30.73027],[103.91049,30.73057],[103.91126,30.7299],[103.91173,30.73048],[103.91424,30.7279],[103.91827,30.73075],[103.92072,30.73102],[103.92272,30.72882],[103.9243,30.72955],[103.92473,30.72723],[103.92645,30.72744],[103.92727,30.72595],[103.94328,30.72559]]},"properties":{"id":"851108323","name":"桤木河","source":"osm","waterway":"stream"}},{"type":"Feature","geometry":{"type":"LineString","coordinates":[[103.96077,30.73089],[103.96114,30.73083]]},"properties":{"id":"851132449","name":"走马河","source":"osm","waterway":"stream"}},{"type":"Feature","geometry":{"type":"LineString","coordinates":[[103.96114,30.73083],[103.96452,30.72983],[103.9648,30.72833]]},"properties":{"id":"851132450","name":"走马河","source":"osm","waterway":"stream"}},{"type":"Feature","geometry":{"type":"LineString","coordinates":[[104.09185,30.70222],[104.0892,30.7001]]},"properties":{"id":"858513059","name":"凤凰河","source":"osm","waterway":"stream"}},{"type":"Feature","geometry":{"type":"LineString","coordinates":[[104.09216,30.70262],[104.09185,30.70222]]},"properties":{"id":"858513060","name":"凤凰河","source":"osm","waterway":"stream"}},{"type":"Feature","geometry":{"type":"LineString","coordinates":[[104.09296,30.70369],[104.09216,30.70262]]},"properties":{"id":"858513064","name":"凤凰河","source":"osm","waterway":"stream"}},{"type":"Feature","geometry":{"type":"LineString","coordinates":[[104.09322,30.70409],[104.09296,30.70369]]},"properties":{"id":"858513065","name":"凤凰河","source":"osm","waterway":"stream"}},{"type":"Feature","geometry":{"type":"LineString","coordinates":[[103.89895,30.78876],[103.89906,30.78869]]},"properties":{"id":"859712589","name":"磨底河","source":"osm","waterway":"stream"}},{"type":"Feature","geometry":{"type":"LineString","coordinates":[[103.89445,30.79209],[103.89486,30.79087],[103.89846,30.789]]},"properties":{"id":"859712592","name":"磨底河","source":"osm","waterway":"stream"}},{"type":"Feature","geometry":{"type":"LineString","coordinates":[[103.89455,30.79259],[103.89452,30.7925]]},"properties":{"id":"859712593","name":"磨底河","source":"osm","waterway":"stream"}},{"type":"Feature","geometry":{"type":"LineString","coordinates":[[104.03721,30.66886],[104.03663,30.66653],[104.03495,30.66532],[104.03405,30.66244],[104.03598,30.65993]]},"properties":{"id":"868013625","name":"摸底河","source":"osm","waterway":"river"}},{"type":"Feature","geometry":{"type":"LineString","coordinates":[[104.17682,30.70069],[104.17719,30.69927],[104.17816,30.6991]]},"properties":{"id":"870801237","name":"大庙河","source":"osm","waterway":"stream"}},{"type":"Feature","geometry":{"type":"LineString","coordinates":[[104.18106,30.69208],[104.1812,30.69181]]},"properties":{"id":"870801238","name":"大庙河","source":"osm","waterway":"stream"}},{"type":"Feature","geometry":{"type":"LineString","coordinates":[[104.17941,30.69634],[104.17977,30.69225]]},"properties":{"id":"870801241","name":"大庙河","source":"osm","waterway":"stream"}},{"type":"Feature","geometry":{"type":"LineString","coordinates":[[104.17939,30.69656],[104.17941,30.69634]]},"properties":{"id":"870801242","name":"大庙河","source":"osm","waterway":"stream"}},{"type":"Feature","geometry":{"type":"LineString","coordinates":[[104.04416,30.57802],[104.04415,30.57598]]},"properties":{"id":"875935927","name":"肖家河","source":"osm","waterway":"stream"}},{"type":"Feature","geometry":{"type":"LineString","coordinates":[[104.04417,30.57824],[104.04416,30.57802]]},"properties":{"id":"875935928","name":"肖家河","source":"osm","waterway":"stream"}},{"type":"Feature","geometry":{"type":"LineString","coordinates":[[104.04415,30.57598],[104.04413,30.57582]]},"properties":{"id":"875935934","name":"肖家河","source":"osm","waterway":"stream"}},{"type":"Feature","geometry":{"type":"LineString","coordinates":[[104.04413,30.57582],[104.04414,30.57572]]},"properties":{"id":"875935935","name":"肖家河","source":"osm","waterway":"stream"}},{"type":"Feature","geometry":{"type":"LineString","coordinates":[[104.08798,30.52196],[104.0878,30.52031]]},"properties":{"id":"880669582","name":"大沙江","source":"osm","waterway":"stream"}},{"type":"Feature","geometry":{"type":"LineString","coordinates":[[104.08836,30.52236],[104.08798,30.52196]]},"properties":{"id":"880669583","name":"大沙江","source":"osm","waterway":"stream"}},{"type":"Feature","geometry":{"type":"LineString","coordinates":[[103.8543,30.82883],[103.8701,30.8212]]},"properties":{"id":"880956363","name":"沱江河","source":"osm","waterway":"river"}},{"type":"Feature","geometry":{"type":"LineString","coordinates":[[103.85404,30.82898],[103.8543,30.82883]]},"properties":{"id":"880956364","name":"沱江河","source":"osm","waterway":"river"}},{"type":"Feature","geometry":{"type":"LineString","coordinates":[[103.93872,30.7528],[103.93931,30.75271]]},"properties":{"id":"889096456","name":"磨底河","source":"osm","waterway":"stream"}},{"type":"Feature","geometry":{"type":"LineString","coordinates":[[103.93212,30.76038],[103.93478,30.75785],[103.9351,30.75542],[103.93872,30.7528]]},"properties":{"id":"889096457","name":"磨底河","source":"osm","waterway":"stream"}},{"type":"Feature","geometry":{"type":"LineString","coordinates":[[103.92038,30.77137],[103.92061,30.77082]]},"properties":{"id":"889096462","name":"磨底河","source":"osm","waterway":"stream"}},{"type":"Feature","geometry":{"type":"LineString","coordinates":[[103.91984,30.77176],[103.92038,30.77137]]},"properties":{"id":"889096463","name":"磨底河","source":"osm","waterway":"stream"}},{"type":"Feature","geometry":{"type":"LineString","coordinates":[[103.91862,30.77175],[103.91984,30.77176]]},"properties":{"id":"889096464","name":"磨底河","source":"osm","waterway":"stream"}},{"type":"Feature","geometry":{"type":"LineString","coordinates":[[103.88815,30.77405],[103.88992,30.77412]]},"properties":{"id":"889096498","name":"走马河","source":"osm","waterway":"stream"}},{"type":"Feature","geometry":{"type":"LineString","coordinates":[[103.88811,30.77407],[103.88815,30.77405]]},"properties":{"id":"889096499","name":"走马河","source":"osm","waterway":"stream"}},{"type":"Feature","geometry":{"type":"LineString","coordinates":[[103.89006,30.77415],[103.89071,30.77424]]},"properties":{"id":"889096500","name":"走马河","source":"osm","waterway":"stream"}},{"type":"Feature","geometry":{"type":"LineString","coordinates":[[103.88992,30.77412],[103.89006,30.77415]]},"properties":{"id":"889096501","name":"走马河","source":"osm","waterway":"stream"}},{"type":"Feature","geometry":{"type":"LineString","coordinates":[[104.03196,30.67908],[104.03777,30.67616]]},"properties":{"id":"890791649","name":"二道河","source":"osm","waterway":"stream"}},{"type":"Feature","geometry":{"type":"LineString","coordinates":[[104.03777,30.67616],[104.03818,30.67601]]},"properties":{"id":"890791650","name":"二道河","source":"osm","waterway":"stream"}},{"type":"Feature","geometry":{"type":"LineString","coordinates":[[104.03033,30.68131],[104.03018,30.68018],[104.03167,30.67924]]},"properties":{"id":"890791710","name":"二道河","source":"osm","waterway":"stream"}},{"type":"Feature","geometry":{"type":"LineString","coordinates":[[104.03167,30.67924],[104.03196,30.67908]]},"properties":{"id":"890791711","name":"二道河","source":"osm","waterway":"stream"}},{"type":"Feature","geometry":{"type":"LineString","coordinates":[[104.0326,30.64027],[104.0372,30.63388]]},"properties":{"id":"895929899","name":"肖家河","source":"osm","waterway":"stream"}},{"type":"Feature","geometry":{"type":"LineString","coordinates":[[104.03227,30.64097],[104.0326,30.64027]]},"properties":{"id":"895929900","name":"肖家河","source":"osm","waterway":"stream"}},{"type":"Feature","geometry":{"type":"LineString","coordinates":[[103.90165,30.80964],[103.9022,30.80937]]},"properties":{"id":"898431280","name":"沱江河","source":"osm","waterway":"river"}},{"type":"Feature","geometry":{"type":"LineString","coordinates":[[103.9022,30.80937],[103.91087,30.80513]]},"properties":{"id":"898431281","name":"沱江河","source":"osm","waterway":"river"}},{"type":"Feature","geometry":{"type":"LineString","coordinates":[[104.01706,30.537],[104.01745,30.53567]]},"properties":{"id":"898497798","name":"黄堰河","source":"osm","waterway":"stream"}},{"type":"Feature","geometry":{"type":"LineString","coordinates":[[104.01671,30.53773],[104.01706,30.537]]},"properties":{"id":"898497799","name":"黄堰河","source":"osm","waterway":"stream"}},{"type":"Feature","geometry":{"type":"LineString","coordinates":[[104.04687,30.60748],[104.04707,30.60623]]},"properties":{"id":"905252210","name":"肖家河","source":"osm","waterway":"stream"}},{"type":"Feature","geometry":{"type":"LineString","coordinates":[[104.04655,30.6094],[104.04657,30.6093]]},"properties":{"id":"905252211","name":"肖家河","source":"osm","waterway":"stream"}},{"type":"Feature","geometry":{"type":"LineString","coordinates":[[104.04591,30.61338],[104.04634,30.61163]]},"properties":{"id":"905252212","name":"肖家河","source":"osm","waterway":"stream"}},{"type":"Feature","geometry":{"type":"LineString","coordinates":[[104.04587,30.61347],[104.04591,30.61338]]},"properties":{"id":"905252213","name":"肖家河","source":"osm","waterway":"stream"}},{"type":"Feature","geometry":{"type":"LineString","coordinates":[[104.04643,30.61113],[104.04655,30.6094]]},"properties":{"id":"905252214","name":"肖家河","source":"osm","waterway":"stream"}},{"type":"Feature","geometry":{"type":"LineString","coordinates":[[104.04634,30.61163],[104.04643,30.61113]]},"properties":{"id":"905252215","name":"肖家河","source":"osm","waterway":"stream"}},{"type":"Feature","geometry":{"type":"LineString","coordinates":[[104.04657,30.6093],[104.04663,30.60796]]},"properties":{"id":"905252216","name":"肖家河","source":"osm","waterway":"stream"}},{"type":"Feature","geometry":{"type":"LineString","coordinates":[[104.04663,30.60796],[104.04687,30.60748]]},"properties":{"id":"905252217","name":"肖家河","source":"osm","waterway":"stream"}},{"type":"Feature","geometry":{"type":"LineString","coordinates":[[104.04696,30.60557],[104.04657,30.60407]]},"properties":{"id":"905252218","name":"肖家河","source":"osm","waterway":"stream"}},{"type":"Feature","geometry":{"type":"LineString","coordinates":[[104.04707,30.60623],[104.04696,30.60557]]},"properties":{"id":"905252219","name":"肖家河","source":"osm","waterway":"stream"}},{"type":"Feature","geometry":{"type":"LineString","coordinates":[[104.04721,30.60369],[104.05133,30.60574]]},"properties":{"id":"905252220","name":"朱家沟","source":"osm","waterway":"stream"}},{"type":"Feature","geometry":{"type":"LineString","coordinates":[[104.05133,30.60574],[104.05251,30.60564]]},"properties":{"id":"905252221","name":"朱家沟","source":"osm","waterway":"stream"}},{"type":"Feature","geometry":{"type":"LineString","coordinates":[[104.05251,30.60564],[104.05494,30.60545]]},"properties":{"id":"905252223","name":"朱家沟","source":"osm","waterway":"stream"}},{"type":"Feature","geometry":{"type":"LineString","coordinates":[[104.05494,30.60545],[104.05565,30.6054]]},"properties":{"id":"905252224","name":"朱家沟","source":"osm","waterway":"stream"}},{"type":"Feature","geometry":{"type":"LineString","coordinates":[[104.05565,30.6054],[104.05777,30.60521]]},"properties":{"id":"905252227","name":"朱家沟","source":"osm","waterway":"stream"}},{"type":"Feature","geometry":{"type":"LineString","coordinates":[[104.05777,30.60521],[104.0582,30.60517]]},"properties":{"id":"905252228","name":"朱家沟","source":"osm","waterway":"stream"}},{"type":"Feature","geometry":{"type":"LineString","coordinates":[[104.0582,30.60517],[104.05967,30.60524]]},"properties":{"id":"905252231","name":"朱家沟","source":"osm","waterway":"stream"}},{"type":"Feature","geometry":{"type":"LineString","coordinates":[[104.05967,30.60524],[104.05981,30.60522]]},"properties":{"id":"905252232","name":"朱家沟","source":"osm","waterway":"stream"}},{"type":"Feature","geometry":{"type":"LineString","coordinates":[[104.05981,30.60522],[104.05989,30.60521]]},"properties":{"id":"905252233","name":"朱家沟","source":"osm","waterway":"stream"}},{"type":"Feature","geometry":{"type":"LineString","coordinates":[[104.05989,30.60521],[104.06001,30.60519]]},"properties":{"id":"905252234","name":"朱家沟","source":"osm","waterway":"stream"}},{"type":"Feature","geometry":{"type":"LineString","coordinates":[[104.06014,30.60518],[104.06066,30.60512]]},"properties":{"id":"905252235","name":"朱家沟","source":"osm","waterway":"stream"}},{"type":"Feature","geometry":{"type":"LineString","coordinates":[[104.06001,30.60519],[104.06014,30.60518]]},"properties":{"id":"905252236","name":"朱家沟","source":"osm","waterway":"stream"}},{"type":"Feature","geometry":{"type":"LineString","coordinates":[[104.06084,30.60511],[104.06127,30.60507]]},"properties":{"id":"905252237","name":"朱家沟","source":"osm","waterway":"stream"}},{"type":"Feature","geometry":{"type":"LineString","coordinates":[[104.06066,30.60512],[104.06084,30.60511]]},"properties":{"id":"905252238","name":"朱家沟","source":"osm","waterway":"stream"}},{"type":"Feature","geometry":{"type":"LineString","coordinates":[[104.06127,30.60507],[104.06436,30.60478]]},"properties":{"id":"905252239","name":"朱家沟","source":"osm","waterway":"stream"}},{"type":"Feature","geometry":{"type":"LineString","coordinates":[[104.06436,30.60478],[104.06576,30.60463]]},"properties":{"id":"905252240","name":"朱家沟","source":"osm","waterway":"stream"}},{"type":"Feature","geometry":{"type":"LineString","coordinates":[[104.06576,30.60463],[104.06672,30.60451]]},"properties":{"id":"905252241","name":"朱家沟","source":"osm","waterway":"stream"}},{"type":"Feature","geometry":{"type":"LineString","coordinates":[[104.06672,30.60451],[104.0672,30.60444]]},"properties":{"id":"905252242","name":"朱家沟","source":"osm","waterway":"stream"}},{"type":"Feature","geometry":{"type":"LineString","coordinates":[[104.0672,30.60444],[104.06774,30.60437]]},"properties":{"id":"905252243","name":"朱家沟","source":"osm","waterway":"stream"}},{"type":"Feature","geometry":{"type":"LineString","coordinates":[[104.06774,30.60437],[104.06884,30.6043]]},"properties":{"id":"905252244","name":"朱家沟","source":"osm","waterway":"stream"}},{"type":"Feature","geometry":{"type":"LineString","coordinates":[[104.06884,30.6043],[104.06943,30.60424]]},"properties":{"id":"905252245","name":"朱家沟","source":"osm","waterway":"stream"}},{"type":"Feature","geometry":{"type":"LineString","coordinates":[[104.06943,30.60424],[104.06988,30.60418]]},"properties":{"id":"905252246","name":"朱家沟","source":"osm","waterway":"stream"}},{"type":"Feature","geometry":{"type":"LineString","coordinates":[[104.06988,30.60418],[104.07137,30.60401]]},"properties":{"id":"905252247","name":"朱家沟","source":"osm","waterway":"stream"}},{"type":"Feature","geometry":{"type":"LineString","coordinates":[[104.07137,30.60401],[104.07191,30.60393]]},"properties":{"id":"905252248","name":"朱家沟","source":"osm","waterway":"stream"}},{"type":"Feature","geometry":{"type":"LineString","coordinates":[[104.07385,30.60372],[104.07461,30.60365]]},"properties":{"id":"905252249","name":"朱家沟","source":"osm","waterway":"stream"}},{"type":"Feature","geometry":{"type":"LineString","coordinates":[[104.07351,30.60377],[104.07385,30.60372]]},"properties":{"id":"905252250","name":"朱家沟","source":"osm","waterway":"stream"}},{"type":"Feature","geometry":{"type":"LineString","coordinates":[[104.07558,30.60353],[104.07702,30.60339]]},"properties":{"id":"905252272","name":"朱家沟","source":"osm","waterway":"stream"}},{"type":"Feature","geometry":{"type":"LineString","coordinates":[[104.07702,30.60339],[104.07747,30.60334]]},"properties":{"id":"905252273","name":"朱家沟","source":"osm","waterway":"stream"}},{"type":"Feature","geometry":{"type":"LineString","coordinates":[[104.17023,30.71057],[104.17064,30.71034]]},"properties":{"id":"912227703","name":"大庙河","source":"osm","waterway":"stream"}},{"type":"Feature","geometry":{"type":"LineString","coordinates":[[104.17125,30.71003],[104.17132,30.70902]]},"properties":{"id":"912227704","name":"大庙河","source":"osm","waterway":"stream"}},{"type":"Feature","geometry":{"type":"LineString","coordinates":[[104.18884,30.7323],[104.19075,30.73494],[104.19198,30.73524]]},"properties":{"id":"912227709","name":"北支一支渠","source":"osm","waterway":"canal"}},{"type":"Feature","geometry":{"type":"LineString","coordinates":[[104.18875,30.73197],[104.18884,30.7323]]},"properties":{"id":"912227710","name":"北支一支渠","source":"osm","waterway":"canal"}},{"type":"Feature","geometry":{"type":"LineString","coordinates":[[103.89734,30.52958],[103.89767,30.52551],[103.89681,30.52159],[103.89825,30.51832],[103.8983,30.51297],[103.89665,30.50984],[103.89689,30.50896],[103.89489,30.50609],[103.88787,30.50021],[103.88979,30.49924],[103.88943,30.49765],[103.89073,30.49628],[103.88997,30.49402],[103.89218,30.49211],[103.89081,30.49134],[103.8917,30.48713],[103.89294,30.48689],[103.89431,30.48859],[103.89448,30.48644]]},"properties":{"id":"915502471","name":"牧山干渠","source":"osm","waterway":"canal"}},{"type":"Feature","geometry":{"type":"LineString","coordinates":[[103.90691,30.53614],[103.906,30.5363]]},"properties":{"id":"915502472","name":"牧山干渠","source":"osm","waterway":"canal"}},{"type":"Feature","geometry":{"type":"LineString","coordinates":[[104.17624,30.55172],[104.17411,30.55052]]},"properties":{"id":"923128090","name":"老南干渠","source":"osm","waterway":"canal"}},{"type":"Feature","geometry":{"type":"LineString","coordinates":[[104.17411,30.55052],[104.17407,30.55027]]},"properties":{"id":"923128091","name":"老南干渠","source":"osm","waterway":"canal"}},{"type":"Feature","geometry":{"type":"LineString","coordinates":[[104.18724,30.55613],[104.18694,30.55405],[104.18461,30.55284],[104.17709,30.55204]]},"properties":{"id":"926678194","name":"老南干渠","source":"osm","waterway":"canal"}},{"type":"Feature","geometry":{"type":"LineString","coordinates":[[104.18744,30.55639],[104.18724,30.55613]]},"properties":{"id":"926678195","name":"老南干渠","source":"osm","waterway":"canal"}},{"type":"Feature","geometry":{"type":"LineString","coordinates":[[104.17055,30.67666],[104.17122,30.67651]]},"properties":{"id":"930966436","name":"清水河","source":"osm","waterway":"stream"}},{"type":"Feature","geometry":{"type":"LineString","coordinates":[[104.1629,30.67895],[104.16884,30.67882],[104.17055,30.67666]]},"properties":{"id":"930966437","name":"清水河","source":"osm","waterway":"stream"}},{"type":"Feature","geometry":{"type":"LineString","coordinates":[[104.1621,30.67912],[104.1629,30.67895]]},"properties":{"id":"930966440","name":"清水河","source":"osm","waterway":"stream"}},{"type":"Feature","geometry":{"type":"LineString","coordinates":[[104.15811,30.67979],[104.16077,30.67929]]},"properties":{"id":"930966441","name":"清水河","source":"osm","waterway":"stream"}},{"type":"Feature","geometry":{"type":"LineString","coordinates":[[104.0602,30.6841],[104.06052,30.68492]]},"properties":{"id":"937284399","name":"饮马河","source":"osm","waterway":"stream"}},{"type":"Feature","geometry":{"type":"LineString","coordinates":[[104.05983,30.6836],[104.0602,30.6841]]},"properties":{"id":"937284400","name":"饮马河","source":"osm","waterway":"stream"}},{"type":"Feature","geometry":{"type":"LineString","coordinates":[[104.056,30.62771],[104.05633,30.62759]]},"properties":{"id":"938768921","name":"火烧堰","source":"osm","waterway":"stream"}},{"type":"Feature","geometry":{"type":"LineString","coordinates":[[104.05633,30.62759],[104.05643,30.62712]]},"properties":{"id":"938768922","name":"火烧堰","source":"osm","waterway":"stream"}},{"type":"Feature","geometry":{"type":"LineString","coordinates":[[104.05643,30.62712],[104.05754,30.62695]]},"properties":{"id":"938768923","name":"火烧堰","source":"osm","waterway":"stream"}},{"type":"Feature","geometry":{"type":"LineString","coordinates":[[104.05754,30.62695],[104.05774,30.62695]]},"properties":{"id":"938768924","name":"火烧堰","source":"osm","waterway":"stream"}},{"type":"Feature","geometry":{"type":"LineString","coordinates":[[104.0388,30.63181],[104.03891,30.6318]]},"properties":{"id":"938768927","name":"火烧堰","source":"osm","waterway":"stream"}},{"type":"Feature","geometry":{"type":"LineString","coordinates":[[104.05774,30.62695],[104.05975,30.62691]]},"properties":{"id":"938768928","name":"火烧堰","source":"osm","waterway":"stream"}},{"type":"Feature","geometry":{"type":"LineString","coordinates":[[104.05975,30.62691],[104.06018,30.62691]]},"properties":{"id":"938768929","name":"火烧堰","source":"osm","waterway":"stream"}},{"type":"Feature","geometry":{"type":"LineString","coordinates":[[103.93931,30.75271],[103.94247,30.75038],[103.944,30.75059],[103.94457,30.7483],[103.94643,30.74835]]},"properties":{"id":"941885635","name":"磨底河","source":"osm","waterway":"stream"}},{"type":"Feature","geometry":{"type":"LineString","coordinates":[[103.94643,30.74835],[103.94679,30.74826]]},"properties":{"id":"941885636","name":"磨底河","source":"osm","waterway":"stream"}},{"type":"Feature","geometry":{"type":"LineString","coordinates":[[103.95758,30.73607],[103.959,30.73431],[103.95875,30.73323]]},"properties":{"id":"941885667","name":"走马河","source":"osm","waterway":"stream"}},{"type":"Feature","geometry":{"type":"LineString","coordinates":[[103.95742,30.73618],[103.95758,30.73607]]},"properties":{"id":"941885668","name":"走马河","source":"osm","waterway":"stream"}},{"type":"Feature","geometry":{"type":"LineString","coordinates":[[104.14457,30.72924],[104.14619,30.73023],[104.14748,30.7294]]},"properties":{"id":"941885690","name":"北干渠","source":"osm","waterway":"canal"}},{"type":"Feature","geometry":{"type":"LineString","coordinates":[[104.1446,30.72867],[104.14457,30.72924]]},"properties":{"id":"941885691","name":"北干渠","source":"osm","waterway":"canal"}},{"type":"Feature","geometry":{"type":"LineString","coordinates":[[104.00229,30.73979],[104.00355,30.73884]]},"properties":{"id":"941885700","name":"马家堰","source":"osm","waterway":"canal"}},{"type":"Feature","geometry":{"type":"LineString","coordinates":[[104.00355,30.73884],[104.00373,30.73868]]},"properties":{"id":"941885701","name":"马家堰","source":"osm","waterway":"canal"}},{"type":"Feature","geometry":{"type":"LineString","coordinates":[[104.00373,30.73868],[104.00545,30.73734]]},"properties":{"id":"941885703","name":"马家堰","source":"osm","waterway":"canal"}},{"type":"Feature","geometry":{"type":"LineString","coordinates":[[104.00545,30.73734],[104.00564,30.7372]]},"properties":{"id":"941885704","name":"马家堰","source":"osm","waterway":"canal"}},{"type":"Feature","geometry":{"type":"LineString","coordinates":[[104.00564,30.7372],[104.01008,30.73363]]},"properties":{"id":"941885707","name":"马家堰","source":"osm","waterway":"canal"}},{"type":"Feature","geometry":{"type":"LineString","coordinates":[[104.01008,30.73363],[104.01046,30.73334]]},"properties":{"id":"941885708","name":"马家堰","source":"osm","waterway":"canal"}},{"type":"Feature","geometry":{"type":"LineString","coordinates":[[104.01046,30.73334],[104.0124,30.73182]]},"properties":{"id":"941885709","name":"马家堰","source":"osm","waterway":"canal"}},{"type":"Feature","geometry":{"type":"LineString","coordinates":[[104.0124,30.73182],[104.01271,30.73157]]},"properties":{"id":"941885710","name":"马家堰","source":"osm","waterway":"canal"}},{"type":"Feature","geometry":{"type":"LineString","coordinates":[[104.01271,30.73157],[104.01436,30.73025]]},"properties":{"id":"941885711","name":"马家堰","source":"osm","waterway":"canal"}},{"type":"Feature","geometry":{"type":"LineString","coordinates":[[104.01436,30.73025],[104.01492,30.72983]]},"properties":{"id":"941885712","name":"马家堰","source":"osm","waterway":"canal"}},{"type":"Feature","geometry":{"type":"LineString","coordinates":[[104.09839,30.71241],[104.09692,30.71011]]},"properties":{"id":"942258755","name":"凤凰河","source":"osm","waterway":"stream"}},{"type":"Feature","geometry":{"type":"LineString","coordinates":[[104.0987,30.7129],[104.09839,30.71241]]},"properties":{"id":"942258756","name":"凤凰河","source":"osm","waterway":"stream"}},{"type":"Feature","geometry":{"type":"LineString","coordinates":[[104.09908,30.71614],[104.09983,30.71482],[104.0987,30.7129]]},"properties":{"id":"942258759","name":"凤凰河","source":"osm","waterway":"stream"}},{"type":"Feature","geometry":{"type":"LineString","coordinates":[[104.09918,30.71644],[104.09908,30.71614]]},"properties":{"id":"942258760","name":"凤凰河","source":"osm","waterway":"stream"}},{"type":"Feature","geometry":{"type":"LineString","coordinates":[[104.09659,30.70961],[104.09646,30.70935]]},"properties":{"id":"942258763","name":"凤凰河","source":"osm","waterway":"stream"}},{"type":"Feature","geometry":{"type":"LineString","coordinates":[[104.09434,30.70583],[104.09322,30.70409]]},"properties":{"id":"942258764","name":"凤凰河","source":"osm","waterway":"stream"}},{"type":"Feature","geometry":{"type":"LineString","coordinates":[[104.09466,30.70636],[104.09434,30.70583]]},"properties":{"id":"942258765","name":"凤凰河","source":"osm","waterway":"stream"}},{"type":"Feature","geometry":{"type":"LineString","coordinates":[[104.09029,30.59717],[104.09024,30.59573]]},"properties":{"id":"944427417","name":"小沙河","source":"osm","waterway":"stream"}},{"type":"Feature","geometry":{"type":"LineString","coordinates":[[104.09024,30.59573],[104.09022,30.59557]]},"properties":{"id":"944427418","name":"小沙河","source":"osm","waterway":"stream"}},{"type":"Feature","geometry":{"type":"LineString","coordinates":[[104.08969,30.58836],[104.08963,30.58815]]},"properties":{"id":"944428851","name":"小沙河","source":"osm","waterway":"stream"}},{"type":"Feature","geometry":{"type":"LineString","coordinates":[[104.08988,30.58905],[104.08969,30.58836]]},"properties":{"id":"944428852","name":"小沙河","source":"osm","waterway":"stream"}},{"type":"Feature","geometry":{"type":"LineString","coordinates":[[104.09011,30.58944],[104.08988,30.58905]]},"properties":{"id":"944428853","name":"小沙河","source":"osm","waterway":"stream"}},{"type":"Feature","geometry":{"type":"LineString","coordinates":[[104.09021,30.58971],[104.09011,30.58944]]},"properties":{"id":"944428854","name":"小沙河","source":"osm","waterway":"stream"}},{"type":"Feature","geometry":{"type":"LineString","coordinates":[[104.09024,30.5899],[104.09021,30.58971]]},"properties":{"id":"944428855","name":"小沙河","source":"osm","waterway":"stream"}},{"type":"Feature","geometry":{"type":"LineString","coordinates":[[104.09022,30.58996],[104.09024,30.5899]]},"properties":{"id":"944428856","name":"小沙河","source":"osm","waterway":"stream"}},{"type":"Feature","geometry":{"type":"LineString","coordinates":[[104.08963,30.58815],[104.08965,30.58807]]},"properties":{"id":"944428857","name":"小沙河","source":"osm","waterway":"stream"}},{"type":"Feature","geometry":{"type":"LineString","coordinates":[[104.07447,30.71261],[104.07708,30.70866]]},"properties":{"id":"946475290","name":"小沙河","source":"osm","waterway":"stream"}},{"type":"Feature","geometry":{"type":"LineString","coordinates":[[104.07896,30.69957],[104.07883,30.69724]]},"properties":{"id":"946475291","name":"小沙河","source":"osm","waterway":"stream"}},{"type":"Feature","geometry":{"type":"LineString","coordinates":[[104.07898,30.69993],[104.07896,30.69957]]},"properties":{"id":"946475292","name":"小沙河","source":"osm","waterway":"stream"}},{"type":"Feature","geometry":{"type":"LineString","coordinates":[[104.07894,30.70073],[104.07898,30.69993]]},"properties":{"id":"946475293","name":"小沙河","source":"osm","waterway":"stream"}},{"type":"Feature","geometry":{"type":"LineString","coordinates":[[104.07892,30.70093],[104.07894,30.70073]]},"properties":{"id":"946475294","name":"小沙河","source":"osm","waterway":"stream"}},{"type":"Feature","geometry":{"type":"LineString","coordinates":[[104.07708,30.70866],[104.07725,30.70813]]},"properties":{"id":"946475295","name":"小沙河","source":"osm","waterway":"stream"}},{"type":"Feature","geometry":{"type":"LineString","coordinates":[[103.94836,30.66004],[103.95227,30.65572],[103.95258,30.65416],[103.95575,30.6537]]},"properties":{"id":"946619342","name":"三吏堰","source":"osm","waterway":"canal"}},{"type":"Feature","geometry":{"type":"LineString","coordinates":[[103.85312,30.88279],[103.86384,30.87923],[103.86994,30.87861]]},"properties":{"id":"949458092","name":"徐堰河","source":"osm","waterway":"canal"}},{"type":"Feature","geometry":{"type":"LineString","coordinates":[[104.03715,30.79777],[104.03812,30.79699],[104.04017,30.79816],[104.04113,30.79743],[104.03955,30.7964],[104.04041,30.79583],[104.03956,30.79488],[104.0415,30.79266],[104.0434,30.7933],[104.04367,30.79189],[104.04463,30.79292],[104.04692,30.7912],[104.04804,30.79153]]},"properties":{"id":"952972350","name":"海边堰","source":"osm","waterway":"canal"}},{"type":"Feature","geometry":{"type":"LineString","coordinates":[[104.05562,30.78875],[104.05576,30.78844]]},"properties":{"id":"952972351","name":"海边堰","source":"osm","waterway":"canal"}},{"type":"Feature","geometry":{"type":"LineString","coordinates":[[104.0249,30.80098],[104.02652,30.79997],[104.02804,30.80053],[104.02883,30.79901],[104.0321,30.79903],[104.0342,30.79735]]},"properties":{"id":"952972364","name":"海边堰","source":"osm","waterway":"canal"}},{"type":"Feature","geometry":{"type":"LineString","coordinates":[[104.03467,30.79763],[104.03491,30.79773]]},"properties":{"id":"952972365","name":"海边堰","source":"osm","waterway":"canal"}},{"type":"Feature","geometry":{"type":"LineString","coordinates":[[104.03491,30.79773],[104.03604,30.79724],[104.036,30.79802],[104.03694,30.79777]]},"properties":{"id":"952972370","name":"海边堰","source":"osm","waterway":"canal"}},{"type":"Feature","geometry":{"type":"LineString","coordinates":[[104.03694,30.79777],[104.03715,30.79777]]},"properties":{"id":"952972371","name":"海边堰","source":"osm","waterway":"canal"}},{"type":"Feature","geometry":{"type":"LineString","coordinates":[[104.04837,30.79168],[104.05087,30.79205],[104.04987,30.79003],[104.05215,30.7903],[104.05268,30.78932],[104.05562,30.78875]]},"properties":{"id":"952972372","name":"海边堰","source":"osm","waterway":"canal"}},{"type":"Feature","geometry":{"type":"LineString","coordinates":[[104.04804,30.79153],[104.04837,30.79168]]},"properties":{"id":"952972373","name":"海边堰","source":"osm","waterway":"canal"}},{"type":"Feature","geometry":{"type":"LineString","coordinates":[[104.26069,30.83519],[104.26427,30.83331]]},"properties":{"id":"953221866","name":"绣川河","source":"osm","waterway":"river"}},{"type":"Feature","geometry":{"type":"LineString","coordinates":[[104.26546,30.83396],[104.26596,30.83394]]},"properties":{"id":"953221867","name":"绣川河","source":"osm","waterway":"river"}},{"type":"Feature","geometry":{"type":"LineString","coordinates":[[104.26483,30.83361],[104.26546,30.83396]]},"properties":{"id":"953221868","name":"绣川河","source":"osm","waterway":"river"}},{"type":"Feature","geometry":{"type":"LineString","coordinates":[[104.26427,30.83331],[104.26483,30.83361]]},"properties":{"id":"953221869","name":"绣川河","source":"osm","waterway":"river"}},{"type":"Feature","geometry":{"type":"LineString","coordinates":[[104.09297,30.52337],[104.08903,30.52303]]},"properties":{"id":"953303542","name":"大沙江","source":"osm","waterway":"stream"}},{"type":"Feature","geometry":{"type":"LineString","coordinates":[[104.09329,30.52373],[104.09297,30.52337]]},"properties":{"id":"953303543","name":"Dasha Jiang","source":"osm","waterway":"stream"}},{"type":"Feature","geometry":{"type":"LineString","coordinates":[[104.09338,30.52545],[104.09329,30.52373]]},"properties":{"id":"953303546","name":"Dasha Jiang","source":"osm","waterway":"stream"}},{"type":"Feature","geometry":{"type":"LineString","coordinates":[[104.09338,30.52596],[104.09338,30.52545]]},"properties":{"id":"953303547","name":"Dasha Jiang","source":"osm","waterway":"stream"}},{"type":"Feature","geometry":{"type":"LineString","coordinates":[[103.76167,30.66949],[103.76255,30.6686],[103.76158,30.66333],[103.76548,30.6594],[103.76637,30.65738],[103.76624,30.65531],[103.76894,30.6538],[103.77078,30.64823],[103.77524,30.64614],[103.77546,30.64396],[103.7783,30.64209]]},"properties":{"id":"954112311","name":"石鱼河","source":"osm","waterway":"stream"}},{"type":"Feature","geometry":{"type":"LineString","coordinates":[[103.79359,30.60741],[103.79378,30.6068]]},"properties":{"id":"954112312","name":"石鱼河","source":"osm","waterway":"stream"}},{"type":"Feature","geometry":{"type":"LineString","coordinates":[[104.04822,30.55805],[104.04853,30.55714],[104.04768,30.55615]]},"properties":{"id":"958215054","name":"肖家河","source":"osm","waterway":"stream"}},{"type":"Feature","geometry":{"type":"LineString","coordinates":[[104.05162,30.5449],[104.05165,30.54455]]},"properties":{"id":"958215055","name":"肖家河","source":"osm","waterway":"stream"}},{"type":"Feature","geometry":{"type":"LineString","coordinates":[[104.04614,30.5405],[104.04645,30.54021]]},"properties":{"id":"958215057","name":"艾家沟","source":"osm","waterway":"stream"}},{"type":"Feature","geometry":{"type":"LineString","coordinates":[[104.04645,30.54021],[104.04698,30.54012]]},"properties":{"id":"958215058","name":"艾家沟","source":"osm","waterway":"stream"}},{"type":"Feature","geometry":{"type":"LineString","coordinates":[[104.04698,30.54012],[104.04762,30.54012]]},"properties":{"id":"958215059","name":"艾家沟","source":"osm","waterway":"stream"}},{"type":"Feature","geometry":{"type":"LineString","coordinates":[[104.05165,30.54455],[104.05137,30.54054]]},"properties":{"id":"958215060","name":"肖家河","source":"osm","waterway":"stream"}},{"type":"Feature","geometry":{"type":"LineString","coordinates":[[104.05137,30.54054],[104.05168,30.54024]]},"properties":{"id":"958215061","name":"肖家河","source":"osm","waterway":"stream"}},{"type":"Feature","geometry":{"type":"LineString","coordinates":[[104.0463,30.55347],[104.04621,30.54934]]},"properties":{"id":"958215066","name":"艾家沟","source":"osm","waterway":"stream"}},{"type":"Feature","geometry":{"type":"LineString","coordinates":[[104.04621,30.54934],[104.04622,30.54906]]},"properties":{"id":"958215067","name":"艾家沟","source":"osm","waterway":"stream"}},{"type":"Feature","geometry":{"type":"LineString","coordinates":[[104.05054,30.54872],[104.05152,30.54722],[104.05162,30.5449]]},"properties":{"id":"958215068","name":"肖家河","source":"osm","waterway":"stream"}},{"type":"Feature","geometry":{"type":"LineString","coordinates":[[104.05029,30.54945],[104.05054,30.54872]]},"properties":{"id":"958215069","name":"肖家河","source":"osm","waterway":"stream"}},{"type":"Feature","geometry":{"type":"LineString","coordinates":[[104.04858,30.55351],[104.05029,30.54945]]},"properties":{"id":"958215072","name":"肖家河","source":"osm","waterway":"stream"}},{"type":"Feature","geometry":{"type":"LineString","coordinates":[[104.04831,30.5539],[104.04858,30.55351]]},"properties":{"id":"958215073","name":"肖家河","source":"osm","waterway":"stream"}},{"type":"Feature","geometry":{"type":"LineString","coordinates":[[104.04752,30.55595],[104.04831,30.5539]]},"properties":{"id":"958215074","name":"肖家河","source":"osm","waterway":"stream"}},{"type":"Feature","geometry":{"type":"LineString","coordinates":[[104.04768,30.55615],[104.04752,30.55595]]},"properties":{"id":"958215075","name":"肖家河","source":"osm","waterway":"stream"}},{"type":"Feature","geometry":{"type":"LineString","coordinates":[[104.05168,30.54024],[104.05175,30.54018]]},"properties":{"id":"958215078","name":"肖家河","source":"osm","waterway":"stream"}},{"type":"Feature","geometry":{"type":"LineString","coordinates":[[104.05175,30.54018],[104.05385,30.54018],[104.05421,30.53941]]},"properties":{"id":"958215079","name":"肖家河","source":"osm","waterway":"stream"}},{"type":"Feature","geometry":{"type":"LineString","coordinates":[[104.05421,30.53941],[104.05423,30.53928]]},"properties":{"id":"958215080","name":"肖家河","source":"osm","waterway":"stream"}},{"type":"Feature","geometry":{"type":"LineString","coordinates":[[104.05423,30.53928],[104.05445,30.53778]]},"properties":{"id":"958215081","name":"肖家河","source":"osm","waterway":"stream"}},{"type":"Feature","geometry":{"type":"LineString","coordinates":[[104.05445,30.53778],[104.0545,30.5375]]},"properties":{"id":"958215082","name":"肖家河","source":"osm","waterway":"stream"}},{"type":"Feature","geometry":{"type":"LineString","coordinates":[[104.18205,30.69177],[104.1841,30.69187]]},"properties":{"id":"958763533","name":"大庙河","source":"osm","waterway":"stream"}},{"type":"Feature","geometry":{"type":"LineString","coordinates":[[104.1841,30.69187],[104.18479,30.69191]]},"properties":{"id":"958763534","name":"大庙河","source":"osm","waterway":"stream"}},{"type":"Feature","geometry":{"type":"LineString","coordinates":[[104.1812,30.69181],[104.18169,30.69175]]},"properties":{"id":"958763535","name":"大庙河","source":"osm","waterway":"stream"}},{"type":"Feature","geometry":{"type":"LineString","coordinates":[[104.18169,30.69175],[104.18205,30.69177]]},"properties":{"id":"958763536","name":"大庙河","source":"osm","waterway":"stream"}},{"type":"Feature","geometry":{"type":"LineString","coordinates":[[104.25748,30.58787],[104.25809,30.58815]]},"properties":{"id":"958845742","name":"东干渠","source":"osm","waterway":"canal"}},{"type":"Feature","geometry":{"type":"LineString","coordinates":[[104.28216,30.59821],[104.27953,30.59918],[104.27917,30.60095],[104.27508,30.60263],[104.27413,30.60397],[104.27463,30.60712],[104.27339,30.6068],[104.27229,30.60772],[104.27288,30.60851],[104.27079,30.60927],[104.27105,30.61106],[104.27007,30.61276]]},"properties":{"id":"958845758","name":"西江河","source":"osm","waterway":"stream"}},{"type":"Feature","geometry":{"type":"LineString","coordinates":[[104.28213,30.5974],[104.28216,30.59821]]},"properties":{"id":"958845759","name":"西江河","source":"osm","waterway":"stream"}},{"type":"Feature","geometry":{"type":"LineString","coordinates":[[104.28258,30.59166],[104.28156,30.59464],[104.28213,30.5974]]},"properties":{"id":"958845838","name":"西江河","source":"osm","waterway":"stream"}},{"type":"Feature","geometry":{"type":"LineString","coordinates":[[104.19158,30.46504],[104.19113,30.4643]]},"properties":{"id":"958847952","name":"向家巷暗涵","source":"osm","waterway":"canal"}},{"type":"Feature","geometry":{"type":"LineString","coordinates":[[103.90718,30.58823],[103.92899,30.58542]]},"properties":{"id":"958997195","name":"三支渠","source":"osm","waterway":"canal"}},{"type":"Feature","geometry":{"type":"LineString","coordinates":[[103.9325,30.58489],[103.93312,30.58405]]},"properties":{"id":"958997196","name":"三支渠","source":"osm","waterway":"canal"}},{"type":"Feature","geometry":{"type":"LineString","coordinates":[[103.9335,30.58354],[103.93434,30.58192]]},"properties":{"id":"958997197","name":"三支渠","source":"osm","waterway":"canal"}},{"type":"Feature","geometry":{"type":"LineString","coordinates":[[103.93434,30.58192],[103.93459,30.58152]]},"properties":{"id":"958997198","name":"三支渠","source":"osm","waterway":"canal"}},{"type":"Feature","geometry":{"type":"LineString","coordinates":[[103.93172,30.55694],[103.93118,30.55614]]},"properties":{"id":"958997201","name":"三支渠","source":"osm","waterway":"canal"}},{"type":"Feature","geometry":{"type":"LineString","coordinates":[[103.93118,30.55614],[103.93087,30.55568]]},"properties":{"id":"958997202","name":"三支渠","source":"osm","waterway":"canal"}},{"type":"Feature","geometry":{"type":"LineString","coordinates":[[104.00173,30.58958],[104.002,30.58849],[104.00458,30.58804],[104.00676,30.58613],[104.00555,30.58385],[104.0034,30.58239],[104.00335,30.57909]]},"properties":{"id":"960084199","name":"黄堰河","source":"osm","waterway":"stream"}},{"type":"Feature","geometry":{"type":"LineString","coordinates":[[104.0017,30.58987],[104.00173,30.58958]]},"properties":{"id":"960084200","name":"黄堰河","source":"osm","waterway":"stream"}},{"type":"Feature","geometry":{"type":"LineString","coordinates":[[104.03746,30.66918],[104.03721,30.66886]]},"properties":{"id":"960091378","name":"摸底河","source":"osm","waterway":"river"}},{"type":"Feature","geometry":{"type":"LineString","coordinates":[[104.21952,30.75709],[104.22126,30.75563],[104.22646,30.75382],[104.23364,30.75295],[104.23742,30.75336],[104.24204,30.75047],[104.24615,30.75042]]},"properties":{"id":"961607351","name":"毗河供水工程","source":"osm","waterway":"canal"}},{"type":"Feature","geometry":{"type":"LineString","coordinates":[[103.87723,30.81936],[103.87831,30.81902]]},"properties":{"id":"962180942","name":"沱江河","source":"osm","waterway":"river"}},{"type":"Feature","geometry":{"type":"LineString","coordinates":[[103.87831,30.81902],[103.87871,30.81889]]},"properties":{"id":"962180943","name":"沱江河","source":"osm","waterway":"river"}},{"type":"Feature","geometry":{"type":"LineString","coordinates":[[104.0545,30.5375],[104.05464,30.53691]]},"properties":{"id":"964348763","name":"肖家河","source":"osm","waterway":"stream"}},{"type":"Feature","geometry":{"type":"LineString","coordinates":[[104.05464,30.53691],[104.05585,30.53659]]},"properties":{"id":"964348764","name":"肖家河","source":"osm","waterway":"stream"}},{"type":"Feature","geometry":{"type":"LineString","coordinates":[[103.96495,30.72803],[103.96504,30.72789]]},"properties":{"id":"965288597","name":"走马河","source":"osm","waterway":"stream"}},{"type":"Feature","geometry":{"type":"LineString","coordinates":[[103.9648,30.72833],[103.96495,30.72803]]},"properties":{"id":"965288598","name":"走马河","source":"osm","waterway":"stream"}},{"type":"Feature","geometry":{"type":"LineString","coordinates":[[103.97089,30.7299],[103.97095,30.72978]]},"properties":{"id":"965288599","name":"磨底河","source":"osm","waterway":"stream"}},{"type":"Feature","geometry":{"type":"LineString","coordinates":[[103.97072,30.73022],[103.97089,30.7299]]},"properties":{"id":"965288600","name":"磨底河","source":"osm","waterway":"stream"}},{"type":"Feature","geometry":{"type":"LineString","coordinates":[[103.97352,30.74486],[103.97276,30.74313]]},"properties":{"id":"967124039","name":"杨柳河","source":"osm","waterway":"stream"}},{"type":"Feature","geometry":{"type":"LineString","coordinates":[[103.97707,30.73732],[103.97613,30.73623],[103.97895,30.73363]]},"properties":{"id":"967124042","name":"杨柳河","source":"osm","waterway":"stream"}},{"type":"Feature","geometry":{"type":"LineString","coordinates":[[103.97509,30.74146],[103.97529,30.74126]]},"properties":{"id":"967124043","name":"杨柳河","source":"osm","waterway":"stream"}},{"type":"Feature","geometry":{"type":"LineString","coordinates":[[103.97443,30.74171],[103.97509,30.74146]]},"properties":{"id":"967124044","name":"杨柳河","source":"osm","waterway":"stream"}},{"type":"Feature","geometry":{"type":"LineString","coordinates":[[103.97276,30.74313],[103.97443,30.74171]]},"properties":{"id":"967124045","name":"杨柳河","source":"osm","waterway":"stream"}},{"type":"Feature","geometry":{"type":"LineString","coordinates":[[103.96748,30.74967],[103.9716,30.7467]]},"properties":{"id":"967124046","name":"杨柳河","source":"osm","waterway":"stream"}},{"type":"Feature","geometry":{"type":"LineString","coordinates":[[103.97381,30.74511],[103.97352,30.74486]]},"properties":{"id":"967124047","name":"杨柳河","source":"osm","waterway":"stream"}},{"type":"Feature","geometry":{"type":"LineString","coordinates":[[103.86599,30.80333],[103.8677,30.80104]]},"properties":{"id":"969790018","name":"磨底河","source":"osm","waterway":"stream"}},{"type":"Feature","geometry":{"type":"LineString","coordinates":[[103.8677,30.80104],[103.86817,30.80057]]},"properties":{"id":"969790019","name":"磨底河","source":"osm","waterway":"stream"}},{"type":"Feature","geometry":{"type":"LineString","coordinates":[[103.86817,30.80057],[103.86746,30.79908]]},"properties":{"id":"969790020","name":"磨底河","source":"osm","waterway":"stream"}},{"type":"Feature","geometry":{"type":"LineString","coordinates":[[103.86746,30.79908],[103.86732,30.79885]]},"properties":{"id":"969790021","name":"磨底河","source":"osm","waterway":"stream"}},{"type":"Feature","geometry":{"type":"LineString","coordinates":[[103.98592,30.66317],[103.98837,30.66331]]},"properties":{"id":"972819828","name":"清水河","source":"osm","waterway":"river"}},{"type":"Feature","geometry":{"type":"LineString","coordinates":[[104.14978,30.68879],[104.1503,30.68842],[104.14904,30.68633]]},"properties":{"id":"974405049","name":"清水河","source":"osm","waterway":"stream"}},{"type":"Feature","geometry":{"type":"LineString","coordinates":[[104.15977,30.71199],[104.16076,30.71073],[104.16419,30.71168],[104.16569,30.7112]]},"properties":{"id":"975248247","name":"大庙河","source":"osm","waterway":"stream"}},{"type":"Feature","geometry":{"type":"LineString","coordinates":[[104.15971,30.71229],[104.15977,30.71199]]},"properties":{"id":"975248248","name":"大庙河","source":"osm","waterway":"stream"}},{"type":"Feature","geometry":{"type":"LineString","coordinates":[[103.88051,30.7956],[103.88149,30.79637],[103.8832,30.79624]]},"properties":{"id":"980420057","name":"磨底河","source":"osm","waterway":"stream"}},{"type":"Feature","geometry":{"type":"LineString","coordinates":[[103.88025,30.79514],[103.88051,30.7956]]},"properties":{"id":"980420058","name":"磨底河","source":"osm","waterway":"stream"}},{"type":"Feature","geometry":{"type":"LineString","coordinates":[[103.8832,30.79624],[103.8836,30.79607]]},"properties":{"id":"980420059","name":"磨底河","source":"osm","waterway":"stream"}},{"type":"Feature","geometry":{"type":"LineString","coordinates":[[103.87382,30.79469],[103.87741,30.7936],[103.87975,30.79426],[103.88025,30.79514]]},"properties":{"id":"980420060","name":"磨底河","source":"osm","waterway":"stream"}},{"type":"Feature","geometry":{"type":"LineString","coordinates":[[103.87333,30.79484],[103.87382,30.79469]]},"properties":{"id":"980420061","name":"磨底河","source":"osm","waterway":"stream"}},{"type":"Feature","geometry":{"type":"LineString","coordinates":[[104.07708,30.77451],[104.07793,30.77359]]},"properties":{"id":"980666789","name":"海边堰","source":"osm","waterway":"canal"}},{"type":"Feature","geometry":{"type":"LineString","coordinates":[[103.92968,30.58533],[103.93153,30.58507]]},"properties":{"id":"981458840","name":"三支渠","source":"osm","waterway":"canal"}},{"type":"Feature","geometry":{"type":"LineString","coordinates":[[103.92899,30.58542],[103.92968,30.58533]]},"properties":{"id":"981458841","name":"三支渠","source":"osm","waterway":"canal"}},{"type":"Feature","geometry":{"type":"LineString","coordinates":[[104.1465,30.92701],[104.1713,30.93873],[104.17453,30.93888],[104.17643,30.93725],[104.18055,30.93606],[104.18386,30.93385],[104.18924,30.93434],[104.19108,30.93556],[104.19565,30.9364],[104.20103,30.9345],[104.20503,30.93637],[104.20773,30.93958],[104.21412,30.93903],[104.2141,30.94049],[104.21473,30.94063],[104.21653,30.94016],[104.21838,30.93813],[104.22006,30.93854],[104.22119,30.94019],[104.221,30.9432],[104.2217,30.94375],[104.22373,30.94225],[104.22404,30.9399],[104.22484,30.93935],[104.22983,30.94025],[104.2332,30.94262],[104.23428,30.94052],[104.23758,30.94105],[104.23732,30.93953],[104.23788,30.93938],[104.24062,30.94094],[104.24013,30.94547],[104.24101,30.94635],[104.24413,30.9448],[104.2428,30.94267],[104.24398,30.94136],[104.25816,30.9364],[104.26453,30.93598],[104.26456,30.93391],[104.26161,30.9321],[104.26198,30.93097],[104.2672,30.92976],[104.27436,30.93795],[104.27701,30.93617],[104.27844,30.93399],[104.28168,30.93312],[104.28178,30.93033],[104.28452,30.93083],[104.28843,30.9279]]},"properties":{"id":"984623774","name":"蒋家河","source":"osm","waterway":"river"}},{"type":"Feature","geometry":{"type":"LineString","coordinates":[[104.30985,30.86395],[104.3216,30.86535],[104.33201,30.87262],[104.34001,30.86856],[104.34185,30.86687]]},"properties":{"id":"984623815","name":"长流河","source":"osm","waterway":"river"}},{"type":"Feature","geometry":{"type":"LineString","coordinates":[[104.30943,30.86359],[104.30985,30.86395]]},"properties":{"id":"984623816","name":"长流河","source":"osm","waterway":"river"}},{"type":"Feature","geometry":{"type":"LineString","coordinates":[[104.27919,30.87206],[104.29674,30.86231],[104.3065,30.8605],[104.30943,30.86359]]},"properties":{"id":"984623821","name":"工业渠","source":"osm","waterway":"river"}},{"type":"Feature","geometry":{"type":"LineString","coordinates":[[104.27875,30.87233],[104.27919,30.87206]]},"properties":{"id":"984623822","name":"长流河","source":"osm","waterway":"river"}},{"type":"Feature","geometry":{"type":"LineString","coordinates":[[104.34213,30.86654],[104.34305,30.86391],[104.34207,30.86291],[104.34262,30.85955],[104.34428,30.85497]]},"properties":{"id":"984623831","name":"长流河","source":"osm","waterway":"river"}},{"type":"Feature","geometry":{"type":"LineString","coordinates":[[104.34185,30.86687],[104.34213,30.86654]]},"properties":{"id":"984623832","name":"长流河","source":"osm","waterway":"river"}},{"type":"Feature","geometry":{"type":"LineString","coordinates":[[103.95283,30.6881],[103.95538,30.68673]]},"properties":{"id":"984681408","name":"苏坡排洪河","source":"osm","waterway":"canal"}},{"type":"Feature","geometry":{"type":"LineString","coordinates":[[103.95538,30.68673],[103.95563,30.68661]]},"properties":{"id":"984681409","name":"苏坡排洪河","source":"osm","waterway":"canal"}},{"type":"Feature","geometry":{"type":"LineString","coordinates":[[103.95081,30.75735],[103.95336,30.7564]]},"properties":{"id":"984681418","name":"杨柳河","source":"osm","waterway":"stream"}},{"type":"Feature","geometry":{"type":"LineString","coordinates":[[104.03809,30.71402],[104.04017,30.7129]]},"properties":{"id":"984681457","name":"马家堰","source":"osm","waterway":"canal"}},{"type":"Feature","geometry":{"type":"LineString","coordinates":[[104.03578,30.71527],[104.03618,30.71505]]},"properties":{"id":"984681458","name":"马家堰","source":"osm","waterway":"canal"}},{"type":"Feature","geometry":{"type":"LineString","coordinates":[[104.03008,30.71882],[104.03029,30.71874]]},"properties":{"id":"984681460","name":"马家堰","source":"osm","waterway":"canal"}},{"type":"Feature","geometry":{"type":"LineString","coordinates":[[104.03029,30.71874],[104.03278,30.71927]]},"properties":{"id":"984681461","name":"马家堰","source":"osm","waterway":"canal"}},{"type":"Feature","geometry":{"type":"LineString","coordinates":[[104.03278,30.71927],[104.03345,30.71865]]},"properties":{"id":"984681462","name":"马家堰","source":"osm","waterway":"canal"}},{"type":"Feature","geometry":{"type":"LineString","coordinates":[[104.03345,30.71865],[104.03351,30.71862]]},"properties":{"id":"984681463","name":"马家堰","source":"osm","waterway":"canal"}},{"type":"Feature","geometry":{"type":"LineString","coordinates":[[104.03578,30.71531],[104.03578,30.71527]]},"properties":{"id":"984681464","name":"马家堰","source":"osm","waterway":"canal"}},{"type":"Feature","geometry":{"type":"LineString","coordinates":[[104.03618,30.71505],[104.03787,30.71414]]},"properties":{"id":"984681465","name":"马家堰","source":"osm","waterway":"canal"}},{"type":"Feature","geometry":{"type":"LineString","coordinates":[[104.03787,30.71414],[104.03809,30.71402]]},"properties":{"id":"984681466","name":"马家堰","source":"osm","waterway":"canal"}},{"type":"Feature","geometry":{"type":"LineString","coordinates":[[103.98529,30.62705],[103.98556,30.62664]]},"properties":{"id":"985211070","name":"黄堰河","source":"osm","waterway":"stream"}},{"type":"Feature","geometry":{"type":"LineString","coordinates":[[103.98528,30.63208],[103.98582,30.63052],[103.98512,30.62969]]},"properties":{"id":"985211071","name":"黄堰河","source":"osm","waterway":"stream"}},{"type":"Feature","geometry":{"type":"LineString","coordinates":[[103.97603,30.64903],[103.97685,30.64883]]},"properties":{"id":"986912029","name":"黄堰河","source":"osm","waterway":"stream"}},{"type":"Feature","geometry":{"type":"LineString","coordinates":[[103.97685,30.64883],[103.9772,30.64877]]},"properties":{"id":"986912030","name":"黄堰河","source":"osm","waterway":"stream"}},{"type":"Feature","geometry":{"type":"LineString","coordinates":[[103.98685,30.62412],[103.98799,30.62154]]},"properties":{"id":"987927088","name":"黄堰河","source":"osm","waterway":"stream"}},{"type":"Feature","geometry":{"type":"LineString","coordinates":[[103.98799,30.62154],[103.98804,30.62126]]},"properties":{"id":"987927089","name":"黄堰河","source":"osm","waterway":"stream"}},{"type":"Feature","geometry":{"type":"LineString","coordinates":[[103.98804,30.62126],[103.98866,30.6199]]},"properties":{"id":"987927090","name":"黄堰河","source":"osm","waterway":"stream"}},{"type":"Feature","geometry":{"type":"LineString","coordinates":[[103.98866,30.6199],[103.98864,30.61973]]},"properties":{"id":"987927091","name":"黄堰河","source":"osm","waterway":"stream"}},{"type":"Feature","geometry":{"type":"LineString","coordinates":[[103.98556,30.62664],[103.98672,30.62431]]},"properties":{"id":"987927119","name":"黄堰河","source":"osm","waterway":"stream"}},{"type":"Feature","geometry":{"type":"LineString","coordinates":[[103.98672,30.62431],[103.98685,30.62412]]},"properties":{"id":"987927120","name":"黄堰河","source":"osm","waterway":"stream"}},{"type":"Feature","geometry":{"type":"LineString","coordinates":[[103.98794,30.6186],[103.98938,30.61791]]},"properties":{"id":"987927121","name":"黄堰河","source":"osm","waterway":"stream"}},{"type":"Feature","geometry":{"type":"LineString","coordinates":[[103.98938,30.61791],[103.98954,30.61773]]},"properties":{"id":"987927122","name":"黄堰河","source":"osm","waterway":"stream"}},{"type":"Feature","geometry":{"type":"LineString","coordinates":[[103.99777,30.61164],[104.00094,30.60934]]},"properties":{"id":"987927123","name":"黄堰河","source":"osm","waterway":"stream"}},{"type":"Feature","geometry":{"type":"LineString","coordinates":[[103.99765,30.61174],[103.99777,30.61164]]},"properties":{"id":"987927124","name":"黄堰河","source":"osm","waterway":"stream"}},{"type":"Feature","geometry":{"type":"LineString","coordinates":[[104.00094,30.60934],[104.00106,30.60924]]},"properties":{"id":"987927125","name":"黄堰河","source":"osm","waterway":"stream"}},{"type":"Feature","geometry":{"type":"LineString","coordinates":[[104.00106,30.60924],[104.00142,30.60804]]},"properties":{"id":"987927126","name":"黄堰河","source":"osm","waterway":"stream"}},{"type":"Feature","geometry":{"type":"LineString","coordinates":[[104.00142,30.60804],[104.00167,30.60736]]},"properties":{"id":"987927127","name":"黄堰河","source":"osm","waterway":"stream"}},{"type":"Feature","geometry":{"type":"LineString","coordinates":[[104.00167,30.60736],[104.00152,30.60608]]},"properties":{"id":"987927128","name":"黄堰河","source":"osm","waterway":"stream"}},{"type":"Feature","geometry":{"type":"LineString","coordinates":[[104.00152,30.60608],[104.00146,30.60594]]},"properties":{"id":"987927129","name":"黄堰河","source":"osm","waterway":"stream"}},{"type":"Feature","geometry":{"type":"LineString","coordinates":[[104.20286,30.65928],[104.20431,30.66042],[104.20929,30.65949],[104.21098,30.6602],[104.21117,30.66165],[104.22197,30.65896],[104.22641,30.6622],[104.23482,30.66655],[104.23496,30.66736],[104.23725,30.66723]]},"properties":{"id":"988590723","name":"清水河","source":"osm","waterway":"stream"}},{"type":"Feature","geometry":{"type":"LineString","coordinates":[[104.20256,30.65903],[104.20286,30.65928]]},"properties":{"id":"988590724","name":"清水河","source":"osm","waterway":"stream"}},{"type":"Feature","geometry":{"type":"LineString","coordinates":[[103.99951,30.5936],[104.0017,30.58987]]},"properties":{"id":"988624148","name":"黄堰河","source":"osm","waterway":"stream"}},{"type":"Feature","geometry":{"type":"LineString","coordinates":[[103.99954,30.59391],[103.99951,30.5936]]},"properties":{"id":"988624149","name":"黄堰河","source":"osm","waterway":"stream"}},{"type":"Feature","geometry":{"type":"LineString","coordinates":[[103.99445,30.61427],[103.99582,30.61221],[103.99765,30.61174]]},"properties":{"id":"988624156","name":"黄堰河","source":"osm","waterway":"stream"}},{"type":"Feature","geometry":{"type":"LineString","coordinates":[[103.99431,30.61436],[103.99445,30.61427]]},"properties":{"id":"988624157","name":"黄堰河","source":"osm","waterway":"stream"}},{"type":"Feature","geometry":{"type":"LineString","coordinates":[[103.91428,30.75271],[103.91535,30.75187]]},"properties":{"id":"988869487","name":"走马河","source":"osm","waterway":"stream"}},{"type":"Feature","geometry":{"type":"LineString","coordinates":[[103.91535,30.75187],[103.91549,30.75173]]},"properties":{"id":"988869488","name":"走马河","source":"osm","waterway":"stream"}},{"type":"Feature","geometry":{"type":"LineString","coordinates":[[104.21253,30.55751],[104.21219,30.5574]]},"properties":{"id":"992974956","name":"老南干渠","source":"osm","waterway":"canal"}},{"type":"Feature","geometry":{"type":"LineString","coordinates":[[104.21281,30.55741],[104.21253,30.55751]]},"properties":{"id":"992974957","name":"老南干渠","source":"osm","waterway":"canal"}},{"type":"Feature","geometry":{"type":"LineString","coordinates":[[104.03115,30.79075],[104.03271,30.7896],[104.03353,30.78715],[104.03456,30.78682],[104.03537,30.78763],[104.03412,30.78912],[104.03647,30.79058],[104.03815,30.7907],[104.04047,30.78959]]},"properties":{"id":"993216163","name":"九道堰","source":"osm","waterway":"canal"}},{"type":"Feature","geometry":{"type":"LineString","coordinates":[[104.04131,30.78552],[104.04178,30.7848]]},"properties":{"id":"993216164","name":"九道堰","source":"osm","waterway":"canal"}},{"type":"Feature","geometry":{"type":"LineString","coordinates":[[104.06631,30.48126],[104.06597,30.48107]]},"properties":{"id":"993410564","name":"大沙江","source":"osm","waterway":"stream"}},{"type":"Feature","geometry":{"type":"LineString","coordinates":[[104.06647,30.48163],[104.06631,30.48126]]},"properties":{"id":"993410565","name":"大沙江","source":"osm","waterway":"stream"}},{"type":"Feature","geometry":{"type":"LineString","coordinates":[[104.07254,30.49213],[104.07239,30.4902],[104.06918,30.48793]]},"properties":{"id":"993410592","name":"大沙江","source":"osm","waterway":"stream"}},{"type":"Feature","geometry":{"type":"LineString","coordinates":[[104.07829,30.49847],[104.07718,30.49686],[104.07709,30.49367]]},"properties":{"id":"993410593","name":"大沙江","source":"osm","waterway":"stream"}},{"type":"Feature","geometry":{"type":"LineString","coordinates":[[104.07709,30.49367],[104.07687,30.49243],[104.07254,30.49213]]},"properties":{"id":"993410594","name":"大沙江","source":"osm","waterway":"stream"}},{"type":"Feature","geometry":{"type":"LineString","coordinates":[[104.17407,30.55027],[104.17326,30.54779],[104.17075,30.54687],[104.17026,30.54551],[104.17087,30.54252],[104.16951,30.53944],[104.17085,30.53802],[104.16658,30.53568]]},"properties":{"id":"995269006","name":"老南干渠","source":"osm","waterway":"canal"}},{"type":"Feature","geometry":{"type":"LineString","coordinates":[[104.16658,30.53568],[104.1663,30.53534]]},"properties":{"id":"995269007","name":"老南干渠","source":"osm","waterway":"canal"}},{"type":"Feature","geometry":{"type":"LineString","coordinates":[[104.40625,30.96458],[104.39792,30.95625],[104.39792,30.94792],[104.39375,30.94375],[104.38958,30.94375]]},"properties":{"id":"40647473","source":"hydrorivers","ord_stra":4,"length_km":3.15}},{"type":"Feature","geometry":{"type":"LineString","coordinates":[[103.81875,30.95208],[103.82292,30.94792],[103.82708,30.94792],[103.83125,30.94375],[103.83542,30.94375],[103.84375,30.93542],[103.84792,30.93542],[103.85625,30.92708],[103.86042,30.92708],[103.86875,30.91875],[103.86875,30.91458],[103.87292,30.91042]]},"properties":{"id":"40648812","source":"hydrorivers","ord_stra":4,"length_km":7.55}},{"type":"Feature","geometry":{"type":"LineString","coordinates":[[103.87292,30.91042],[103.88125,30.90208],[103.88125,30.89792],[103.89375,30.88542],[103.89375,30.88125]]},"properties":{"id":"40649848","source":"hydrorivers","ord_stra":4,"length_km":3.98}},{"type":"Feature","geometry":{"type":"LineString","coordinates":[[103.89375,30.88125],[103.89792,30.88125],[103.90208,30.87708],[103.90625,30.87708],[103.91042,30.87292],[103.91042,30.86875],[103.91458,30.86458]]},"properties":{"id":"40650442","source":"hydrorivers","ord_stra":4,"length_km":3.09}},{"type":"Feature","geometry":{"type":"LineString","coordinates":[[103.91458,30.86458],[103.92292,30.85625]]},"properties":{"id":"40650688","source":"hydrorivers","ord_stra":4,"length_km":1.22}},{"type":"Feature","geometry":{"type":"LineString","coordinates":[[103.92292,30.85625],[103.93958,30.85625]]},"properties":{"id":"40650689","source":"hydrorivers","ord_stra":4,"length_km":1.59}},{"type":"Feature","geometry":{"type":"LineString","coordinates":[[104.35625,30.84375],[104.36042,30.84792],[104.36875,30.84792],[104.38542,30.86458],[104.38958,30.86458],[104.39792,30.85625],[104.41875,30.85625],[104.42292,30.85208],[104.43542,30.85208],[104.43958,30.85625],[104.43958,30.86042]]},"properties":{"id":"40651154","source":"hydrorivers","ord_stra":4,"length_km":10.33}},{"type":"Feature","geometry":{"type":"LineString","coordinates":[[104.34792,30.83125],[104.35208,30.83542],[104.35208,30.83958],[104.35625,30.84375]]},"properties":{"id":"40651608","source":"hydrorivers","ord_stra":4,"length_km":1.69}},{"type":"Feature","geometry":{"type":"LineString","coordinates":[[103.93958,30.85625],[103.94375,30.85208],[103.95625,30.85208],[103.96458,30.84375],[103.96458,30.83958],[103.96875,30.83542],[103.97292,30.83542],[103.97708,30.83125],[103.98542,30.83125],[103.98958,30.82708],[104.00208,30.82708],[104.00625,30.82292],[104.01042,30.82708],[104.02292,30.82708],[104.02708,30.83125],[104.03125,30.83125],[104.03542,30.82708],[104.04375,30.82708]]},"properties":{"id":"40651927","source":"hydrorivers","ord_stra":4,"length_km":12.54}},{"type":"Feature","geometry":{"type":"LineString","coordinates":[[104.30208,30.83542],[104.30625,30.83542],[104.31042,30.83125],[104.31458,30.83125],[104.31875,30.82708],[104.32292,30.82708],[104.32708,30.82292]]},"properties":{"id":"40651928","source":"hydrorivers","ord_stra":4,"length_km":3.03}},{"type":"Feature","geometry":{"type":"LineString","coordinates":[[104.32708,30.82292],[104.33125,30.82292],[104.33542,30.82708],[104.34375,30.82708],[104.34792,30.83125]]},"properties":{"id":"40651929","source":"hydrorivers","ord_stra":4,"length_km":2.42}},{"type":"Feature","geometry":{"type":"LineString","coordinates":[[104.04375,30.82708],[104.04792,30.82292],[104.05625,30.82292],[104.06042,30.81875]]},"properties":{"id":"40652083","source":"hydrorivers","ord_stra":4,"length_km":2.02}},{"type":"Feature","geometry":{"type":"LineString","coordinates":[[104.27292,30.81458],[104.27708,30.81458],[104.28125,30.81875],[104.28125,30.82292],[104.28958,30.83125],[104.29792,30.83125],[104.30208,30.83542]]},"properties":{"id":"40652226","source":"hydrorivers","ord_stra":4,"length_km":4.1}},{"type":"Feature","geometry":{"type":"LineString","coordinates":[[104.06042,30.81875],[104.06458,30.81458],[104.06875,30.81458],[104.07292,30.81042],[104.07708,30.81458]]},"properties":{"id":"40652390","source":"hydrorivers","ord_stra":4,"length_km":2.23}},{"type":"Feature","geometry":{"type":"LineString","coordinates":[[104.07708,30.81458],[104.09375,30.81458],[104.09792,30.81042],[104.10625,30.81042],[104.11042,30.80625]]},"properties":{"id":"40652535","source":"hydrorivers","ord_stra":4,"length_km":3.61}},{"type":"Feature","geometry":{"type":"LineString","coordinates":[[104.11042,30.80625],[104.11458,30.80625],[104.11875,30.80208],[104.13125,30.80208]]},"properties":{"id":"40652699","source":"hydrorivers","ord_stra":4,"length_km":2.2}},{"type":"Feature","geometry":{"type":"LineString","coordinates":[[104.13125,30.80208],[104.13542,30.79792]]},"properties":{"id":"40652868","source":"hydrorivers","ord_stra":4,"length_km":0.61}},{"type":"Feature","geometry":{"type":"LineString","coordinates":[[104.13542,30.79792],[104.13958,30.79792]]},"properties":{"id":"40652869","source":"hydrorivers","ord_stra":4,"length_km":0.4}},{"type":"Feature","geometry":{"type":"LineString","coordinates":[[104.13958,30.79792],[104.14792,30.79792],[104.15208,30.79375]]},"properties":{"id":"40653003","source":"hydrorivers","ord_stra":4,"length_km":1.41}},{"type":"Feature","geometry":{"type":"LineString","coordinates":[[104.20208,30.79375],[104.20625,30.79375]]},"properties":{"id":"40653005","source":"hydrorivers","ord_stra":4,"length_km":0.4}},{"type":"Feature","geometry":{"type":"LineString","coordinates":[[104.20625,30.79375],[104.21042,30.79792],[104.22292,30.79792],[104.22708,30.80208],[104.23125,30.80208],[104.23542,30.80625],[104.26042,30.80625],[104.26458,30.81042],[104.26875,30.81042],[104.27292,30.81458]]},"properties":{"id":"40653006","source":"hydrorivers","ord_stra":4,"length_km":7.43}},{"type":"Feature","geometry":{"type":"LineString","coordinates":[[104.15208,30.79375],[104.16458,30.79375],[104.16875,30.78958],[104.18125,30.78958],[104.18542,30.79375],[104.18958,30.78958],[104.19792,30.78958],[104.20208,30.79375]]},"properties":{"id":"40653156","source":"hydrorivers","ord_stra":4,"length_km":5.63}},{"type":"Feature","geometry":{"type":"LineString","coordinates":[[104.08125,30.64792],[104.08958,30.63958],[104.08958,30.63125],[104.08542,30.62708],[104.08542,30.61042]]},"properties":{"id":"40659822","source":"hydrorivers","ord_stra":4,"length_km":4.61}},{"type":"Feature","geometry":{"type":"LineString","coordinates":[[103.65208,30.63125],[103.65625,30.62708],[103.65625,30.62292],[103.66042,30.61875],[103.66042,30.61458],[103.66458,30.61042],[103.66458,30.60625],[103.66875,30.60208],[103.67292,30.60208],[103.69375,30.58125],[103.69792,30.58125],[103.70208,30.58542],[103.70625,30.58542],[103.70625,30.57708],[103.72708,30.55625],[103.73125,30.55625],[103.73542,30.55208]]},"properties":{"id":"40662106","source":"hydrorivers","ord_stra":4,"length_km":13.69}},{"type":"Feature","geometry":{"type":"LineString","coordinates":[[104.08542,30.61042],[104.08542,30.60625],[104.08125,30.60208],[104.08125,30.57708],[104.07708,30.57292],[104.08125,30.56875],[104.08125,30.54792]]},"properties":{"id":"40662292","source":"hydrorivers","ord_stra":4,"length_km":7.39}},{"type":"Feature","geometry":{"type":"LineString","coordinates":[[103.73542,30.55208],[103.74792,30.53958],[103.74792,30.53542],[103.75625,30.52708],[103.75625,30.51875],[103.76042,30.51458],[103.76042,30.51042]]},"properties":{"id":"40663688","source":"hydrorivers","ord_stra":4,"length_km":5.52}},{"type":"Feature","geometry":{"type":"LineString","coordinates":[[104.08125,30.54792],[104.07292,30.53958],[104.06875,30.53958],[104.06458,30.53542],[104.06458,30.52708],[104.05625,30.51875],[104.05625,30.51458],[104.05208,30.51042],[104.05208,30.50625]]},"properties":{"id":"40663843","source":"hydrorivers","ord_stra":4,"length_km":5.92}},{"type":"Feature","geometry":{"type":"LineString","coordinates":[[104.05208,30.50625],[104.05208,30.49792],[104.05625,30.49375]]},"properties":{"id":"40664320","source":"hydrorivers","ord_stra":4,"length_km":1.54}},{"type":"Feature","geometry":{"type":"LineString","coordinates":[[104.05625,30.49375],[104.05625,30.48125],[104.05208,30.47708],[104.05208,30.47292],[104.04375,30.46458]]},"properties":{"id":"40665521","source":"hydrorivers","ord_stra":4,"length_km":3.69}},{"type":"Feature","geometry":{"type":"LineString","coordinates":[[104.04375,30.46458],[104.03542,30.45625],[104.03958,30.45208],[104.03542,30.44792],[104.02708,30.44792]]},"properties":{"id":"40666147","source":"hydrorivers","ord_stra":4,"length_km":3.25}},{"type":"Feature","geometry":{"type":"LineString","coordinates":[[103.76042,30.51042],[103.76458,30.50625],[103.76458,30.48958],[103.76875,30.48542],[103.76875,30.48125],[103.77708,30.47292],[103.78125,30.47292],[103.78958,30.46458],[103.78958,30.46042],[103.79375,30.45625],[103.79792,30.45625],[103.80208,30.45208],[103.80625,30.45208],[103.81042,30.44792],[103.81458,30.44792],[103.81875,30.44375],[103.81875,30.43958],[103.82292,30.43542],[103.82708,30.43542]]},"properties":{"id":"40666640","source":"hydrorivers","ord_stra":4,"length_km":11.97}},{"type":"Feature","geometry":{"type":"LineString","coordinates":[[104.02708,30.44792],[104.02292,30.44375],[104.02292,30.43542],[104.01875,30.43125],[104.01042,30.43125]]},"properties":{"id":"40666833","source":"hydrorivers","ord_stra":4,"length_km":2.95}},{"type":"Feature","geometry":{"type":"LineString","coordinates":[[104.01042,30.43125],[104.00625,30.42708],[104.00625,30.41458],[104.00208,30.41042],[103.98958,30.41042],[103.97292,30.39375],[103.97292,30.37708],[103.97708,30.37292]]},"properties":{"id":"40669163","source":"hydrorivers","ord_stra":4,"length_km":8.72}},{"type":"Feature","geometry":{"type":"LineString","coordinates":[[104.06875,30.92708],[104.07292,30.93125]]},"properties":{"id":"40648129","source":"hydrorivers","ord_stra":3,"length_km":0.61}},{"type":"Feature","geometry":{"type":"LineString","coordinates":[[104.25625,30.92292],[104.26042,30.92708],[104.26458,30.92708],[104.26875,30.92292],[104.27292,30.92292],[104.27708,30.92708],[104.28542,30.92708]]},"properties":{"id":"40648301","source":"hydrorivers","ord_stra":3,"length_km":3.42}},{"type":"Feature","geometry":{"type":"LineString","coordinates":[[104.28542,30.92708],[104.29792,30.92708],[104.30208,30.92292]]},"properties":{"id":"40648302","source":"hydrorivers","ord_stra":3,"length_km":1.8}},{"type":"Feature","geometry":{"type":"LineString","coordinates":[[104.30208,30.92292],[104.30625,30.92292]]},"properties":{"id":"40648303","source":"hydrorivers","ord_stra":3,"length_km":0.4}},{"type":"Feature","geometry":{"type":"LineString","coordinates":[[104.04375,30.91875],[104.05208,30.92708],[104.06875,30.92708]]},"properties":{"id":"40648473","source":"hydrorivers","ord_stra":3,"length_km":2.81}},{"type":"Feature","geometry":{"type":"LineString","coordinates":[[104.01042,30.91458],[104.01875,30.92292],[104.02292,30.92292],[104.02708,30.91875],[104.04375,30.91875]]},"properties":{"id":"40648652","source":"hydrorivers","ord_stra":3,"length_km":3.82}},{"type":"Feature","geometry":{"type":"LineString","coordinates":[[104.07292,30.93125],[104.08542,30.93125],[104.08958,30.92708],[104.10208,30.92708],[104.10625,30.92292],[104.11042,30.92708],[104.11458,30.92708],[104.11875,30.92292],[104.12708,30.92292],[104.13542,30.91458],[104.13958,30.91875],[104.14375,30.91875]]},"properties":{"id":"40648653","source":"hydrorivers","ord_stra":3,"length_km":8.25}},{"type":"Feature","geometry":{"type":"LineString","coordinates":[[104.14375,30.91875],[104.14792,30.91458]]},"properties":{"id":"40648654","source":"hydrorivers","ord_stra":3,"length_km":0.61}},{"type":"Feature","geometry":{"type":"LineString","coordinates":[[104.14792,30.91458],[104.15208,30.91458],[104.15625,30.91875]]},"properties":{"id":"40648655","source":"hydrorivers","ord_stra":3,"length_km":1.01}},{"type":"Feature","geometry":{"type":"LineString","coordinates":[[104.15625,30.91875],[104.16875,30.91875],[104.17292,30.91458],[104.18958,30.91458],[104.19792,30.92292],[104.20208,30.91875],[104.21458,30.91875]]},"properties":{"id":"40648656","source":"hydrorivers","ord_stra":3,"length_km":6.42}},{"type":"Feature","geometry":{"type":"LineString","coordinates":[[104.21458,30.91875],[104.23125,30.91875],[104.23542,30.91458]]},"properties":{"id":"40648657","source":"hydrorivers","ord_stra":3,"length_km":2.2}},{"type":"Feature","geometry":{"type":"LineString","coordinates":[[104.23542,30.91458],[104.23958,30.91458],[104.24375,30.91875],[104.25208,30.91875],[104.25625,30.92292]]},"properties":{"id":"40648658","source":"hydrorivers","ord_stra":3,"length_km":2.41}},{"type":"Feature","geometry":{"type":"LineString","coordinates":[[103.98125,30.91458],[103.98542,30.91458],[103.98958,30.91042],[103.99375,30.91042],[103.99792,30.91458],[104.01042,30.91458]]},"properties":{"id":"40648815","source":"hydrorivers","ord_stra":3,"length_km":3.21}},{"type":"Feature","geometry":{"type":"LineString","coordinates":[[104.30625,30.92292],[104.31042,30.92708],[104.33958,30.92708],[104.34375,30.92292],[104.35625,30.92292],[104.36042,30.91875],[104.36042,30.91458],[104.36458,30.91042],[104.36875,30.91042],[104.37292,30.91458],[104.38542,30.90208],[104.38542,30.89792],[104.38958,30.89375]]},"properties":{"id":"40649395","source":"hydrorivers","ord_stra":3,"length_km":10.79}},{"type":"Feature","geometry":{"type":"LineString","coordinates":[[104.38958,30.89375],[104.39375,30.88958],[104.39375,30.88542],[104.39792,30.88542],[104.40208,30.88125],[104.41042,30.88125],[104.41458,30.87708],[104.42708,30.87708]]},"properties":{"id":"40650002","source":"hydrorivers","ord_stra":3,"length_km":4.68}},{"type":"Feature","geometry":{"type":"LineString","coordinates":[[103.82292,30.83542],[103.83542,30.82292],[103.83542,30.81875],[103.83958,30.81458],[103.83958,30.81042]]},"properties":{"id":"40652387","source":"hydrorivers","ord_stra":3,"length_km":3.37}},{"type":"Feature","geometry":{"type":"LineString","coordinates":[[103.83958,30.81042],[103.85208,30.79792]]},"properties":{"id":"40652866","source":"hydrorivers","ord_stra":3,"length_km":1.83}},{"type":"Feature","geometry":{"type":"LineString","coordinates":[[103.85208,30.79792],[103.85625,30.79375]]},"properties":{"id":"40653001","source":"hydrorivers","ord_stra":3,"length_km":0.61}},{"type":"Feature","geometry":{"type":"LineString","coordinates":[[103.85625,30.79375],[103.86458,30.78542],[103.87292,30.78542],[103.88125,30.77708]]},"properties":{"id":"40653594","source":"hydrorivers","ord_stra":3,"length_km":3.24}},{"type":"Feature","geometry":{"type":"LineString","coordinates":[[104.28958,30.77708],[104.31875,30.77708],[104.32292,30.78125],[104.32292,30.78542],[104.31875,30.78958],[104.31875,30.81458],[104.32708,30.82292]]},"properties":{"id":"40653596","source":"hydrorivers","ord_stra":3,"length_km":8.47}},{"type":"Feature","geometry":{"type":"LineString","coordinates":[[103.88125,30.77708],[103.88542,30.77292],[103.88542,30.76875]]},"properties":{"id":"40653886","source":"hydrorivers","ord_stra":3,"length_km":1.07}},{"type":"Feature","geometry":{"type":"LineString","coordinates":[[103.88542,30.76875],[103.89375,30.76042],[103.89792,30.76042],[103.90208,30.75625],[103.90625,30.75625]]},"properties":{"id":"40654364","source":"hydrorivers","ord_stra":3,"length_km":2.63}},{"type":"Feature","geometry":{"type":"LineString","coordinates":[[103.90625,30.75625],[103.91042,30.75208]]},"properties":{"id":"40654538","source":"hydrorivers","ord_stra":3,"length_km":0.61}},{"type":"Feature","geometry":{"type":"LineString","coordinates":[[103.91042,30.75208],[103.92292,30.73958],[103.92708,30.73958],[103.93125,30.73542],[103.93542,30.73542],[103.93958,30.73125],[103.94375,30.73125]]},"properties":{"id":"40655329","source":"hydrorivers","ord_stra":3,"length_km":4.25}},{"type":"Feature","geometry":{"type":"LineString","coordinates":[[104.27292,30.72708],[104.28125,30.73542],[104.28125,30.73958],[104.28542,30.74375],[104.28542,30.75208],[104.27708,30.76042],[104.28125,30.76458],[104.28125,30.76875],[104.28958,30.77708]]},"properties":{"id":"40655454","source":"hydrorivers","ord_stra":3,"length_km":6.74}},{"type":"Feature","geometry":{"type":"LineString","coordinates":[[104.26042,30.71875],[104.26458,30.72292],[104.26875,30.72292],[104.27292,30.72708]]},"properties":{"id":"40655789","source":"hydrorivers","ord_stra":3,"length_km":1.62}},{"type":"Feature","geometry":{"type":"LineString","coordinates":[[103.94375,30.73125],[103.94792,30.72708],[103.94792,30.72292],[103.95208,30.72292],[103.96042,30.71458],[103.96458,30.71458],[103.96875,30.71042]]},"properties":{"id":"40656065","source":"hydrorivers","ord_stra":3,"length_km":3.7}},{"type":"Feature","geometry":{"type":"LineString","coordinates":[[104.25625,30.71042],[104.25625,30.71458],[104.26042,30.71875]]},"properties":{"id":"40656069","source":"hydrorivers","ord_stra":3,"length_km":1.07}},{"type":"Feature","geometry":{"type":"LineString","coordinates":[[103.96875,30.71042],[103.96875,30.70625],[103.97292,30.70208],[103.97292,30.69792]]},"properties":{"id":"40656501","source":"hydrorivers","ord_stra":3,"length_km":1.54}},{"type":"Feature","geometry":{"type":"LineString","coordinates":[[104.25208,30.69375],[104.25208,30.70208],[104.25625,30.70625],[104.25625,30.71042]]},"properties":{"id":"40656632","source":"hydrorivers","ord_stra":3,"length_km":2.0}},{"type":"Feature","geometry":{"type":"LineString","coordinates":[[103.97292,30.69792],[103.98125,30.68958]]},"properties":{"id":"40656793","source":"hydrorivers","ord_stra":3,"length_km":1.22}},{"type":"Feature","geometry":{"type":"LineString","coordinates":[[104.23958,30.67292],[104.24792,30.68125],[104.24792,30.68958],[104.25208,30.69375]]},"properties":{"id":"40657433","source":"hydrorivers","ord_stra":3,"length_km":2.76}},{"type":"Feature","geometry":{"type":"LineString","coordinates":[[104.23542,30.66875],[104.23958,30.67292]]},"properties":{"id":"40657579","source":"hydrorivers","ord_stra":3,"length_km":0.61}},{"type":"Feature","geometry":{"type":"LineString","coordinates":[[103.98125,30.68958],[103.98542,30.68958],[103.98958,30.68542],[103.98958,30.68125],[103.99375,30.67708],[103.99792,30.68125],[104.00625,30.67292],[104.00625,30.66875],[104.01042,30.66458]]},"properties":{"id":"40657724","source":"hydrorivers","ord_stra":3,"length_km":4.99}},{"type":"Feature","geometry":{"type":"LineString","coordinates":[[104.01042,30.66458],[104.01458,30.66042],[104.02292,30.66042]]},"properties":{"id":"40657886","source":"hydrorivers","ord_stra":3,"length_km":1.41}},{"type":"Feature","geometry":{"type":"LineString","coordinates":[[104.02292,30.66042],[104.02708,30.66042],[104.03125,30.65625],[104.03542,30.66042],[104.04375,30.66042]]},"properties":{"id":"40658048","source":"hydrorivers","ord_stra":3,"length_km":2.42}},{"type":"Feature","geometry":{"type":"LineString","coordinates":[[104.04375,30.66042],[104.05208,30.65208],[104.06042,30.65208],[104.06458,30.64792],[104.08125,30.64792]]},"properties":{"id":"40658382","source":"hydrorivers","ord_stra":3,"length_km":4.22}},{"type":"Feature","geometry":{"type":"LineString","coordinates":[[104.09375,30.66458],[104.08542,30.65625],[104.08542,30.64792],[104.08125,30.64792]]},"properties":{"id":"40658383","source":"hydrorivers","ord_stra":3,"length_km":2.55}},{"type":"Feature","geometry":{"type":"LineString","coordinates":[[104.23958,30.64792],[104.23958,30.66458],[104.23542,30.66875]]},"properties":{"id":"40658385","source":"hydrorivers","ord_stra":3,"length_km":2.46}},{"type":"Feature","geometry":{"type":"LineString","coordinates":[[103.90208,30.54375],[103.90208,30.53958],[103.89375,30.53125]]},"properties":{"id":"40662951","source":"hydrorivers","ord_stra":3,"length_km":1.69}},{"type":"Feature","geometry":{"type":"LineString","coordinates":[[104.01042,30.53958],[104.01875,30.53125],[104.01875,30.51875],[104.02292,30.51458],[104.03125,30.51458],[104.03542,30.51042],[104.04375,30.51042]]},"properties":{"id":"40663691","source":"hydrorivers","ord_stra":3,"length_km":5.43}},{"type":"Feature","geometry":{"type":"LineString","coordinates":[[104.04375,30.51042],[104.04792,30.51042],[104.05208,30.50625]]},"properties":{"id":"40663842","source":"hydrorivers","ord_stra":3,"length_km":1.01}},{"type":"Feature","geometry":{"type":"LineString","coordinates":[[103.89375,30.53125],[103.89375,30.52708],[103.89792,30.52292],[103.88958,30.51458],[103.88958,30.50625],[103.88542,30.50208],[103.88542,30.49792],[103.88958,30.49375],[103.88958,30.48542],[103.88542,30.48125],[103.88542,30.47708],[103.88125,30.47292],[103.88542,30.46875],[103.87708,30.46042],[103.87292,30.46042],[103.86875,30.45625],[103.86875,30.44792],[103.86042,30.43958],[103.86042,30.43542],[103.85625,30.43125],[103.85625,30.42708],[103.86458,30.41875],[103.86458,30.41458],[103.86875,30.41042]]},"properties":{"id":"40667705","source":"hydrorivers","ord_stra":3,"length_km":16.36}},{"type":"Feature","geometry":{"type":"LineString","coordinates":[[103.78542,30.41042],[103.78958,30.40625]]},"properties":{"id":"40667858","source":"hydrorivers","ord_stra":3,"length_km":0.61}},{"type":"Feature","geometry":{"type":"LineString","coordinates":[[104.35625,30.42708],[104.36042,30.42292],[104.36875,30.42292],[104.37708,30.41458],[104.38125,30.41458],[104.38542,30.41042],[104.38542,30.40625]]},"properties":{"id":"40667863","source":"hydrorivers","ord_stra":3,"length_km":4.11}},{"type":"Feature","geometry":{"type":"LineString","coordinates":[[104.38542,30.40625],[104.38958,30.40208],[104.39375,30.40208],[104.39792,30.40625],[104.40208,30.40625]]},"properties":{"id":"40668013","source":"hydrorivers","ord_stra":3,"length_km":2.02}},{"type":"Feature","geometry":{"type":"LineString","coordinates":[[103.86875,30.41042],[103.86875,30.40208],[103.85625,30.38958]]},"properties":{"id":"40668514","source":"hydrorivers","ord_stra":3,"length_km":2.76}},{"type":"Feature","geometry":{"type":"LineString","coordinates":[[103.80208,30.94792],[103.81458,30.94792],[103.81875,30.95208]]},"properties":{"id":"40647305","source":"hydrorivers","ord_stra":2,"length_km":1.8}},{"type":"Feature","geometry":{"type":"LineString","coordinates":[[104.02292,31.00625],[104.02708,31.00208],[104.03542,31.00208],[104.04375,30.99375],[104.04792,30.99375],[104.05625,30.98542],[104.06042,30.98542],[104.06875,30.97708],[104.07292,30.97708],[104.07708,30.97292],[104.08125,30.97292],[104.08542,30.96875],[104.08958,30.96875],[104.09375,30.96458],[104.09375,30.96042],[104.10208,30.95208],[104.11458,30.95208],[104.11875,30.94792],[104.11875,30.94375],[104.12292,30.93958]]},"properties":{"id":"40647621","source":"hydrorivers","ord_stra":2,"length_km":13.44}},{"type":"Feature","geometry":{"type":"LineString","coordinates":[[103.84792,30.95208],[103.85208,30.94792],[103.85625,30.94792],[103.86458,30.93958],[103.87292,30.93958],[103.87708,30.93542],[103.88125,30.93542]]},"properties":{"id":"40647779","source":"hydrorivers","ord_stra":2,"length_km":4.03}},{"type":"Feature","geometry":{"type":"LineString","coordinates":[[104.16875,30.96458],[104.17708,30.95625],[104.18125,30.95625],[104.18542,30.95208],[104.19375,30.95208],[104.19792,30.94792],[104.19792,30.93958],[104.20208,30.93542]]},"properties":{"id":"40647784","source":"hydrorivers","ord_stra":2,"length_km":5.17}},{"type":"Feature","geometry":{"type":"LineString","coordinates":[[103.88125,30.93542],[103.88542,30.93125],[103.90208,30.93125]]},"properties":{"id":"40647940","source":"hydrorivers","ord_stra":2,"length_km":2.2}},{"type":"Feature","geometry":{"type":"LineString","coordinates":[[103.90208,30.93125],[103.90625,30.92708],[103.91875,30.92708],[103.92292,30.93125]]},"properties":{"id":"40648128","source":"hydrorivers","ord_stra":2,"length_km":2.41}},{"type":"Feature","geometry":{"type":"LineString","coordinates":[[104.02292,30.93958],[104.03125,30.93125],[104.03542,30.93125],[104.04375,30.92292],[104.04375,30.91875]]},"properties":{"id":"40648472","source":"hydrorivers","ord_stra":2,"length_km":3.3}},{"type":"Feature","geometry":{"type":"LineString","coordinates":[[104.12292,30.93958],[104.12708,30.93958],[104.13958,30.92708],[104.14375,30.92708],[104.14792,30.92292],[104.14375,30.91875]]},"properties":{"id":"40648474","source":"hydrorivers","ord_stra":2,"length_km":3.85}},{"type":"Feature","geometry":{"type":"LineString","coordinates":[[104.20208,30.93542],[104.21458,30.92292],[104.21458,30.91875]]},"properties":{"id":"40648476","source":"hydrorivers","ord_stra":2,"length_km":2.29}},{"type":"Feature","geometry":{"type":"LineString","coordinates":[[103.92708,30.98125],[103.92708,30.97708],[103.93125,30.97292],[103.93125,30.96875],[103.93542,30.96458],[103.93542,30.96042],[103.93958,30.95625],[103.93958,30.95208],[103.94375,30.94792],[103.94375,30.94375],[103.95625,30.93125],[103.96458,30.93125],[103.96875,30.92708],[103.97708,30.92708],[103.98125,30.92292],[103.98125,30.91458]]},"properties":{"id":"40648651","source":"hydrorivers","ord_stra":2,"length_km":10.33}},{"type":"Feature","geometry":{"type":"LineString","coordinates":[[103.71875,30.92292],[103.71875,30.91875],[103.72292,30.91458],[103.72708,30.91458],[103.73125,30.91042]]},"properties":{"id":"40648810","source":"hydrorivers","ord_stra":2,"length_km":2.08}},{"type":"Feature","geometry":{"type":"LineString","coordinates":[[103.92292,30.93125],[103.92708,30.92708],[103.93542,30.92708],[103.93958,30.92292],[103.94375,30.92292],[103.94792,30.91875],[103.95208,30.91875],[103.95625,30.91458],[103.96458,30.91458],[103.96875,30.91042]]},"properties":{"id":"40648813","source":"hydrorivers","ord_stra":2,"length_km":5.44}},{"type":"Feature","geometry":{"type":"LineString","coordinates":[[103.96875,30.91042],[103.97292,30.91458],[103.98125,30.91458]]},"properties":{"id":"40648814","source":"hydrorivers","ord_stra":2,"length_km":1.41}},{"type":"Feature","geometry":{"type":"LineString","coordinates":[[103.82708,30.91458],[103.83542,30.91458],[103.83958,30.91042],[103.84375,30.91042],[103.84792,30.90625],[103.86042,30.90625],[103.86458,30.90208],[103.86875,30.90208],[103.87292,30.90625],[103.87292,30.91042]]},"properties":{"id":"40649105","source":"hydrorivers","ord_stra":2,"length_km":5.69}},{"type":"Feature","geometry":{"type":"LineString","coordinates":[[103.73125,30.91042],[103.73542,30.90625],[103.73958,30.90625],[103.76458,30.88125],[103.76458,30.87708],[103.76875,30.87292],[103.77708,30.87292],[103.78125,30.86875],[103.78125,30.86458],[103.79375,30.85208],[103.79792,30.85208],[103.80208,30.84792],[103.80208,30.84375]]},"properties":{"id":"40651151","source":"hydrorivers","ord_stra":2,"length_km":10.92}},{"type":"Feature","geometry":{"type":"LineString","coordinates":[[103.80208,30.84375],[103.80625,30.84375],[103.81042,30.83958],[103.81458,30.83958],[103.81875,30.83542],[103.82292,30.83542]]},"properties":{"id":"40651439","source":"hydrorivers","ord_stra":2,"length_km":2.42}},{"type":"Feature","geometry":{"type":"LineString","coordinates":[[103.82292,30.84375],[103.81875,30.83958],[103.82292,30.83542]]},"properties":{"id":"40651440","source":"hydrorivers","ord_stra":2,"length_km":1.22}},{"type":"Feature","geometry":{"type":"LineString","coordinates":[[104.06875,30.82708],[104.07708,30.81875],[104.07708,30.81458]]},"properties":{"id":"40652224","source":"hydrorivers","ord_stra":2,"length_km":1.69}},{"type":"Feature","geometry":{"type":"LineString","coordinates":[[104.19375,30.84792],[104.19792,30.84375],[104.21458,30.84375],[104.21875,30.84792],[104.22292,30.84375],[104.22708,30.84375],[104.23125,30.83958],[104.23542,30.83958],[104.24375,30.83125],[104.24792,30.83125],[104.25625,30.82292],[104.26042,30.82292],[104.26875,30.81458],[104.27292,30.81458]]},"properties":{"id":"40652225","source":"hydrorivers","ord_stra":2,"length_km":9.69}},{"type":"Feature","geometry":{"type":"LineString","coordinates":[[104.11458,30.79375],[104.11875,30.79375],[104.12292,30.78958],[104.12708,30.78958]]},"properties":{"id":"40653154","source":"hydrorivers","ord_stra":2,"length_km":1.41}},{"type":"Feature","geometry":{"type":"LineString","coordinates":[[104.12708,30.78958],[104.13125,30.78958],[104.13542,30.79375],[104.13542,30.79792]]},"properties":{"id":"40653155","source":"hydrorivers","ord_stra":2,"length_km":1.47}},{"type":"Feature","geometry":{"type":"LineString","coordinates":[[104.38542,30.78125],[104.38958,30.78542],[104.38958,30.78958],[104.39375,30.79375],[104.39375,30.79792],[104.39792,30.80208],[104.41042,30.80208],[104.41458,30.79792]]},"properties":{"id":"40653451","source":"hydrorivers","ord_stra":2,"length_km":4.56}},{"type":"Feature","geometry":{"type":"LineString","coordinates":[[103.95625,30.78125],[103.96042,30.77708],[103.96875,30.77708],[103.97292,30.77292],[103.98125,30.77292]]},"properties":{"id":"40653734","source":"hydrorivers","ord_stra":2,"length_km":2.81}},{"type":"Feature","geometry":{"type":"LineString","coordinates":[[103.98125,30.77292],[104.01875,30.77292],[104.02708,30.76458],[104.03125,30.76458],[104.03542,30.76042],[104.03958,30.76042],[104.04792,30.76875],[104.04792,30.77292],[104.05208,30.77708],[104.05625,30.77292],[104.06875,30.77292],[104.07292,30.76875],[104.08125,30.76875],[104.08542,30.77292],[104.08958,30.77292],[104.09375,30.77708],[104.09792,30.77708],[104.11458,30.79375]]},"properties":{"id":"40654217","source":"hydrorivers","ord_stra":2,"length_km":16.18}},{"type":"Feature","geometry":{"type":"LineString","coordinates":[[104.36458,30.76042],[104.37292,30.76875],[104.38125,30.76875],[104.38542,30.77292],[104.38542,30.78125]]},"properties":{"id":"40654219","source":"hydrorivers","ord_stra":2,"length_km":3.56}},{"type":"Feature","geometry":{"type":"LineString","coordinates":[[104.35625,30.74792],[104.36042,30.75208],[104.36042,30.75625],[104.36458,30.76042]]},"properties":{"id":"40654681","source":"hydrorivers","ord_stra":2,"length_km":1.69}},{"type":"Feature","geometry":{"type":"LineString","coordinates":[[104.33958,30.73542],[104.34375,30.73542],[104.35625,30.74792]]},"properties":{"id":"40655167","source":"hydrorivers","ord_stra":2,"length_km":2.23}},{"type":"Feature","geometry":{"type":"LineString","coordinates":[[104.23958,30.70625],[104.25208,30.70625],[104.25625,30.71042]]},"properties":{"id":"40656209","source":"hydrorivers","ord_stra":2,"length_km":1.81}},{"type":"Feature","geometry":{"type":"LineString","coordinates":[[104.27708,30.68125],[104.27292,30.68542],[104.27292,30.68958],[104.26875,30.69375],[104.26875,30.69792],[104.26458,30.70208],[104.26458,30.71042],[104.26042,30.71458],[104.26042,30.71875]]},"properties":{"id":"40657105","source":"hydrorivers","ord_stra":2,"length_km":4.76}},{"type":"Feature","geometry":{"type":"LineString","coordinates":[[104.04792,30.71042],[104.06042,30.69792],[104.05625,30.69375],[104.05625,30.68958],[104.06042,30.68542],[104.06458,30.68542],[104.07292,30.67708],[104.08125,30.67708],[104.09375,30.66458]]},"properties":{"id":"40657725","source":"hydrorivers","ord_stra":2,"length_km":7.77}},{"type":"Feature","geometry":{"type":"LineString","coordinates":[[104.08542,30.70208],[104.09375,30.69375],[104.09375,30.66458]]},"properties":{"id":"40657726","source":"hydrorivers","ord_stra":2,"length_km":4.46}},{"type":"Feature","geometry":{"type":"LineString","coordinates":[[104.12708,30.67292],[104.13542,30.66458],[104.12708,30.65625]]},"properties":{"id":"40658049","source":"hydrorivers","ord_stra":2,"length_km":2.44}},{"type":"Feature","geometry":{"type":"LineString","coordinates":[[104.12708,30.65625],[104.11458,30.64375],[104.11458,30.63542],[104.11042,30.63125]]},"properties":{"id":"40659033","source":"hydrorivers","ord_stra":2,"length_km":3.37}},{"type":"Feature","geometry":{"type":"LineString","coordinates":[[104.21875,30.62708],[104.21875,30.63125],[104.22708,30.63958],[104.23125,30.63958],[104.23958,30.64792]]},"properties":{"id":"40659179","source":"hydrorivers","ord_stra":2,"length_km":3.31}},{"type":"Feature","geometry":{"type":"LineString","coordinates":[[104.25208,30.62292],[104.24792,30.62708],[104.24792,30.63958],[104.23958,30.64792]]},"properties":{"id":"40659328","source":"hydrorivers","ord_stra":2,"length_km":3.22}},{"type":"Feature","geometry":{"type":"LineString","coordinates":[[103.69792,30.64792],[103.70625,30.63958],[103.70625,30.63542],[103.70208,30.63125],[103.70208,30.62708],[103.71042,30.61875]]},"properties":{"id":"40659489","source":"hydrorivers","ord_stra":2,"length_km":3.98}},{"type":"Feature","geometry":{"type":"LineString","coordinates":[[103.79792,30.73958],[103.79792,30.73125],[103.80625,30.72292],[103.80208,30.71875],[103.80208,30.71042],[103.79792,30.70625],[103.80208,30.70208],[103.79792,30.69792],[103.79792,30.68542],[103.80625,30.67708],[103.80625,30.67292],[103.80208,30.66875],[103.80208,30.66042],[103.80625,30.65625],[103.80208,30.65208],[103.80208,30.63958],[103.80625,30.63542],[103.80625,30.61875]]},"properties":{"id":"40659493","source":"hydrorivers","ord_stra":2,"length_km":15.21}},{"type":"Feature","geometry":{"type":"LineString","coordinates":[[104.11042,30.63125],[104.10625,30.62708],[104.10625,30.61458],[104.10208,30.61042],[104.08542,30.61042]]},"properties":{"id":"40659823","source":"hydrorivers","ord_stra":2,"length_km":4.21}},{"type":"Feature","geometry":{"type":"LineString","coordinates":[[104.27708,30.60625],[104.26875,30.61458],[104.26458,30.61458],[104.25625,30.62292],[104.25208,30.62292]]},"properties":{"id":"40659998","source":"hydrorivers","ord_stra":2,"length_km":3.24}},{"type":"Feature","geometry":{"type":"LineString","coordinates":[[103.88125,30.68958],[103.88125,30.68125],[103.88542,30.67708],[103.89375,30.67708],[103.89792,30.67292],[103.90208,30.67292],[103.90625,30.66875],[103.91458,30.66875],[103.91875,30.66458],[103.92292,30.66458],[103.93542,30.65208],[103.93958,30.65208],[103.94375,30.64792],[103.94375,30.64375],[103.94792,30.63958],[103.94792,30.63542],[103.95625,30.62708],[103.95625,30.61042],[103.96458,30.60208],[103.96458,30.59375],[103.96042,30.58958]]},"properties":{"id":"40660615","source":"hydrorivers","ord_stra":2,"length_km":15.98}},{"type":"Feature","geometry":{"type":"LineString","coordinates":[[103.96042,30.58958],[103.96458,30.58542],[103.96875,30.58542],[103.97292,30.58125],[103.97292,30.57708],[103.98125,30.56875],[103.98125,30.56458],[103.98542,30.56042],[103.98542,30.55625]]},"properties":{"id":"40661952","source":"hydrorivers","ord_stra":2,"length_km":4.85}},{"type":"Feature","geometry":{"type":"LineString","coordinates":[[104.37292,30.61042],[104.37292,30.59792],[104.36875,30.59375],[104.36875,30.58958],[104.36458,30.58542],[104.36458,30.58125],[104.36042,30.57708],[104.36042,30.57292],[104.35625,30.56875],[104.35625,30.55625]]},"properties":{"id":"40661954","source":"hydrorivers","ord_stra":2,"length_km":6.62}},{"type":"Feature","geometry":{"type":"LineString","coordinates":[[103.71042,30.61875],[103.71042,30.61042],[103.71875,30.60208],[103.71875,30.59792],[103.72292,30.59375],[103.72292,30.58958],[103.72708,30.58542],[103.72708,30.58125],[103.73958,30.56875],[103.73958,30.55625],[103.73542,30.55208]]},"properties":{"id":"40662107","source":"hydrorivers","ord_stra":2,"length_km":8.6}},{"type":"Feature","geometry":{"type":"LineString","coordinates":[[104.09375,30.54792],[104.08125,30.54792]]},"properties":{"id":"40662293","source":"hydrorivers","ord_stra":2,"length_km":1.2}},{"type":"Feature","geometry":{"type":"LineString","coordinates":[[104.11042,30.56875],[104.09375,30.55208],[104.09375,30.54792]]},"properties":{"id":"40662294","source":"hydrorivers","ord_stra":2,"length_km":2.91}},{"type":"Feature","geometry":{"type":"LineString","coordinates":[[103.90625,30.58542],[103.90625,30.58125],[103.90208,30.57708],[103.90208,30.56458],[103.89792,30.56042],[103.89792,30.54792],[103.90208,30.54375]]},"properties":{"id":"40662464","source":"hydrorivers","ord_stra":2,"length_km":5.08}},{"type":"Feature","geometry":{"type":"LineString","coordinates":[[103.90625,30.54375],[103.90208,30.54375]]},"properties":{"id":"40662465","source":"hydrorivers","ord_stra":2,"length_km":0.4}},{"type":"Feature","geometry":{"type":"LineString","coordinates":[[103.98542,30.55625],[103.98958,30.55208],[103.99792,30.55208],[104.01042,30.53958]]},"properties":{"id":"40662619","source":"hydrorivers","ord_stra":2,"length_km":3.24}},{"type":"Feature","geometry":{"type":"LineString","coordinates":[[104.01458,30.59375],[104.01458,30.58958],[104.01875,30.58542],[104.01875,30.57292],[104.02708,30.56458],[104.02292,30.56042],[104.02292,30.55625],[104.01458,30.54792],[104.01458,30.54375],[104.01042,30.53958]]},"properties":{"id":"40662620","source":"hydrorivers","ord_stra":2,"length_km":7.06}},{"type":"Feature","geometry":{"type":"LineString","coordinates":[[104.35625,30.55625],[104.35625,30.54375],[104.36458,30.53542],[104.36458,30.52292],[104.36875,30.51875],[104.37292,30.51875],[104.37708,30.51458],[104.38125,30.51458],[104.38542,30.51042],[104.41458,30.51042],[104.41875,30.51458],[104.41875,30.52292]]},"properties":{"id":"40663693","source":"hydrorivers","ord_stra":2,"length_km":10.97}},{"type":"Feature","geometry":{"type":"LineString","coordinates":[[103.81042,30.50625],[103.81458,30.51042],[103.82292,30.51042],[103.82292,30.51458]]},"properties":{"id":"40663841","source":"hydrorivers","ord_stra":2,"length_km":1.87}},{"type":"Feature","geometry":{"type":"LineString","coordinates":[[104.19792,30.49792],[104.19792,30.49375]]},"properties":{"id":"40664322","source":"hydrorivers","ord_stra":2,"length_km":0.46}},{"type":"Feature","geometry":{"type":"LineString","coordinates":[[104.19792,30.49375],[104.18958,30.48542],[104.18125,30.48542],[104.17708,30.48125],[104.17292,30.48125],[104.16458,30.47292]]},"properties":{"id":"40665159","source":"hydrorivers","ord_stra":2,"length_km":4.26}},{"type":"Feature","geometry":{"type":"LineString","coordinates":[[104.16458,30.47292],[104.15625,30.46458]]},"properties":{"id":"40665522","source":"hydrorivers","ord_stra":2,"length_km":1.22}},{"type":"Feature","geometry":{"type":"LineString","coordinates":[[103.93958,30.48125],[103.93958,30.46875],[103.95625,30.45208],[103.98542,30.45208],[103.98958,30.44792],[103.99375,30.44792],[103.99792,30.44375],[104.00208,30.44375]]},"properties":{"id":"40666294","source":"hydrorivers","ord_stra":2,"length_km":8.65}},{"type":"Feature","geometry":{"type":"LineString","coordinates":[[104.15625,30.46458],[104.15208,30.46042],[104.15208,30.44375]]},"properties":{"id":"40666296","source":"hydrorivers","ord_stra":2,"length_km":2.46}},{"type":"Feature","geometry":{"type":"LineString","coordinates":[[104.00208,30.44375],[104.00625,30.44375],[104.00625,30.43958],[104.01042,30.43542],[104.01042,30.43125]]},"properties":{"id":"40666832","source":"hydrorivers","ord_stra":2,"length_km":1.94}},{"type":"Feature","geometry":{"type":"LineString","coordinates":[[104.15208,30.44375],[104.14792,30.43958],[104.13542,30.43958],[104.13125,30.43542],[104.13125,30.43125],[104.12708,30.42708],[104.12292,30.42708]]},"properties":{"id":"40666999","source":"hydrorivers","ord_stra":2,"length_km":3.9}},{"type":"Feature","geometry":{"type":"LineString","coordinates":[[104.33542,30.46458],[104.33542,30.46042],[104.34792,30.44792],[104.34792,30.44375],[104.35208,30.43958],[104.35208,30.43125],[104.35625,30.42708]]},"properties":{"id":"40667000","source":"hydrorivers","ord_stra":2,"length_km":4.91}},{"type":"Feature","geometry":{"type":"LineString","coordinates":[[103.68125,30.54375],[103.69792,30.52708],[103.69792,30.52292],[103.70625,30.51458],[103.70625,30.48958],[103.71042,30.48542],[103.71042,30.48125],[103.71458,30.47708],[103.71458,30.46875],[103.71875,30.46458],[103.71875,30.46042],[103.73125,30.44792],[103.73542,30.44792],[103.73958,30.44375],[103.75208,30.44375],[103.75625,30.43958],[103.75625,30.43125],[103.76042,30.42708],[103.76458,30.42708],[103.76875,30.42292],[103.77292,30.42292]]},"properties":{"id":"40667168","source":"hydrorivers","ord_stra":2,"length_km":18.21}},{"type":"Feature","geometry":{"type":"LineString","coordinates":[[104.31875,30.43542],[104.33125,30.42292],[104.33542,30.42292],[104.33958,30.42708],[104.34375,30.42708],[104.35208,30.41875],[104.35625,30.42292],[104.35625,30.42708]]},"properties":{"id":"40667351","source":"hydrorivers","ord_stra":2,"length_km":5.54}},{"type":"Feature","geometry":{"type":"LineString","coordinates":[[103.77292,30.42292],[103.77708,30.41875],[103.78125,30.41875],[103.78125,30.41458],[103.78542,30.41042]]},"properties":{"id":"40667703","source":"hydrorivers","ord_stra":2,"length_km":2.09}},{"type":"Feature","geometry":{"type":"LineString","coordinates":[[103.75208,30.41042],[103.76875,30.41042],[103.77292,30.40625],[103.77708,30.40625],[103.78125,30.41042],[103.78542,30.41042]]},"properties":{"id":"40667857","source":"hydrorivers","ord_stra":2,"length_km":3.62}},{"type":"Feature","geometry":{"type":"LineString","coordinates":[[104.12292,30.42708],[104.11875,30.42292],[104.11875,30.41875],[104.11458,30.41458],[104.11458,30.41042],[104.11875,30.40625]]},"properties":{"id":"40667861","source":"hydrorivers","ord_stra":2,"length_km":2.76}},{"type":"Feature","geometry":{"type":"LineString","coordinates":[[104.09375,30.40208],[104.08958,30.39792],[104.08125,30.39792],[104.07708,30.40208],[104.07292,30.40208],[104.06875,30.40625]]},"properties":{"id":"40668174","source":"hydrorivers","ord_stra":2,"length_km":3.03}},{"type":"Feature","geometry":{"type":"LineString","coordinates":[[104.10208,30.39375],[104.09375,30.40208]]},"properties":{"id":"40668347","source":"hydrorivers","ord_stra":2,"length_km":1.22}},{"type":"Feature","geometry":{"type":"LineString","coordinates":[[104.11875,30.40625],[104.11458,30.40208],[104.11042,30.40208],[104.10208,30.39375]]},"properties":{"id":"40668348","source":"hydrorivers","ord_stra":2,"length_km":2.23}},{"type":"Feature","geometry":{"type":"LineString","coordinates":[[104.35208,30.39792],[104.35625,30.39375],[104.36042,30.39375],[104.36875,30.40208],[104.38125,30.40208],[104.38542,30.40625]]},"properties":{"id":"40668350","source":"hydrorivers","ord_stra":2,"length_km":4.05}},{"type":"Feature","geometry":{"type":"LineString","coordinates":[[104.06875,30.40625],[104.06458,30.40208],[104.06458,30.39375],[104.06042,30.38958],[104.06042,30.38542]]},"properties":{"id":"40668675","source":"hydrorivers","ord_stra":2,"length_km":2.61}},{"type":"Feature","geometry":{"type":"LineString","coordinates":[[103.76119,30.64435],[103.75956,30.64378],[103.75881,30.64066],[103.7613,30.63826],[103.76468,30.63771]]},"properties":{"id":"1007472821","source":"osm","waterway":"river"}},{"type":"Feature","geometry":{"type":"LineString","coordinates":[[104.28021,30.81932],[104.28233,30.81884],[104.28409,30.8218],[104.28767,30.82275],[104.28629,30.82448],[104.28815,30.82502]]},"properties":{"id":"1014372470","source":"osm","waterway":"river"}},{"type":"Feature","geometry":{"type":"LineString","coordinates":[[103.85984,30.40143],[103.85808,30.40079]]},"properties":{"id":"1031324507","source":"osm","waterway":"river"}},{"type":"Feature","geometry":{"type":"LineString","coordinates":[[104.38983,30.46679],[104.39279,30.46364],[104.39524,30.46392],[104.39565,30.46243],[104.3977,30.46273],[104.39705,30.45949],[104.4005,30.46073],[104.40157,30.46035],[104.39994,30.45761],[104.40013,30.4564],[104.40216,30.4556],[104.40454,30.45621],[104.405,30.45387],[104.40718,30.45469],[104.40742,30.45344],[104.40598,30.45038],[104.40965,30.45042]]},"properties":{"id":"1037090780","source":"osm","waterway":"river"}},{"type":"Feature","geometry":{"type":"LineString","coordinates":[[104.34371,30.90133],[104.34273,30.90196],[104.34322,30.90262],[104.34244,30.90361],[104.34363,30.90404],[104.3432,30.90736],[104.34447,30.90825],[104.34579,30.90747],[104.34433,30.90675],[104.34603,30.90642],[104.34621,30.90509],[104.34867,30.90362],[104.35097,30.90402],[104.35175,30.90286],[104.3522,30.90391],[104.35332,30.90413]]},"properties":{"id":"1038832964","source":"osm","waterway":"river"}},{"type":"Feature","geometry":{"type":"LineString","coordinates":[[103.85653,30.59592],[103.8565,30.59573]]},"properties":{"id":"1056782878","source":"osm","waterway":"canal"}},{"type":"Feature","geometry":{"type":"LineString","coordinates":[[103.83386,30.94715],[103.83694,30.94573],[103.84038,30.93968],[103.84435,30.939]]},"properties":{"id":"1079019474","source":"osm","waterway":"canal"}},{"type":"Feature","geometry":{"type":"LineString","coordinates":[[103.83367,30.9472],[103.83386,30.94715]]},"properties":{"id":"1079019475","source":"osm","waterway":"canal"}},{"type":"Feature","geometry":{"type":"LineString","coordinates":[[103.8766,30.93357],[103.89031,30.93264],[103.89365,30.93059],[103.90249,30.93015],[103.90567,30.92878],[103.90989,30.92533]]},"properties":{"id":"1079019476","source":"osm","waterway":"canal"}},{"type":"Feature","geometry":{"type":"LineString","coordinates":[[104.17893,30.70631],[104.17903,30.70443],[104.18087,30.70401],[104.18079,30.70248]]},"properties":{"id":"1082601271","source":"osm","waterway":"canal"}},{"type":"Feature","geometry":{"type":"LineString","coordinates":[[104.18079,30.70248],[104.18081,30.70208]]},"properties":{"id":"1082601272","source":"osm","waterway":"canal"}},{"type":"Feature","geometry":{"type":"LineString","coordinates":[[104.18081,30.70208],[104.18104,30.70179]]},"properties":{"id":"1082601273","source":"osm","waterway":"canal"}},{"type":"Feature","geometry":{"type":"LineString","coordinates":[[104.18104,30.70179],[104.18167,30.70138]]},"properties":{"id":"1082601274","source":"osm","waterway":"canal"}},{"type":"Feature","geometry":{"type":"LineString","coordinates":[[104.18167,30.70138],[104.18546,30.70108]]},"properties":{"id":"1082601275","source":"osm","waterway":"canal"}},{"type":"Feature","geometry":{"type":"LineString","coordinates":[[104.18546,30.70108],[104.18573,30.70092]]},"properties":{"id":"1082601276","source":"osm","waterway":"canal"}},{"type":"Feature","geometry":{"type":"LineString","coordinates":[[103.93058,30.60464],[103.93061,30.60109]]},"properties":{"id":"1108163606","source":"osm","waterway":"canal"}},{"type":"Feature","geometry":{"type":"LineString","coordinates":[[103.93259,30.60635],[103.93058,30.60602],[103.93058,30.60464]]},"properties":{"id":"1108163607","source":"osm","waterway":"canal"}},{"type":"Feature","geometry":{"type":"LineString","coordinates":[[103.93063,30.59726],[103.93082,30.59388]]},"properties":{"id":"1108163608","source":"osm","waterway":"canal"}},{"type":"Feature","geometry":{"type":"LineString","coordinates":[[103.93061,30.60109],[103.93061,30.60053]]},"properties":{"id":"1108163609","source":"osm","waterway":"canal"}},{"type":"Feature","geometry":{"type":"LineString","coordinates":[[103.93061,30.60053],[103.93063,30.59762]]},"properties":{"id":"1108163610","source":"osm","waterway":"canal"}},{"type":"Feature","geometry":{"type":"LineString","coordinates":[[103.93063,30.59762],[103.93063,30.59726]]},"properties":{"id":"1108163611","source":"osm","waterway":"canal"}},{"type":"Feature","geometry":{"type":"LineString","coordinates":[[103.98518,30.58922],[103.98605,30.58826]]},"properties":{"id":"1117433703","source":"osm","waterway":"canal"}},{"type":"Feature","geometry":{"type":"LineString","coordinates":[[103.98458,30.59073],[103.98458,30.59059]]},"properties":{"id":"1117433704","source":"osm","waterway":"canal"}},{"type":"Feature","geometry":{"type":"LineString","coordinates":[[103.98475,30.58968],[103.98486,30.58949]]},"properties":{"id":"1117433705","source":"osm","waterway":"canal"}},{"type":"Feature","geometry":{"type":"LineString","coordinates":[[103.98486,30.58949],[103.98511,30.58933]]},"properties":{"id":"1117433706","source":"osm","waterway":"canal"}},{"type":"Feature","geometry":{"type":"LineString","coordinates":[[103.98511,30.58933],[103.98518,30.58922]]},"properties":{"id":"1117433707","source":"osm","waterway":"canal"}},{"type":"Feature","geometry":{"type":"LineString","coordinates":[[103.98461,30.59011],[103.98475,30.58968]]},"properties":{"id":"1117433708","source":"osm","waterway":"canal"}},{"type":"Feature","geometry":{"type":"LineString","coordinates":[[103.98458,30.59059],[103.98461,30.59011]]},"properties":{"id":"1117433709","source":"osm","waterway":"canal"}},{"type":"Feature","geometry":{"type":"LineString","coordinates":[[104.05819,30.64937],[104.05967,30.64921]]},"properties":{"id":"1137780040","source":"osm","waterway":"canal"}},{"type":"Feature","geometry":{"type":"LineString","coordinates":[[104.17028,30.54326],[104.16829,30.54217],[104.16593,30.54332],[104.16236,30.54269],[104.16091,30.54143],[104.15819,30.54371]]},"properties":{"id":"1139075360","source":"osm","waterway":"canal"}},{"type":"Feature","geometry":{"type":"LineString","coordinates":[[104.15819,30.54371],[104.158,30.54357]]},"properties":{"id":"1139075361","source":"osm","waterway":"canal"}},{"type":"Feature","geometry":{"type":"LineString","coordinates":[[104.17948,30.71073],[104.17895,30.7066]]},"properties":{"id":"1163348226","source":"osm","waterway":"canal"}},{"type":"Feature","geometry":{"type":"LineString","coordinates":[[104.17895,30.7066],[104.17893,30.70631]]},"properties":{"id":"1163348227","source":"osm","waterway":"canal"}},{"type":"Feature","geometry":{"type":"LineString","coordinates":[[104.18921,30.69548],[104.19039,30.69508],[104.19043,30.69284],[104.19137,30.69224],[104.19153,30.69065]]},"properties":{"id":"1163348245","source":"osm","waterway":"canal"}},{"type":"Feature","geometry":{"type":"LineString","coordinates":[[104.189,30.69587],[104.18921,30.69548]]},"properties":{"id":"1163348246","source":"osm","waterway":"canal"}},{"type":"Feature","geometry":{"type":"LineString","coordinates":[[104.00412,30.86995],[104.00414,30.86928]]},"properties":{"id":"1222904934","source":"osm","waterway":"canal"}},{"type":"Feature","geometry":{"type":"LineString","coordinates":[[104.00351,30.86793],[104.00414,30.86928]]},"properties":{"id":"1222904935","source":"osm","waterway":"canal"}},{"type":"Feature","geometry":{"type":"LineString","coordinates":[[104.00323,30.86719],[104.00351,30.86793]]},"properties":{"id":"1222904936","source":"osm","waterway":"canal"}},{"type":"Feature","geometry":{"type":"LineString","coordinates":[[103.78137,30.81285],[103.78569,30.82147]]},"properties":{"id":"1255207683","source":"osm","waterway":"canal"}},{"type":"Feature","geometry":{"type":"LineString","coordinates":[[103.7899,30.82959],[103.78995,30.82972]]},"properties":{"id":"1255207684","source":"osm","waterway":"canal"}},{"type":"Feature","geometry":{"type":"LineString","coordinates":[[104.18573,30.70092],[104.18563,30.7002]]},"properties":{"id":"1259404330","source":"osm","waterway":"canal"}},{"type":"Feature","geometry":{"type":"LineString","coordinates":[[104.18563,30.7002],[104.18557,30.69989]]},"properties":{"id":"1259404331","source":"osm","waterway":"canal"}},{"type":"Feature","geometry":{"type":"LineString","coordinates":[[104.1752,30.72329],[104.17523,30.72325]]},"properties":{"id":"1259404336","source":"osm","waterway":"canal"}},{"type":"Feature","geometry":{"type":"LineString","coordinates":[[104.17523,30.72325],[104.17539,30.72297]]},"properties":{"id":"1259404337","source":"osm","waterway":"canal"}},{"type":"Feature","geometry":{"type":"LineString","coordinates":[[104.17539,30.72297],[104.17595,30.72117],[104.17677,30.72096]]},"properties":{"id":"1259404338","source":"osm","waterway":"canal"}},{"type":"Feature","geometry":{"type":"LineString","coordinates":[[104.17677,30.72096],[104.17617,30.71878]]},"properties":{"id":"1259404339","source":"osm","waterway":"canal"}},{"type":"Feature","geometry":{"type":"LineString","coordinates":[[104.17617,30.71878],[104.17611,30.71794]]},"properties":{"id":"1259404340","source":"osm","waterway":"canal"}},{"type":"Feature","geometry":{"type":"LineString","coordinates":[[104.17611,30.71794],[104.1761,30.71759]]},"properties":{"id":"1259404341","source":"osm","waterway":"canal"}},{"type":"Feature","geometry":{"type":"LineString","coordinates":[[104.1761,30.71759],[104.17597,30.71499]]},"properties":{"id":"1259404342","source":"osm","waterway":"canal"}},{"type":"Feature","geometry":{"type":"LineString","coordinates":[[104.17597,30.71499],[104.17646,30.71446]]},"properties":{"id":"1259404343","source":"osm","waterway":"canal"}},{"type":"Feature","geometry":{"type":"LineString","coordinates":[[103.77082,30.81094],[103.77249,30.81099],[103.78319,30.80405],[103.78375,30.80277],[103.78711,30.80134]]},"properties":{"id":"1303470670","source":"osm","waterway":"canal"}},{"type":"Feature","geometry":{"type":"LineString","coordinates":[[104.00002,30.86193],[104.00323,30.86719]]},"properties":{"id":"1303892683","source":"osm","waterway":"canal"}},{"type":"Feature","geometry":{"type":"LineString","coordinates":[[103.9998,30.86176],[104.00002,30.86193]]},"properties":{"id":"1303892684","source":"osm","waterway":"canal"}},{"type":"Feature","geometry":{"type":"LineString","coordinates":[[104.0039,30.85253],[104.00105,30.85706],[103.9998,30.86176]]},"properties":{"id":"1303892685","source":"osm","waterway":"canal"}},{"type":"Feature","geometry":{"type":"LineString","coordinates":[[104.00397,30.85243],[104.0039,30.85253]]},"properties":{"id":"1303892686","source":"osm","waterway":"canal"}},{"type":"Feature","geometry":{"type":"LineString","coordinates":[[104.00454,30.84439],[104.00397,30.85243]]},"properties":{"id":"1303892687","source":"osm","waterway":"canal"}},{"type":"Feature","geometry":{"type":"LineString","coordinates":[[104.00455,30.84427],[104.00454,30.84439]]},"properties":{"id":"1303892688","source":"osm","waterway":"canal"}},{"type":"Feature","geometry":{"type":"LineString","coordinates":[[103.82039,30.42928],[103.81979,30.42976],[103.81778,30.42903]]},"properties":{"id":"1304218315","source":"osm","waterway":"river"}},{"type":"Feature","geometry":{"type":"LineString","coordinates":[[103.81969,30.42805],[103.81971,30.42775]]},"properties":{"id":"1304218316","source":"osm","waterway":"river"}},{"type":"Feature","geometry":{"type":"LineString","coordinates":[[103.82039,30.42928],[103.81969,30.42805]]},"properties":{"id":"1304218317","source":"osm","waterway":"river"}},{"type":"Feature","geometry":{"type":"LineString","coordinates":[[103.81644,30.43923],[103.81846,30.43828],[103.8198,30.43485],[103.82253,30.43313],[103.82297,30.43167],[103.82218,30.42977],[103.82039,30.42928]]},"properties":{"id":"1304218318","source":"osm","waterway":"river"}},{"type":"Feature","geometry":{"type":"LineString","coordinates":[[103.81971,30.42775],[103.82022,30.42609]]},"properties":{"id":"1304218319","source":"osm","waterway":"river"}},{"type":"Feature","geometry":{"type":"LineString","coordinates":[[103.82022,30.42609],[103.82029,30.42593]]},"properties":{"id":"1304218320","source":"osm","waterway":"river"}},{"type":"Feature","geometry":{"type":"LineString","coordinates":[[103.99654,30.88593],[103.99653,30.8857]]},"properties":{"id":"1304282352","source":"osm","waterway":"canal"}},{"type":"Feature","geometry":{"type":"LineString","coordinates":[[103.99655,30.88598],[103.99654,30.88593]]},"properties":{"id":"1304282353","source":"osm","waterway":"canal"}},{"type":"Feature","geometry":{"type":"LineString","coordinates":[[104.00196,30.87397],[104.00412,30.86995]]},"properties":{"id":"1304282356","source":"osm","waterway":"canal"}},{"type":"Feature","geometry":{"type":"LineString","coordinates":[[104.00189,30.87413],[104.00196,30.87397]]},"properties":{"id":"1304282357","source":"osm","waterway":"canal"}},{"type":"Feature","geometry":{"type":"LineString","coordinates":[[103.71251,30.45123],[103.71417,30.44028],[103.71723,30.43581],[103.71797,30.43214]]},"properties":{"id":"1306880341","source":"osm","waterway":"canal"}},{"type":"Feature","geometry":{"type":"LineString","coordinates":[[103.72862,30.40077],[103.7291,30.39941],[103.73135,30.39861],[103.73478,30.39953],[103.73908,30.3988],[103.73881,30.40053],[103.73955,30.40112],[103.7413,30.39859],[103.74453,30.39984],[103.74566,30.39909],[103.74607,30.40042],[103.74777,30.4],[103.74848,30.40115],[103.75058,30.39917],[103.75204,30.39956],[103.75378,30.39835],[103.76303,30.40112],[103.76492,30.40035]]},"properties":{"id":"1306880360","source":"osm","waterway":"river"}},{"type":"Feature","geometry":{"type":"LineString","coordinates":[[103.93943,30.92477],[103.94328,30.92444]]},"properties":{"id":"1307765104","source":"osm","waterway":"canal"}},{"type":"Feature","geometry":{"type":"LineString","coordinates":[[103.94328,30.92444],[103.94361,30.92442]]},"properties":{"id":"1307765105","source":"osm","waterway":"canal"}},{"type":"Feature","geometry":{"type":"LineString","coordinates":[[104.05607,30.49453],[104.05725,30.49344],[104.0615,30.49213]]},"properties":{"id":"1321545929","source":"osm","waterway":"river"}},{"type":"Feature","geometry":{"type":"LineString","coordinates":[[104.14515,30.64652],[104.14166,30.63896]]},"properties":{"id":"1346861298","source":"osm","waterway":"canal"}},{"type":"Feature","geometry":{"type":"LineString","coordinates":[[104.13625,30.62835],[104.13587,30.62733]]},"properties":{"id":"1346861299","source":"osm","waterway":"canal"}},{"type":"Feature","geometry":{"type":"LineString","coordinates":[[104.13884,30.63392],[104.13625,30.62835]]},"properties":{"id":"1346861300","source":"osm","waterway":"canal"}},{"type":"Feature","geometry":{"type":"LineString","coordinates":[[104.1414,30.63842],[104.13884,30.63392]]},"properties":{"id":"1346861301","source":"osm","waterway":"canal"}},{"type":"Feature","geometry":{"type":"LineString","coordinates":[[104.14166,30.63896],[104.1414,30.63842]]},"properties":{"id":"1346861302","source":"osm","waterway":"canal"}},{"type":"Feature","geometry":{"type":"LineString","coordinates":[[104.1455,30.64911],[104.14596,30.64843],[104.14522,30.64686]]},"properties":{"id":"1346861303","source":"osm","waterway":"canal"}},{"type":"Feature","geometry":{"type":"LineString","coordinates":[[104.14522,30.64686],[104.14515,30.64652]]},"properties":{"id":"1346861304","source":"osm","waterway":"canal"}},{"type":"Feature","geometry":{"type":"LineString","coordinates":[[104.1411,30.63682],[104.1407,30.63698]]},"properties":{"id":"1346861305","source":"osm","waterway":"canal"}},{"type":"Feature","geometry":{"type":"LineString","coordinates":[[104.14121,30.63678],[104.1411,30.63682]]},"properties":{"id":"1346861306","source":"osm","waterway":"canal"}},{"type":"Feature","geometry":{"type":"LineString","coordinates":[[104.14217,30.63648],[104.14139,30.63261]]},"properties":{"id":"1346861307","source":"osm","waterway":"canal"}},{"type":"Feature","geometry":{"type":"LineString","coordinates":[[104.14167,30.63662],[104.14217,30.63648]]},"properties":{"id":"1346861308","source":"osm","waterway":"canal"}},{"type":"Feature","geometry":{"type":"LineString","coordinates":[[104.14121,30.63678],[104.14167,30.63662]]},"properties":{"id":"1346861309","source":"osm","waterway":"canal"}},{"type":"Feature","geometry":{"type":"LineString","coordinates":[[103.92527,30.66336],[103.92728,30.66065],[103.93387,30.66219]]},"properties":{"id":"1347731644","source":"osm","waterway":"canal"}},{"type":"Feature","geometry":{"type":"LineString","coordinates":[[103.9433,30.64608],[103.94415,30.64612],[103.94501,30.64369]]},"properties":{"id":"1347731647","source":"osm","waterway":"canal"}},{"type":"Feature","geometry":{"type":"LineString","coordinates":[[103.94296,30.64611],[103.9433,30.64608]]},"properties":{"id":"1347731648","source":"osm","waterway":"canal"}},{"type":"Feature","geometry":{"type":"LineString","coordinates":[[103.94286,30.64716],[103.94296,30.64611]]},"properties":{"id":"1347731649","source":"osm","waterway":"canal"}},{"type":"Feature","geometry":{"type":"LineString","coordinates":[[103.94265,30.64833],[103.94286,30.64716]]},"properties":{"id":"1347731650","source":"osm","waterway":"canal"}},{"type":"Feature","geometry":{"type":"LineString","coordinates":[[103.94237,30.65078],[103.94265,30.64833]]},"properties":{"id":"1347731651","source":"osm","waterway":"canal"}},{"type":"Feature","geometry":{"type":"LineString","coordinates":[[103.94233,30.65092],[103.94237,30.65078]]},"properties":{"id":"1347731652","source":"osm","waterway":"canal"}},{"type":"Feature","geometry":{"type":"LineString","coordinates":[[103.9421,30.65154],[103.94233,30.65092]]},"properties":{"id":"1347731653","source":"osm","waterway":"canal"}},{"type":"Feature","geometry":{"type":"LineString","coordinates":[[103.94203,30.65171],[103.9421,30.65154]]},"properties":{"id":"1347731654","source":"osm","waterway":"canal"}},{"type":"Feature","geometry":{"type":"LineString","coordinates":[[103.93986,30.656],[103.94203,30.65171]]},"properties":{"id":"1347731655","source":"osm","waterway":"canal"}},{"type":"Feature","geometry":{"type":"LineString","coordinates":[[103.93931,30.65783],[103.93937,30.65763]]},"properties":{"id":"1347731656","source":"osm","waterway":"canal"}},{"type":"Feature","geometry":{"type":"LineString","coordinates":[[103.92148,30.66506],[103.92284,30.66445]]},"properties":{"id":"1347731657","source":"osm","waterway":"canal"}},{"type":"Feature","geometry":{"type":"LineString","coordinates":[[103.92284,30.66445],[103.92296,30.6644]]},"properties":{"id":"1347731658","source":"osm","waterway":"canal"}},{"type":"Feature","geometry":{"type":"LineString","coordinates":[[103.92296,30.6644],[103.92516,30.66341]]},"properties":{"id":"1347731659","source":"osm","waterway":"canal"}},{"type":"Feature","geometry":{"type":"LineString","coordinates":[[103.92516,30.66341],[103.92527,30.66336]]},"properties":{"id":"1347731660","source":"osm","waterway":"canal"}},{"type":"Feature","geometry":{"type":"LineString","coordinates":[[103.93543,30.66138],[103.93867,30.65977],[103.93931,30.65783]]},"properties":{"id":"1347731661","source":"osm","waterway":"canal"}},{"type":"Feature","geometry":{"type":"LineString","coordinates":[[103.93387,30.66219],[103.93399,30.66215]]},"properties":{"id":"1347731662","source":"osm","waterway":"canal"}},{"type":"Feature","geometry":{"type":"LineString","coordinates":[[103.93399,30.66215],[103.93533,30.66143]]},"properties":{"id":"1347731663","source":"osm","waterway":"canal"}},{"type":"Feature","geometry":{"type":"LineString","coordinates":[[103.93533,30.66143],[103.93543,30.66138]]},"properties":{"id":"1347731664","source":"osm","waterway":"canal"}},{"type":"Feature","geometry":{"type":"LineString","coordinates":[[103.93937,30.65763],[103.93984,30.65608]]},"properties":{"id":"1347731665","source":"osm","waterway":"canal"}},{"type":"Feature","geometry":{"type":"LineString","coordinates":[[103.93984,30.65608],[103.93986,30.656]]},"properties":{"id":"1347731666","source":"osm","waterway":"canal"}},{"type":"Feature","geometry":{"type":"LineString","coordinates":[[104.12033,30.55095],[104.11271,30.55166],[104.11225,30.54991],[104.10911,30.54939]]},"properties":{"id":"1351829318","source":"osm","waterway":"canal"}},{"type":"Feature","geometry":{"type":"LineString","coordinates":[[104.12045,30.55094],[104.12033,30.55095]]},"properties":{"id":"1351829319","source":"osm","waterway":"canal"}},{"type":"Feature","geometry":{"type":"LineString","coordinates":[[103.92686,30.66138],[103.92674,30.66123]]},"properties":{"id":"1365534416","source":"osm","waterway":"canal"}},{"type":"Feature","geometry":{"type":"LineString","coordinates":[[103.92674,30.66123],[103.92664,30.66115]]},"properties":{"id":"1365534417","source":"osm","waterway":"canal"}},{"type":"Feature","geometry":{"type":"LineString","coordinates":[[103.92664,30.66115],[103.92662,30.66113]]},"properties":{"id":"1365534418","source":"osm","waterway":"canal"}},{"type":"Feature","geometry":{"type":"LineString","coordinates":[[103.79611,30.84557],[103.79715,30.84807]]},"properties":{"id":"1365534436","source":"osm","waterway":"canal"}},{"type":"Feature","geometry":{"type":"LineString","coordinates":[[103.79607,30.84548],[103.79611,30.84557]]},"properties":{"id":"1365534437","source":"osm","waterway":"canal"}},{"type":"Feature","geometry":{"type":"LineString","coordinates":[[103.79398,30.84026],[103.79607,30.84548]]},"properties":{"id":"1365534438","source":"osm","waterway":"canal"}},{"type":"Feature","geometry":{"type":"LineString","coordinates":[[103.79395,30.84018],[103.79398,30.84026]]},"properties":{"id":"1365534439","source":"osm","waterway":"canal"}},{"type":"Feature","geometry":{"type":"LineString","coordinates":[[103.78687,30.82357],[103.7899,30.82959]]},"properties":{"id":"1365534442","source":"osm","waterway":"canal"}},{"type":"Feature","geometry":{"type":"LineString","coordinates":[[103.78569,30.82147],[103.78577,30.8216]]},"properties":{"id":"1365534443","source":"osm","waterway":"canal"}},{"type":"Feature","geometry":{"type":"LineString","coordinates":[[103.78577,30.8216],[103.78675,30.82334]]},"properties":{"id":"1365534444","source":"osm","waterway":"canal"}},{"type":"Feature","geometry":{"type":"LineString","coordinates":[[103.78675,30.82334],[103.78687,30.82357]]},"properties":{"id":"1365534445","source":"osm","waterway":"canal"}},{"type":"Feature","geometry":{"type":"LineString","coordinates":[[104.04303,30.65895],[104.04319,30.65789]]},"properties":{"id":"1369670794","source":"osm","waterway":"canal"}},{"type":"Feature","geometry":{"type":"LineString","coordinates":[[104.07022,30.68047],[104.07109,30.6804]]},"properties":{"id":"1378896016","source":"osm","waterway":"canal"}},{"type":"Feature","geometry":{"type":"LineString","coordinates":[[104.06995,30.68066],[104.07022,30.68047]]},"properties":{"id":"1379114992","source":"osm","waterway":"canal"}},{"type":"Feature","geometry":{"type":"LineString","coordinates":[[104.07109,30.6804],[104.07135,30.68054]]},"properties":{"id":"1379114993","source":"osm","waterway":"canal"}},{"type":"Feature","geometry":{"type":"LineString","coordinates":[[104.11513,30.67403],[104.11605,30.67232],[104.11545,30.67002]]},"properties":{"id":"1381986719","source":"osm","waterway":"canal"}},{"type":"Feature","geometry":{"type":"LineString","coordinates":[[104.11503,30.67421],[104.11513,30.67403]]},"properties":{"id":"1381986720","source":"osm","waterway":"canal"}},{"type":"Feature","geometry":{"type":"LineString","coordinates":[[104.11219,30.67921],[104.11346,30.67698]]},"properties":{"id":"1381986721","source":"osm","waterway":"canal"}},{"type":"Feature","geometry":{"type":"LineString","coordinates":[[104.11346,30.67698],[104.1135,30.67693]]},"properties":{"id":"1381986722","source":"osm","waterway":"canal"}},{"type":"Feature","geometry":{"type":"LineString","coordinates":[[103.8338,30.61215],[103.83478,30.60453],[103.83648,30.60405]]},"properties":{"id":"1390949164","source":"osm","waterway":"canal"}},{"type":"Feature","geometry":{"type":"LineString","coordinates":[[103.82874,30.6194],[103.82955,30.61917]]},"properties":{"id":"1427122397","source":"osm","waterway":"canal"}},{"type":"Feature","geometry":{"type":"LineString","coordinates":[[103.82955,30.61917],[103.82978,30.61911]]},"properties":{"id":"1427122398","source":"osm","waterway":"canal"}},{"type":"Feature","geometry":{"type":"LineString","coordinates":[[104.15464,30.54282],[104.14945,30.54237]]},"properties":{"id":"1436380363","source":"osm","waterway":"canal"}},{"type":"Feature","geometry":{"type":"LineString","coordinates":[[104.14945,30.54237],[104.14933,30.54241]]},"properties":{"id":"1436380364","source":"osm","waterway":"canal"}},{"type":"Feature","geometry":{"type":"LineString","coordinates":[[103.91408,30.92204],[103.91448,30.91759],[103.91536,30.91686],[103.92871,30.91257],[103.93292,30.90947],[103.93443,30.90959]]},"properties":{"id":"143872733","source":"osm","waterway":"canal"}},{"type":"Feature","geometry":{"type":"LineString","coordinates":[[103.93261,30.60667],[103.93259,30.60635]]},"properties":{"id":"1442097548","source":"osm","waterway":"canal"}},{"type":"Feature","geometry":{"type":"LineString","coordinates":[[103.93262,30.60701],[103.93261,30.60667]]},"properties":{"id":"1442097549","source":"osm","waterway":"canal"}},{"type":"Feature","geometry":{"type":"LineString","coordinates":[[103.93264,30.60713],[103.93262,30.60701]]},"properties":{"id":"1442097550","source":"osm","waterway":"canal"}},{"type":"Feature","geometry":{"type":"LineString","coordinates":[[103.93306,30.61021],[103.93264,30.60713]]},"properties":{"id":"1442097551","source":"osm","waterway":"canal"}},{"type":"Feature","geometry":{"type":"LineString","coordinates":[[103.93303,30.6113],[103.93306,30.61021]]},"properties":{"id":"1442097552","source":"osm","waterway":"canal"}},{"type":"Feature","geometry":{"type":"LineString","coordinates":[[103.93303,30.61165],[103.93303,30.6113]]},"properties":{"id":"1442097553","source":"osm","waterway":"canal"}},{"type":"Feature","geometry":{"type":"LineString","coordinates":[[103.93302,30.61274],[103.93303,30.61165]]},"properties":{"id":"1442097554","source":"osm","waterway":"canal"}},{"type":"Feature","geometry":{"type":"LineString","coordinates":[[104.22896,30.4091],[104.22772,30.40905]]},"properties":{"id":"1453328305","source":"osm","waterway":"canal"}},{"type":"Feature","geometry":{"type":"LineString","coordinates":[[104.158,30.54357],[104.15714,30.54394],[104.15515,30.54308]]},"properties":{"id":"1480159954","source":"osm","waterway":"canal"}},{"type":"Feature","geometry":{"type":"LineString","coordinates":[[104.15515,30.54308],[104.15464,30.54282]]},"properties":{"id":"1480159955","source":"osm","waterway":"canal"}},{"type":"Feature","geometry":{"type":"LineString","coordinates":[[104.15418,30.7167],[104.1567,30.71398]]},"properties":{"id":"1498927368","source":"osm","waterway":"canal"}},{"type":"Feature","geometry":{"type":"LineString","coordinates":[[104.15402,30.71687],[104.15418,30.7167]]},"properties":{"id":"1498927369","source":"osm","waterway":"canal"}},{"type":"Feature","geometry":{"type":"LineString","coordinates":[[104.3072,30.93138],[104.30884,30.93028]]},"properties":{"id":"1501445711","source":"osm","waterway":"river"}},{"type":"Feature","geometry":{"type":"LineString","coordinates":[[104.30884,30.93028],[104.30919,30.93044]]},"properties":{"id":"1501445712","source":"osm","waterway":"river"}},{"type":"Feature","geometry":{"type":"LineString","coordinates":[[104.33021,30.92201],[104.33025,30.92119]]},"properties":{"id":"1501445717","source":"osm","waterway":"river"}},{"type":"Feature","geometry":{"type":"LineString","coordinates":[[104.33022,30.92254],[104.33021,30.92201]]},"properties":{"id":"1501445718","source":"osm","waterway":"river"}},{"type":"Feature","geometry":{"type":"LineString","coordinates":[[104.3437,30.90063],[104.34373,30.90121]]},"properties":{"id":"1503981771","source":"osm","waterway":"river"}},{"type":"Feature","geometry":{"type":"LineString","coordinates":[[104.34373,30.90121],[104.34371,30.90133]]},"properties":{"id":"1503981772","source":"osm","waterway":"river"}},{"type":"Feature","geometry":{"type":"LineString","coordinates":[[104.35344,30.90414],[104.35409,30.90438],[104.35348,30.9052],[104.35471,30.90723],[104.35794,30.90716],[104.36011,30.90622],[104.36038,30.90729],[104.36151,30.90776]]},"properties":{"id":"1503981773","source":"osm","waterway":"river"}},{"type":"Feature","geometry":{"type":"LineString","coordinates":[[104.35332,30.90413],[104.35344,30.90414]]},"properties":{"id":"1503981774","source":"osm","waterway":"river"}},{"type":"Feature","geometry":{"type":"LineString","coordinates":[[104.36159,30.90786],[104.36195,30.90872]]},"properties":{"id":"1503981775","source":"osm","waterway":"river"}},{"type":"Feature","geometry":{"type":"LineString","coordinates":[[104.36151,30.90776],[104.36159,30.90786]]},"properties":{"id":"1503981776","source":"osm","waterway":"river"}},{"type":"Feature","geometry":{"type":"LineString","coordinates":[[103.72071,30.83617],[103.72733,30.82719]]},"properties":{"id":"1528168285","source":"osm","waterway":"canal"}},{"type":"Feature","geometry":{"type":"LineString","coordinates":[[103.72064,30.83626],[103.72071,30.83617]]},"properties":{"id":"1528168288","source":"osm","waterway":"canal"}},{"type":"Feature","geometry":{"type":"LineString","coordinates":[[103.7206,30.8363],[103.72064,30.83626]]},"properties":{"id":"1528168289","source":"osm","waterway":"canal"}},{"type":"Feature","geometry":{"type":"LineString","coordinates":[[103.84936,30.93914],[103.8524,30.9369],[103.85729,30.93556],[103.86213,30.93632],[103.87151,30.93241],[103.87542,30.9325],[103.87738,30.93338]]},"properties":{"id":"1537903668","source":"osm","waterway":"canal"}},{"type":"Feature","geometry":{"type":"LineString","coordinates":[[104.32077,30.8725],[104.3245,30.86751]]},"properties":{"id":"1539762506","source":"osm","waterway":"canal"}},{"type":"Feature","geometry":{"type":"LineString","coordinates":[[103.81983,30.56158],[103.8269,30.56466]]},"properties":{"id":"1550283626","source":"osm","waterway":"canal"}},{"type":"Feature","geometry":{"type":"LineString","coordinates":[[103.8269,30.56466],[103.82698,30.56472]]},"properties":{"id":"1550283627","source":"osm","waterway":"canal"}},{"type":"Feature","geometry":{"type":"LineString","coordinates":[[104.32334,30.87347],[104.3254,30.87011]]},"properties":{"id":"1554524442","source":"osm","waterway":"canal"}},{"type":"Feature","geometry":{"type":"LineString","coordinates":[[104.26528,30.88903],[104.26446,30.88944]]},"properties":{"id":"1554524465","source":"osm","waterway":"canal"}},{"type":"Feature","geometry":{"type":"LineString","coordinates":[[104.26446,30.88944],[104.264,30.88965]]},"properties":{"id":"1554524466","source":"osm","waterway":"canal"}},{"type":"Feature","geometry":{"type":"LineString","coordinates":[[104.3256,30.87308],[104.32704,30.87264]]},"properties":{"id":"1557892983","source":"osm","waterway":"river"}},{"type":"Feature","geometry":{"type":"LineString","coordinates":[[103.72375,30.40268],[103.72545,30.40217],[103.72864,30.39897],[103.73234,30.39768]]},"properties":{"id":"1559279433","source":"osm","waterway":"canal"}},{"type":"Feature","geometry":{"type":"LineString","coordinates":[[103.71101,30.42154],[103.71172,30.42037],[103.71128,30.41957],[103.71279,30.41931],[103.71166,30.41815],[103.71289,30.41631],[103.7136,30.41195],[103.716,30.40795],[103.71597,30.40622],[103.7207,30.40512],[103.72369,30.40276]]},"properties":{"id":"1559279434","source":"osm","waterway":"canal"}},{"type":"Feature","geometry":{"type":"LineString","coordinates":[[103.72369,30.40276],[103.72375,30.40268]]},"properties":{"id":"1559279435","source":"osm","waterway":"canal"}},{"type":"Feature","geometry":{"type":"LineString","coordinates":[[103.70254,30.46055],[103.70478,30.45995]]},"properties":{"id":"1559279454","source":"osm","waterway":"canal"}},{"type":"Feature","geometry":{"type":"LineString","coordinates":[[103.70478,30.45995],[103.70491,30.45994]]},"properties":{"id":"1559279455","source":"osm","waterway":"canal"}},{"type":"Feature","geometry":{"type":"LineString","coordinates":[[103.70491,30.45994],[103.7071,30.4606],[103.70862,30.45827],[103.7114,30.45837],[103.7101,30.45622],[103.71015,30.45434],[103.71055,30.45363],[103.71272,30.45343]]},"properties":{"id":"1559279460","source":"osm","waterway":"canal"}},{"type":"Feature","geometry":{"type":"LineString","coordinates":[[103.71272,30.45343],[103.7134,30.45342]]},"properties":{"id":"1559279461","source":"osm","waterway":"canal"}},{"type":"Feature","geometry":{"type":"LineString","coordinates":[[103.7134,30.45342],[103.71478,30.45351]]},"properties":{"id":"1559279462","source":"osm","waterway":"canal"}},{"type":"Feature","geometry":{"type":"LineString","coordinates":[[103.71478,30.45351],[103.71541,30.45331]]},"properties":{"id":"1559279463","source":"osm","waterway":"canal"}},{"type":"Feature","geometry":{"type":"LineString","coordinates":[[103.71541,30.45331],[103.71487,30.45229],[103.71553,30.45211]]},"properties":{"id":"1559279464","source":"osm","waterway":"canal"}},{"type":"Feature","geometry":{"type":"LineString","coordinates":[[103.71553,30.45211],[103.71583,30.45196]]},"properties":{"id":"1559279465","source":"osm","waterway":"canal"}},{"type":"Feature","geometry":{"type":"LineString","coordinates":[[103.71583,30.45196],[103.71691,30.45215]]},"properties":{"id":"1559279466","source":"osm","waterway":"canal"}},{"type":"Feature","geometry":{"type":"LineString","coordinates":[[103.71691,30.45215],[103.71712,30.45136]]},"properties":{"id":"1559279467","source":"osm","waterway":"canal"}},{"type":"Feature","geometry":{"type":"LineString","coordinates":[[103.71805,30.43179],[103.71867,30.42916],[103.72518,30.42466]]},"properties":{"id":"1559279470","source":"osm","waterway":"canal"}},{"type":"Feature","geometry":{"type":"LineString","coordinates":[[103.71797,30.43214],[103.71805,30.43179]]},"properties":{"id":"1559279471","source":"osm","waterway":"canal"}},{"type":"Feature","geometry":{"type":"LineString","coordinates":[[103.72528,30.42459],[103.72828,30.42254]]},"properties":{"id":"1559279472","source":"osm","waterway":"canal"}},{"type":"Feature","geometry":{"type":"LineString","coordinates":[[103.72518,30.42466],[103.72528,30.42459]]},"properties":{"id":"1559279473","source":"osm","waterway":"canal"}},{"type":"Feature","geometry":{"type":"LineString","coordinates":[[103.72877,30.42221],[103.73086,30.42079]]},"properties":{"id":"1559279474","source":"osm","waterway":"canal"}},{"type":"Feature","geometry":{"type":"LineString","coordinates":[[103.72871,30.42225],[103.72877,30.42221]]},"properties":{"id":"1559279475","source":"osm","waterway":"canal"}},{"type":"Feature","geometry":{"type":"LineString","coordinates":[[103.72834,30.4225],[103.72871,30.42225]]},"properties":{"id":"1559279476","source":"osm","waterway":"canal"}},{"type":"Feature","geometry":{"type":"LineString","coordinates":[[103.72828,30.42254],[103.72834,30.4225]]},"properties":{"id":"1559279477","source":"osm","waterway":"canal"}},{"type":"Feature","geometry":{"type":"LineString","coordinates":[[103.89145,30.51245],[103.89277,30.51035],[103.89253,30.50843],[103.8918,30.50701],[103.88841,30.50584],[103.88654,30.49865]]},"properties":{"id":"157818868","source":"osm","waterway":"river"}},{"type":"Feature","geometry":{"type":"LineString","coordinates":[[103.89774,30.56147],[103.89734,30.55742],[103.90121,30.55335],[103.90422,30.55197],[103.90493,30.54864],[103.90387,30.53801],[103.89796,30.53508],[103.89771,30.53264],[103.89448,30.53126]]},"properties":{"id":"157818891","source":"osm","waterway":"river"}},{"type":"Feature","geometry":{"type":"LineString","coordinates":[[103.44027,30.41152],[103.44203,30.40601],[103.44834,30.40024],[103.45509,30.39605],[103.45666,30.39365],[103.46471,30.38971],[103.47399,30.38824],[103.47622,30.38711],[103.48087,30.38263],[103.48322,30.38181],[103.4958,30.38388],[103.51082,30.39061],[103.51681,30.38855],[103.52095,30.38231],[103.52332,30.38137],[103.527,30.38128],[103.53047,30.38231],[103.53927,30.38148],[103.54849,30.38249],[103.5524,30.38087],[103.56494,30.37914],[103.57301,30.37669],[103.57757,30.37682],[103.58552,30.37929],[103.59798,30.37718],[103.60677,30.37973],[103.61232,30.38017],[103.61521,30.37929],[103.62017,30.37593],[103.62301,30.37149],[103.62709,30.36927],[103.62966,30.36904],[103.63356,30.36996],[103.63604,30.37249],[103.63808,30.37807],[103.64189,30.37998],[103.64428,30.37998],[103.64907,30.37677],[103.64969,30.37425],[103.64781,30.36953],[103.64827,30.36644],[103.64987,30.36484],[103.65201,30.36442],[103.65588,30.361],[103.65675,30.35963],[103.65791,30.35301],[103.65953,30.35157],[103.66815,30.34751],[103.66985,30.34546],[103.67222,30.34113],[103.67249,30.33488],[103.67535,30.32881],[103.67812,30.32667],[103.68057,30.32656],[103.682,30.32751],[103.68608,30.33636],[103.68807,30.3379],[103.69056,30.33764],[103.69314,30.33481],[103.69478,30.33116],[103.69934,30.32856],[103.70786,30.32794],[103.71366,30.32909],[103.71612,30.33095],[103.7197,30.33713],[103.72308,30.33824],[103.72726,30.3373],[103.73253,30.33833],[103.73482,30.34082],[103.73688,30.34557],[103.74168,30.34872],[103.74794,30.35043],[103.75481,30.35541],[103.76575,30.36914],[103.77231,30.37506],[103.78702,30.38352],[103.78892,30.38785],[103.78951,30.39956],[103.79234,30.40805],[103.79478,30.41224],[103.79614,30.41319],[103.79923,30.41401],[103.80853,30.40997],[103.82207,30.40945],[103.82755,30.407]]},"properties":{"id":"157818909","source":"osm","waterway":"river"}},{"type":"Feature","geometry":{"type":"LineString","coordinates":[[104.36379,30.39875],[104.36505,30.40133],[104.367,30.39987],[104.3682,30.40175],[104.36816,30.40389],[104.37292,30.40201],[104.37344,30.40043],[104.37764,30.39761],[104.37851,30.39886],[104.37791,30.40053],[104.37523,30.40331],[104.37876,30.40391],[104.38077,30.40158],[104.38187,30.39787],[104.38284,30.39739],[104.38382,30.39825],[104.38498,30.39664],[104.38877,30.39523],[104.39091,30.39773],[104.3916,30.40041],[104.39118,30.40217]]},"properties":{"id":"157889222","source":"osm","waterway":"river"}},{"type":"Feature","geometry":{"type":"LineString","coordinates":[[104.39118,30.40217],[104.39578,30.40179],[104.39441,30.40478],[104.3977,30.40638],[104.40031,30.40645],[104.4012,30.40515],[104.39912,30.40331],[104.39936,30.40141],[104.40297,30.40083],[104.40696,30.3982],[104.4079,30.39814],[104.41021,30.40045],[104.41255,30.40043],[104.413,30.39966],[104.41219,30.39738],[104.40923,30.3928],[104.41325,30.39309],[104.41415,30.39253],[104.4151,30.38769],[104.41733,30.38606],[104.41848,30.38598],[104.42068,30.38774],[104.42139,30.38719],[104.41844,30.38286],[104.42004,30.37978],[104.4268,30.37857],[104.42752,30.37911],[104.42784,30.382],[104.43064,30.38148],[104.43305,30.38312],[104.43408,30.38304],[104.43393,30.37961],[104.43452,30.37905],[104.43768,30.37992]]},"properties":{"id":"157889227","source":"osm","waterway":"river"}},{"type":"Feature","geometry":{"type":"LineString","coordinates":[[104.18679,30.56216],[104.1863,30.56179]]},"properties":{"id":"170305794","source":"osm","waterway":"canal"}},{"type":"Feature","geometry":{"type":"LineString","coordinates":[[104.20303,30.56021],[104.20223,30.56066]]},"properties":{"id":"170305801","source":"osm","waterway":"canal"}},{"type":"Feature","geometry":{"type":"LineString","coordinates":[[104.22255,30.5373],[104.21879,30.53373]]},"properties":{"id":"181531150","source":"osm","waterway":"canal"}},{"type":"Feature","geometry":{"type":"LineString","coordinates":[[104.21879,30.53373],[104.21823,30.53335]]},"properties":{"id":"181531161","source":"osm","waterway":"canal"}},{"type":"Feature","geometry":{"type":"LineString","coordinates":[[104.14993,30.72551],[104.15247,30.72534],[104.15402,30.71687]]},"properties":{"id":"210295475","source":"osm","waterway":"canal"}},{"type":"Feature","geometry":{"type":"LineString","coordinates":[[104.14933,30.54241],[104.14751,30.54334],[104.14781,30.54472],[104.14687,30.54691],[104.14526,30.54848],[104.13398,30.55103],[104.13163,30.54883],[104.1289,30.54988],[104.12217,30.54977],[104.12045,30.55094]]},"properties":{"id":"221341943","source":"osm","waterway":"canal"}},{"type":"Feature","geometry":{"type":"LineString","coordinates":[[103.99653,30.8857],[104.00189,30.87413]]},"properties":{"id":"225090772","source":"osm","waterway":"canal"}},{"type":"Feature","geometry":{"type":"LineString","coordinates":[[104.00494,30.8293],[104.00455,30.84427]]},"properties":{"id":"225090775","source":"osm","waterway":"canal"}},{"type":"Feature","geometry":{"type":"LineString","coordinates":[[103.81631,30.75665],[103.81862,30.75054]]},"properties":{"id":"225100267","source":"osm","waterway":"canal"}},{"type":"Feature","geometry":{"type":"LineString","coordinates":[[103.85403,30.61514],[103.84101,30.61595]]},"properties":{"id":"226217737","source":"osm","waterway":"canal"}},{"type":"Feature","geometry":{"type":"LineString","coordinates":[[103.85148,30.61511],[103.85711,30.60571],[103.86095,30.60397],[103.86143,30.60268],[103.86066,30.60152]]},"properties":{"id":"226217741","source":"osm","waterway":"canal"}},{"type":"Feature","geometry":{"type":"LineString","coordinates":[[103.82698,30.56472],[103.83384,30.57097]]},"properties":{"id":"226217745","source":"osm","waterway":"canal"}},{"type":"Feature","geometry":{"type":"LineString","coordinates":[[103.86858,30.54694],[103.86993,30.54593]]},"properties":{"id":"226234663","source":"osm","waterway":"canal"}},{"type":"Feature","geometry":{"type":"LineString","coordinates":[[103.78995,30.82972],[103.79395,30.84018]]},"properties":{"id":"227134814","source":"osm","waterway":"canal"}},{"type":"Feature","geometry":{"type":"LineString","coordinates":[[104.28483,30.59019],[104.28703,30.59075]]},"properties":{"id":"227328656","source":"osm","waterway":"canal"}},{"type":"Feature","geometry":{"type":"LineString","coordinates":[[104.15452,30.73209],[104.15493,30.72958]]},"properties":{"id":"227487441","source":"osm","waterway":"canal"}},{"type":"Feature","geometry":{"type":"LineString","coordinates":[[104.15032,30.73159],[104.15189,30.72739]]},"properties":{"id":"227487443","source":"osm","waterway":"canal"}},{"type":"Feature","geometry":{"type":"LineString","coordinates":[[104.14627,30.72894],[104.147,30.72806]]},"properties":{"id":"227487447","source":"osm","waterway":"canal"}},{"type":"Feature","geometry":{"type":"LineString","coordinates":[[103.99499,30.56458],[103.99727,30.56343],[103.9974,30.56237],[103.99566,30.56174]]},"properties":{"id":"243272785","source":"osm","waterway":"canal"}},{"type":"Feature","geometry":{"type":"LineString","coordinates":[[104.06943,30.92124],[104.07327,30.92334],[104.10476,30.91585]]},"properties":{"id":"329132880","source":"osm","waterway":"canal"}},{"type":"Feature","geometry":{"type":"LineString","coordinates":[[103.77436,30.4272],[103.77584,30.42287],[103.77443,30.4219],[103.77388,30.42039],[103.77537,30.41979],[103.77666,30.41703],[103.77745,30.41774],[103.78168,30.41632],[103.77941,30.41413],[103.7816,30.41364],[103.78334,30.41424],[103.78528,30.41317],[103.78612,30.41678],[103.79028,30.4174],[103.79211,30.41673],[103.79583,30.4172],[103.79808,30.41585],[103.79923,30.41401]]},"properties":{"id":"375503853","source":"osm","waterway":"river"}},{"type":"Feature","geometry":{"type":"LineString","coordinates":[[103.80387,30.45093],[103.80609,30.44823],[103.81308,30.44476],[103.8156,30.44198]]},"properties":{"id":"482005277","source":"osm","waterway":"river"}},{"type":"Feature","geometry":{"type":"LineString","coordinates":[[103.80571,30.44896],[103.81184,30.44811]]},"properties":{"id":"482005278","source":"osm","waterway":"river"}},{"type":"Feature","geometry":{"type":"LineString","coordinates":[[103.8156,30.44198],[103.81983,30.43841]]},"properties":{"id":"482005279","source":"osm","waterway":"river"}},{"type":"Feature","geometry":{"type":"LineString","coordinates":[[103.82029,30.42593],[103.82037,30.42045],[103.82298,30.41633],[103.82065,30.41351],[103.82053,30.40965]]},"properties":{"id":"482005280","source":"osm","waterway":"river"}},{"type":"Feature","geometry":{"type":"LineString","coordinates":[[103.81399,30.44703],[103.81577,30.44695],[103.8176,30.44536],[103.81983,30.43841]]},"properties":{"id":"482012121","source":"osm","waterway":"river"}},{"type":"Feature","geometry":{"type":"LineString","coordinates":[[104.264,30.88965],[104.25989,30.88991]]},"properties":{"id":"486989157","source":"osm","waterway":"canal"}},{"type":"Feature","geometry":{"type":"LineString","coordinates":[[103.99879,30.55721],[103.99718,30.55593]]},"properties":{"id":"487495767","source":"osm","waterway":"canal"}},{"type":"Feature","geometry":{"type":"LineString","coordinates":[[103.99912,30.55741],[103.99879,30.55721]]},"properties":{"id":"487495768","source":"osm","waterway":"canal"}},{"type":"Feature","geometry":{"type":"LineString","coordinates":[[103.72389,30.84403],[103.72523,30.84043],[103.73128,30.83785],[103.73703,30.83722]]},"properties":{"id":"495362107","source":"osm","waterway":"canal"}},{"type":"Feature","geometry":{"type":"LineString","coordinates":[[103.7489,30.83301],[103.75371,30.83061],[103.75623,30.82817],[103.75848,30.82291],[103.75768,30.82077]]},"properties":{"id":"495362645","source":"osm","waterway":"canal"}},{"type":"Feature","geometry":{"type":"LineString","coordinates":[[104.15027,30.78846],[104.15182,30.79198],[104.15388,30.79212],[104.15597,30.79017],[104.16066,30.78809],[104.161,30.78518],[104.16433,30.78407],[104.16643,30.78803]]},"properties":{"id":"532741166","source":"osm","waterway":"river"}},{"type":"Feature","geometry":{"type":"LineString","coordinates":[[104.23101,30.79917],[104.23206,30.80233],[104.2349,30.80509]]},"properties":{"id":"532957135","source":"osm","waterway":"river"}},{"type":"Feature","geometry":{"type":"LineString","coordinates":[[103.98512,30.76168],[103.98552,30.7615]]},"properties":{"id":"536259136","source":"osm","waterway":"river"}},{"type":"Feature","geometry":{"type":"LineString","coordinates":[[103.87525,30.50462],[103.878,30.5026],[103.8812,30.50206],[103.88246,30.50098],[103.88021,30.49932],[103.8813,30.49653]]},"properties":{"id":"542910945","source":"osm","waterway":"river"}},{"type":"Feature","geometry":{"type":"LineString","coordinates":[[103.95741,30.82946],[103.96293,30.83113],[103.96762,30.82965],[103.96867,30.83016]]},"properties":{"id":"620904144","source":"osm","waterway":"canal"}},{"type":"Feature","geometry":{"type":"LineString","coordinates":[[104.23934,30.80825],[104.24522,30.80987],[104.24787,30.80992],[104.25005,30.80872],[104.25281,30.81163],[104.25413,30.81204]]},"properties":{"id":"642181930","source":"osm","waterway":"river"}},{"type":"Feature","geometry":{"type":"LineString","coordinates":[[104.25413,30.81204],[104.25549,30.81252]]},"properties":{"id":"656698278","source":"osm","waterway":"river"}},{"type":"Feature","geometry":{"type":"LineString","coordinates":[[104.25549,30.81252],[104.26479,30.811]]},"properties":{"id":"656698279","source":"osm","waterway":"river"}},{"type":"Feature","geometry":{"type":"LineString","coordinates":[[104.10349,30.54932],[104.1014,30.54919],[104.09582,30.54555],[104.08954,30.5467],[104.07891,30.54074]]},"properties":{"id":"673879375","source":"osm","waterway":"river"}},{"type":"Feature","geometry":{"type":"LineString","coordinates":[[103.8813,30.49653],[103.88185,30.49629]]},"properties":{"id":"675078840","source":"osm","waterway":"river"}},{"type":"Feature","geometry":{"type":"LineString","coordinates":[[103.88185,30.49629],[103.88654,30.49865]]},"properties":{"id":"675078841","source":"osm","waterway":"river"}},{"type":"Feature","geometry":{"type":"LineString","coordinates":[[104.08027,30.56078],[104.08287,30.55873],[104.08154,30.55491]]},"properties":{"id":"678099904","source":"osm","waterway":"river"}},{"type":"Feature","geometry":{"type":"LineString","coordinates":[[104.147,30.72806],[104.14764,30.72811]]},"properties":{"id":"764889270","source":"osm","waterway":"canal"}},{"type":"Feature","geometry":{"type":"LineString","coordinates":[[104.14764,30.72811],[104.15,30.72849]]},"properties":{"id":"764889271","source":"osm","waterway":"canal"}},{"type":"Feature","geometry":{"type":"LineString","coordinates":[[104.15493,30.72958],[104.15511,30.72906]]},"properties":{"id":"765284725","source":"osm","waterway":"canal"}},{"type":"Feature","geometry":{"type":"LineString","coordinates":[[104.15511,30.72906],[104.15249,30.72683]]},"properties":{"id":"765284726","source":"osm","waterway":"canal"}},{"type":"Feature","geometry":{"type":"LineString","coordinates":[[104.15223,30.72709],[104.15324,30.72585],[104.15247,30.72534]]},"properties":{"id":"765284727","source":"osm","waterway":"canal"}},{"type":"Feature","geometry":{"type":"LineString","coordinates":[[104.15189,30.72739],[104.15223,30.72709]]},"properties":{"id":"765284728","source":"osm","waterway":"canal"}},{"type":"Feature","geometry":{"type":"LineString","coordinates":[[103.81158,30.95767],[103.82065,30.95529],[103.83025,30.9483],[103.83367,30.9472]]},"properties":{"id":"773087019","source":"osm","waterway":"canal"}},{"type":"Feature","geometry":{"type":"LineString","coordinates":[[103.82978,30.61911],[103.83081,30.61882]]},"properties":{"id":"793089655","source":"osm","waterway":"canal"}},{"type":"Feature","geometry":{"type":"LineString","coordinates":[[103.83081,30.61882],[103.84101,30.61595]]},"properties":{"id":"793089656","source":"osm","waterway":"canal"}},{"type":"Feature","geometry":{"type":"LineString","coordinates":[[103.71712,30.45136],[103.71778,30.44983],[103.71597,30.44869],[103.71541,30.44672],[103.71685,30.44575],[103.71913,30.44625],[103.72095,30.44342],[103.71946,30.44226],[103.71823,30.44327],[103.71699,30.44306],[103.71423,30.44012]]},"properties":{"id":"793473890","source":"osm","waterway":"canal"}},{"type":"Feature","geometry":{"type":"LineString","coordinates":[[103.71162,30.46985],[103.69399,30.44443]]},"properties":{"id":"793473967","source":"osm","waterway":"canal"}},{"type":"Feature","geometry":{"type":"LineString","coordinates":[[103.69803,30.43015],[103.70421,30.43124],[103.70358,30.42946],[103.70552,30.42572],[103.70699,30.42614],[103.70821,30.42573],[103.70868,30.42462],[103.71078,30.42463],[103.70985,30.42335],[103.71234,30.41982],[103.71613,30.41821],[103.71662,30.41687],[103.71784,30.41684],[103.7187,30.41539],[103.72138,30.41419],[103.72232,30.41259],[103.7216,30.41184],[103.7228,30.41032],[103.72282,30.40863],[103.72558,30.40864],[103.72536,30.40745],[103.72718,30.40649],[103.72739,30.40161],[103.72862,30.40077]]},"properties":{"id":"793473968","source":"osm","waterway":"river"}},{"type":"Feature","geometry":{"type":"LineString","coordinates":[[104.15725,30.71339],[104.15771,30.71273]]},"properties":{"id":"796360436","source":"osm","waterway":"canal"}},{"type":"Feature","geometry":{"type":"LineString","coordinates":[[104.1567,30.71398],[104.15725,30.71339]]},"properties":{"id":"796360437","source":"osm","waterway":"canal"}},{"type":"Feature","geometry":{"type":"LineString","coordinates":[[103.94361,30.92442],[103.94663,30.92426],[103.95294,30.92188],[103.96108,30.91588],[103.96392,30.91506]]},"properties":{"id":"806825517","source":"osm","waterway":"canal"}},{"type":"Feature","geometry":{"type":"LineString","coordinates":[[104.38232,30.41773],[104.38322,30.41682],[104.38225,30.41524],[104.38266,30.41405],[104.38684,30.41445],[104.38749,30.41259],[104.38593,30.41131],[104.38216,30.41097],[104.38128,30.40889],[104.38824,30.40419],[104.38896,30.40278],[104.39118,30.40217]]},"properties":{"id":"809181287","source":"osm","waterway":"river"}},{"type":"Feature","geometry":{"type":"LineString","coordinates":[[104.30919,30.93044],[104.31232,30.93005],[104.31534,30.92814],[104.31995,30.92864],[104.32198,30.92811],[104.32362,30.92588],[104.32905,30.92479],[104.33022,30.92254]]},"properties":{"id":"813937549","source":"osm","waterway":"river"}},{"type":"Feature","geometry":{"type":"LineString","coordinates":[[104.18557,30.69989],[104.18565,30.69888],[104.18745,30.69856],[104.18898,30.69693],[104.189,30.69587]]},"properties":{"id":"844731901","source":"osm","waterway":"canal"}},{"type":"Feature","geometry":{"type":"LineString","coordinates":[[104.1135,30.67693],[104.11503,30.67421]]},"properties":{"id":"854455139","source":"osm","waterway":"canal"}},{"type":"Feature","geometry":{"type":"LineString","coordinates":[[104.17638,30.71168],[104.1795,30.71145]]},"properties":{"id":"870801198","source":"osm","waterway":"canal"}},{"type":"Feature","geometry":{"type":"LineString","coordinates":[[104.1795,30.71145],[104.17948,30.71073]]},"properties":{"id":"870801199","source":"osm","waterway":"canal"}},{"type":"Feature","geometry":{"type":"LineString","coordinates":[[104.17646,30.71446],[104.17637,30.71198]]},"properties":{"id":"870801222","source":"osm","waterway":"canal"}},{"type":"Feature","geometry":{"type":"LineString","coordinates":[[104.17637,30.71198],[104.17638,30.71168]]},"properties":{"id":"870801223","source":"osm","waterway":"canal"}},{"type":"Feature","geometry":{"type":"LineString","coordinates":[[104.16666,30.78805],[104.16761,30.7878]]},"properties":{"id":"891853059","source":"osm","waterway":"river"}},{"type":"Feature","geometry":{"type":"LineString","coordinates":[[104.16643,30.78803],[104.16666,30.78805]]},"properties":{"id":"891853060","source":"osm","waterway":"river"}},{"type":"Feature","geometry":{"type":"LineString","coordinates":[[103.85142,30.65364],[103.85708,30.64554],[103.85601,30.6308],[103.86288,30.606]]},"properties":{"id":"898476237","source":"osm","waterway":"river"}},{"type":"Feature","geometry":{"type":"LineString","coordinates":[[103.86288,30.606],[103.86323,30.60478]]},"properties":{"id":"898476238","source":"osm","waterway":"river"}},{"type":"Feature","geometry":{"type":"LineString","coordinates":[[103.89434,30.53102],[103.89241,30.52821],[103.89259,30.52703],[103.89403,30.52553],[103.89666,30.5247],[103.89687,30.52358],[103.89559,30.52213],[103.89415,30.51677],[103.89145,30.51245]]},"properties":{"id":"915502468","source":"osm","waterway":"river"}},{"type":"Feature","geometry":{"type":"LineString","coordinates":[[103.89448,30.53126],[103.89434,30.53102]]},"properties":{"id":"915502469","source":"osm","waterway":"river"}},{"type":"Feature","geometry":{"type":"LineString","coordinates":[[104.21823,30.53335],[104.20567,30.52503]]},"properties":{"id":"923128093","source":"osm","waterway":"canal"}},{"type":"Feature","geometry":{"type":"LineString","coordinates":[[104.20567,30.52503],[104.20531,30.52478]]},"properties":{"id":"923128094","source":"osm","waterway":"canal"}},{"type":"Feature","geometry":{"type":"LineString","coordinates":[[104.1502,30.72851],[104.15137,30.72866]]},"properties":{"id":"941885698","source":"osm","waterway":"canal"}},{"type":"Feature","geometry":{"type":"LineString","coordinates":[[104.15,30.72849],[104.1502,30.72851]]},"properties":{"id":"941885699","source":"osm","waterway":"canal"}},{"type":"Feature","geometry":{"type":"LineString","coordinates":[[103.78608,30.39916],[103.78503,30.40089],[103.78377,30.40688],[103.78504,30.41318]]},"properties":{"id":"966958563","source":"osm","waterway":"river"}},{"type":"Feature","geometry":{"type":"LineString","coordinates":[[103.82029,30.70503],[103.82084,30.70093],[103.83818,30.67433]]},"properties":{"id":"987943141","source":"osm","waterway":"river"}},{"type":"Feature","geometry":{"type":"LineString","coordinates":[[103.83828,30.67417],[103.84162,30.66892]]},"properties":{"id":"987943157","source":"osm","waterway":"river"}},{"type":"Feature","geometry":{"type":"LineString","coordinates":[[103.83818,30.67433],[103.83828,30.67417]]},"properties":{"id":"987943162","source":"osm","waterway":"river"}}]}